id,uuid,observed_on_string,observed_on,time_observed_at,time_zone,created_at,updated_at,quality_grade,tag_list,num_identification_agreements,num_identification_disagreements,captive_cultivated,place_guess,latitude,longitude,positional_accuracy,private_latitude,private_longitude,public_positional_accuracy,taxon_geoprivacy,coordinates_obscured,positioning_method,positioning_device,species_guess,scientific_name,common_name,iconic_taxon_name,taxon_id
946168,4912673f-1177-44b8-a3b0-10ad75cd0103,"September 15, 2002 11:14",2002-09-15,2002-09-14 23:14:00 UTC,Auckland,2012-10-27 07:45:12 UTC,2024-08-23 12:20:32 UTC,casual,"street tree, urban roadside, city",2,0,true,"University of Auckland, Symond Street, Auckland, Auckland, New Zealand",-36.851111,174.771427,,,,,,false,,,London Plane,Platanus × hispanica,London Plane,Plantae,552449
958184,9176f80a-3d06-4bdd-9028-e4ab0b05ddb0,2013-04-04,2013-04-04,,Auckland,2013-04-04 04:55:33 UTC,2017-06-02 16:00:35 UTC,casual,Schinus molle individual ST1,1,0,true,"Albert Park, Auckland City",-36.8494785009,174.7686772048,4,,,4,,false,,,Chilean Pepper Tree,Schinus molle,Peruvian Pepper Tree,Plantae,57354
974903,e35916cc-462c-4d70-803a-6d9ea65dc7ce,Mon Sep 30 2013 14:41:16 GMT+1300 (NZDT),2013-09-30,2013-09-30 01:41:16 UTC,Wellington,2013-10-26 10:38:20 UTC,2024-11-09 05:35:45 UTC,casual,"auckland, white, flowering, exotic, tree, eucalyptus, Gum",3,0,true,"University of Auckland, Auckland Central, Auckland, NZ",-36.8496666667,174.7695,,,,,open,false,,,Leptospermeae,Leptospermeae,,Plantae,474119
976408,53f1c8ef-2f40-42be-897a-42eafc1bae70,2013-11-13,2013-11-13,,Auckland,2013-11-12 20:17:18 UTC,2017-06-24 23:28:40 UTC,casual,"",0,0,true,"Clock Tower, Auckland",-36.8505059715,174.7697648406,6,,,6,,false,,,Justicia,Justicia,,Plantae,50152
978677,578a1faa-c5cc-40d8-9509-7b53bc2c27fa,2013-11-29,2013-11-29,,Auckland,2013-12-06 20:37:28 UTC,2024-11-08 19:42:08 UTC,casual,urban,1,0,true,"Whitaker Place, Auckland",-36.8561354916,174.7670467123,5,,,5,,false,,,rhododendrons and azaleas,Rhododendron,rhododendrons and azaleas,Plantae,49487
1009486,ab97dfd5-ae0a-48ea-8a31-2344fa3b4a19,2014-07-20,2014-07-20,,Auckland,2014-07-20 03:41:59 UTC,2023-12-18 17:01:44 UTC,casual,July flowers,0,0,true,"Albert Park, Auckland Central",-36.8497896271,174.7687965631,5,,,5,,false,,,Begonia fuchsioides,Begonia foliosa,Fern-leaved Begonia,Plantae,159205
1010182,54b8b688-9cbf-49c4-8a1a-4dac97855f99,2014-07-28,2014-07-28,,Auckland,2014-07-28 21:30:00 UTC,2017-06-24 22:57:54 UTC,casual,"",1,0,true,University of Auckland City Campus,-36.8490398867,174.7702717781,7,,,7,,false,,,Stenocarpus sinuatus,Stenocarpus sinuatus,Firewheel tree,Plantae,83360
1010354,09d6b634-bfbf-42eb-a652-eea091260c4e,2014-07-30,2014-07-30,,Auckland,2014-07-30 21:04:26 UTC,2017-06-24 22:57:55 UTC,casual,July flowers,1,0,true,University of Auckland City Campus,-36.8490398867,174.7702717781,7,,,7,,false,,,Stenocarpus sinuatus,Stenocarpus sinuatus,Firewheel tree,Plantae,83360
1011449,191184c7-951b-45a1-9528-7d5bb9430325,2014-08-04,2014-08-04,,Auckland,2014-08-04 21:21:34 UTC,2017-06-24 22:59:14 UTC,casual,"",0,0,true,Auckland Central,-36.8510462607,174.7702261806,2,,,2,,false,,,Grevillea,Grevillea,Grevilleas,Plantae,64515
1012988,f7ac87c9-e605-4b2b-8fad-26d23118138a,2014-08-20,2014-08-20,,Auckland,2014-08-20 22:40:52 UTC,2017-06-24 22:59:18 UTC,casual,August flowers,0,0,true,"Auckland, NZ",-36.8512458328,174.7697876394,1,,,1,,false,,,Grevilleas,Grevillea,Grevilleas,Plantae,64515
1034031,02676bc7-d920-4809-bedf-c5900c9b7a90,2014-09-29,2014-09-29,,Auckland,2014-10-16 05:12:56 UTC,2021-12-07 09:55:13 UTC,casual,"Pteridophyta, ferns",2,0,true,University of Auckland,-36.850498404,174.7691233933,,,,,,false,,,Rough Tree Fern (Dicksonia squarrosa),Dicksonia squarrosa,whekī,Plantae,125927
1172505,c2033954-7639-4cf8-bfcd-e81f6de89a6e,2015-01-11,2015-01-11,,Auckland,2015-01-11 20:24:51 UTC,2017-10-11 21:05:08 UTC,casual,January flowers,0,0,true,Auckland Central,-36.849829,174.768798,1,,,1,,false,,,Sierra Madre lobelia,Lobelia laxiflora,Sierra Madre lobelia,Plantae,148354
1179712,b06920eb-bc3e-4484-80d1-961b30df7220,2015-01-17,2015-01-17,,Auckland,2015-01-17 00:13:24 UTC,2024-09-16 04:10:54 UTC,casual,"",2,0,true,"13 Eden Crescent, Auckland Central",-36.848517,174.771343,11,,,11,open,false,,,Agathis robusta,Agathis robusta,Queensland kauri,Plantae,135362
1199158,2c2c8b4e-5df4-4e1a-aab7-9baefd12c913,2015-01-28,2015-01-28,,Auckland,2015-01-28 20:13:17 UTC,2019-06-11 08:27:12 UTC,casual,January flowers,1,0,true,Auckland Central,-36.848898,174.77009,2,,,2,,false,,,Water Gum,Tristaniopsis laurina,Water Gum,Plantae,135366
1262634,3b144785-02ba-4673-85b5-b2699df8389c,2015-03-01,2015-03-01,,Auckland,2015-02-28 20:52:13 UTC,2024-07-01 15:01:14 UTC,casual,"Allocasuarina torulosa individual ST2, March flowers",0,0,true,"17 Eden Crescent, Auckland Central",-36.848325,174.772098,4,,,4,,false,,,Allocasuarina torulosa,Allocasuarina torulosa,Forest sheoak,Plantae,334814
1285507,022600ef-f843-4569-9c59-289644372181,2015-03-10,2015-03-10,,Auckland,2015-03-10 21:18:09 UTC,2016-03-01 03:41:41 UTC,casual,"",0,0,true,"10-12 Symonds Street, Auckland Central",-36.851453,174.771489,5,,,5,,false,,,Acacia podalyriifolia,Acacia podalyriifolia,Queensland silver wattle,Plantae,75252
1287883,74421bee-b945-4fab-8d1f-7e51b2ad9f35,2015-03-12,2015-03-12,,Auckland,2015-03-12 04:44:34 UTC,2021-01-05 09:31:30 UTC,casual,March flowers,0,0,true,"10-12 Symonds Street, Auckland Central",-36.851367,174.771624,2,,,2,,false,,,Philotheca myoporoides,Philotheca myoporoides,Long-leaf wax flower,Plantae,411273
1289324,8e83f5b6-1adb-41b7-97fb-882d6f82dd77,2015-03-13,2015-03-13,,Auckland,2015-03-13 02:07:32 UTC,2016-03-01 03:41:48 UTC,casual,March flowers,0,0,true,"10-12 Symonds Street, Auckland Central",-36.851349,174.771651,2,,,2,,false,,,Grevillea,Grevillea,Grevilleas,Plantae,64515
1348118,84aed407-dda9-4ee0-a0b5-ec763d6ad1ac,2005-11-29,2005-11-29,,Auckland,2015-03-29 21:53:45 UTC,2021-06-14 04:51:43 UTC,research,"",0,0,false,"Auckland, Symmonds Street, University of Auckland Campus, near Thomas Building",-36.850654,174.770797,60,,,60,,false,,,Toothed Brake,Pteris dentata flabellata,,Plantae,413097
1435891,40ed164c-fca2-44aa-8929-e41ab715645d,2006-11-19,2006-11-19,,Auckland,2015-04-29 03:07:45 UTC,2016-03-26 00:28:05 UTC,casual,"",0,0,true,"Auckland, Symmonds Street, University of Auckland Campus, near Thomas Building",-36.849615,174.771406,40,,,40,,false,,,Geniostoma ligustrifolium var. majus,Geniostoma ligustrifolium,Hangehange,Plantae,401998
1486811,be888fe5-5898-43e3-84be-67eaff197032,2015-05-13,2015-05-13,,Auckland,2015-05-14 04:48:43 UTC,2020-08-31 04:53:47 UTC,research,"",2,0,false,"Auckland, Wynyard Street, University of Auckland Campus, near School of Pacific Studies Fale Pasifikia Complex",-36.852043,174.77186,25,,,25,open,false,,,Christella dentata,Christella dentata,Soft Fern,Plantae,369851
1559628,9a88eddd-f565-4789-90ee-380f86c2cfe9,2015-05-29,2015-05-29,,Auckland,2015-05-29 05:50:08 UTC,2020-08-31 07:00:52 UTC,casual,"",0,0,true,"Auckland, Central Auckland, Symonds Street, University of Auckland, behind Kate Edger Building",-36.852013,174.769768,40,,,40,,false,,,Dennstaedtia davallioides,Dennstaedtia davallioides,Lacy ground fern,Plantae,401306
1624020,e8d5c652-e768-4d61-b8c2-ff46eeabcbce,2015-06-13,2015-06-13,,Auckland,2015-06-13 01:15:20 UTC,2016-06-05 01:57:03 UTC,casual,June flowers,1,0,true,"10-12 Symonds Street, Auckland Central",-36.851453,174.771489,5,,,5,,false,,,Acacia podalyriifolia,Acacia podalyriifolia,Queensland silver wattle,Plantae,75252
1740289,cd8d1819-5bd8-4512-868e-ca2673565f47,2015-07-10,2015-07-10,,Auckland,2015-07-10 03:34:55 UTC,2021-01-05 09:32:33 UTC,casual,July flowers,1,0,true,"10-12 Symonds Street, Auckland Central",-36.851529,174.771519,7,,,7,,false,,,Homoranthus,Homoranthus,,Plantae,83611
1740299,741dc536-8924-4433-971a-5ae4a937e514,2015-07-10,2015-07-10,,Auckland,2015-07-10 03:47:14 UTC,2021-01-05 09:33:00 UTC,casual,July flowers,1,0,true,"10-12 Symonds Street, Auckland Central",-36.851367,174.771624,2,,,2,,false,,,Philotheca myoporoides,Philotheca myoporoides,Long-leaf wax flower,Plantae,411273
1740343,577d818c-c85f-4bc8-805e-bdb2ee32fd8a,2015-07-10,2015-07-10,,Auckland,2015-07-10 03:58:49 UTC,2016-03-01 03:46:52 UTC,casual,"",1,0,true,"4 Symonds Street, Auckland Central",-36.850852,174.770877,5,,,5,open,false,,,Sophora longicarinata,Sophora longicarinata,,Plantae,406091
1743442,c364c75d-a715-4b84-9802-a55f375c4d9a,2015-07-11,2015-07-11,,Auckland,2015-07-11 03:17:43 UTC,2025-07-07 11:18:56 UTC,casual,July flowers,2,0,true,"10-12 Symonds Street, Auckland Central",-36.851468,174.771412,2,,,2,,false,,,Chamelaucium uncinatum,Chamelaucium uncinatum,Geraldton Wax,Plantae,76261
1747206,eef52f07-df19-4276-8d1e-2db3f637b4fd,2015-07-12,2015-07-12,,Auckland,2015-07-12 03:50:28 UTC,2023-03-07 03:41:02 UTC,casual,"July flowers, Metrosideros collina individual ST1",1,0,true,Auckland Central,-36.851075,174.770336,3,,,3,open,false,,,Metrosideros collina,Metrosideros collina,,Plantae,411089
1747225,689ddd25-abfe-4f43-a0b9-55e62745db90,2015-07-12,2015-07-12,,Auckland,2015-07-12 03:56:23 UTC,2017-01-12 22:41:42 UTC,casual,"",0,0,true,"10-12 Symonds Street, Auckland Central",-36.851449,174.771399,2,,,2,,false,,,Myrtaceae,Myrtaceae,myrtle family,Plantae,51816
1754490,7163fbe3-417d-470a-a140-238042ec8026,2015-07-14,2015-07-14,,Auckland,2015-07-14 05:15:32 UTC,2018-12-24 00:43:48 UTC,casual,"",2,0,true,"Auckland, Central Auckland, Symonds Street, University of Auckland, near Chapel",-36.848906,174.770269,45,,,45,,false,,,Mediterranean Cypress,Cupressus sempervirens,Mediterranean cypress,Plantae,64261
1787621,7a484369-81e2-4d89-8c2c-56f02cc27696,2015-07-21,2015-07-21,,Auckland,2015-07-21 21:31:52 UTC,2016-03-01 03:47:09 UTC,casual,"",0,0,true,"36 Princes St, Auckland Central",-36.852194,174.768141,5,,,5,,false,,,Araucaria bidwillii,Araucaria bidwillii,Bunya Pine,Plantae,136231
1790617,005a3743-d3d0-4f19-aa00-75379115f4de,2015-07-22,2015-07-22,,Auckland,2015-07-22 20:48:09 UTC,2016-03-01 03:47:10 UTC,casual,"",1,0,true,"Cnr of Symonds St and Grafton Rd, Auckland Central",-36.852349,174.770183,4,,,4,,false,,,Agathis robusta,Agathis robusta,Queensland kauri,Plantae,135362
1798023,36437517-a380-4dd2-837e-9c3f52080963,2015-07-25,2015-07-25,,Auckland,2015-07-25 02:51:41 UTC,2021-06-20 23:56:41 UTC,casual,July flowers,0,0,true,"17 Eden Crescent, Auckland Central",-36.848508,174.772194,3,,,3,,false,,,Phylica gnidioides,Phylica gnidioides,Marshmallow Hardleaf,Plantae,470232
1814957,929dfd15-c669-40c3-b65c-6743e1708a6e,2015-07-30,2015-07-30,,Auckland,2015-07-30 02:11:51 UTC,2016-03-01 03:47:22 UTC,casual,July flowers,1,0,true,"13 Eden Crescent, Auckland Central",-36.848505,174.771771,2,,,2,,false,,,Pieris japonica,Pieris japonica,Japanese andromeda,Plantae,127181
1817700,bdebff2c-731f-4f6e-919e-52008fd822e8,2015-07-31,2015-07-31,,Auckland,2015-07-31 00:41:49 UTC,2020-07-15 03:10:51 UTC,casual,Allocasuarina torulosa individual ST1,0,0,true,"Between 2 and 4 Alfred St, Auckland Central",-36.85191,174.769195,4,,,4,,false,,,Allocasuarina torulosa,Allocasuarina torulosa,Forest sheoak,Plantae,334814
1820113,79a20aa9-4ab7-4017-ba8c-1b65743e08a9,2015-08-01,2015-08-01,,Auckland,2015-07-31 21:46:48 UTC,2024-07-01 15:01:15 UTC,casual,Allocasuarina torulosa individual ST2,0,0,true,"17 Eden Crescent, Auckland Central",-36.8484,174.77211,4,,,4,,false,,,Allocasuarina torulosa,Allocasuarina torulosa,Forest sheoak,Plantae,334814
1820973,7deb595d-f37f-4313-b096-72e36739401e,2015-08-01,2015-08-01,,Auckland,2015-08-01 02:40:42 UTC,2016-03-01 03:47:26 UTC,casual,"August flowers, August fruit",0,0,true,"26 Symonds St, Auckland Central",-36.85402,174.768865,2,,,2,,false,,,Ochna serrulata,Ochna serrulata,Mickey Mouse bush,Plantae,165763
1821026,b99eb95f-8cf8-4e4c-aab1-89b1b64c83ac,2015-08-01,2015-08-01,,Auckland,2015-08-01 02:57:22 UTC,2021-06-20 23:56:42 UTC,casual,August flowers,0,0,true,"10-12 Symonds Street, Auckland Central",-36.851727,174.771513,2,,,2,,false,,,Phylica,Phylica,Hardleaves,Plantae,185032
1821072,4d371e90-67d9-4b1e-8052-f3ea189bae01,2015-08-01,2015-08-01,,Auckland,2015-08-01 03:33:21 UTC,2016-03-01 03:47:27 UTC,casual,August flowers,1,0,true,"10-12 Symonds Street, Auckland Central",-36.851456,174.771197,2,,,2,,false,,,Acacia floribunda,Acacia floribunda,Weeping Acacia,Plantae,321061
1821097,e906d915-57db-45e5-be5e-ea8b2b7900eb,2015-08-01,2015-08-01,,Auckland,2015-08-01 03:38:44 UTC,2022-11-21 12:54:08 UTC,casual,August flowers,1,0,true,"10-12 Symonds Street, Auckland Central",-36.851518,174.77135,1,,,1,,false,,,Conebushes,Leucadendron,Conebushes,Plantae,186152
1845859,dcaa712f-501e-4d6d-b84e-250bee1384e6,2015-08-09,2015-08-09,,Auckland,2015-08-09 03:28:41 UTC,2022-07-31 21:40:16 UTC,casual,August flowers,2,0,true,Auckland Central,-36.849135,174.769166,2,,,2,,false,,,Daphne,Daphne,Daphnes,Plantae,61316
1851858,02bf8108-d1ac-4dbf-b980-5d3a4a90fe88,2015-08-11,2015-08-11,,Auckland,2015-08-11 01:03:41 UTC,2025-12-14 07:20:12 UTC,casual,August flowers,2,0,true,"13 Symonds St, Auckland Central",-36.85252,174.769344,1,,,1,,false,,,Toru,Toronia toru,Toru,Plantae,406557
1874832,af361530-05d3-403c-aa21-5800e3353734,"",,,Auckland,2015-08-19 21:35:09 UTC,2016-03-01 03:47:55 UTC,casual,"Corymbia ficifolia individual ST2, Database record, Street View",0,0,true,"27 Grafton Rd, Auckland Central",-36.852977,174.770488,2,,,2,,false,,,Red-flowering Gum,Corymbia ficifolia,Red-flowering gum,Plantae,122024
1877718,ea48ae9e-4c81-4676-abe2-5a4824204d52,2015-08-21,2015-08-21,,Auckland,2015-08-21 01:12:54 UTC,2024-11-15 07:08:06 UTC,casual,"",2,0,true,"Princes St, Auckland Central",-36.848917,174.76989,3,,,3,,false,,,Tecomanthe speciosa,Tecomanthe speciosa,Three Kings trumpet vine,Plantae,406434
1877772,20208254-8214-45ff-a5bf-e5cca87708c5,2015-08-21,2015-08-21,,Auckland,2015-08-21 01:19:38 UTC,2023-03-07 03:44:01 UTC,casual,"August flowers, Metrosideros collina individual ST1",2,0,true,Auckland Central,-36.851075,174.770336,3,,,3,open,false,,,Metrosideros collina,Metrosideros collina,,Plantae,411089
1877817,d46a07e8-2538-40bd-80cd-45b214632342,2015-08-21,2015-08-21,,Auckland,2015-08-21 01:25:42 UTC,2016-03-01 03:47:58 UTC,casual,August flowers,1,0,true,"Old Government House, Auckland Central",-36.850125,174.770795,6,,,6,,false,,,blueblossom,Ceanothus thyrsiflorus,blueblossom,Plantae,56617
1880689,9634e76e-d05a-4c9d-af93-70d83823c121,2015-08-22,2015-08-22,,Auckland,2015-08-22 04:11:14 UTC,2016-03-01 03:47:59 UTC,casual,"August fruit, Database record",0,0,true,"13 Eden Crescent, Auckland Central",-36.848468,174.771437,8,,,8,,false,,,Dysoxylum pachyphyllum,Dysoxylum pachyphyllum,,Plantae,472656
1889402,ef22453d-f84b-4669-8a8c-00d1a0cd491d,2015-08-25,2015-08-25,,Auckland,2015-08-25 01:07:07 UTC,2016-03-01 03:48:04 UTC,casual,"",1,0,true,Auckland Central,-36.849179,174.76973,3,,,3,,false,,,Cowtail Pine,Cephalotaxus harringtonia,Japanese Plum-yew,Plantae,142793
1892144,940b8217-5f4d-4fbf-8f35-4bdd8fa409e8,2015-08-26,2015-08-26,,Auckland,2015-08-26 01:25:20 UTC,2016-03-01 03:48:06 UTC,casual,"",0,0,true,Auckland Central,-36.849208,174.770691,15,,,15,,false,,,Japanese Cedar,Cryptomeria japonica,Japanese cedar,Plantae,71147
1894950,c9bfc269-ce1a-4a5d-bff1-068a2a35c811,2015-08-27,2015-08-27,,Auckland,2015-08-27 02:09:02 UTC,2024-12-27 10:38:53 UTC,research,"",3,0,false,"16 Wynyard St, Auckland Central",-36.851618,174.772447,2,,,2,,false,,,Leather Leaf Fern,Pyrrosia eleagnifolia,Leather-leaf fern,Plantae,210959
1894962,38209812-d135-4834-af98-4b0a54d46fcf,2015-08-27,2015-08-27,,Auckland,2015-08-27 02:13:57 UTC,2024-12-27 10:38:56 UTC,research,"",1,0,false,"16 Wynyard St, Auckland Central",-36.851629,174.772353,4,,,4,,false,,,Leather Leaf Fern,Pyrrosia eleagnifolia,Leather-leaf fern,Plantae,210959
1897936,46d9e5d6-d433-4c6d-8e5c-8fe4810727dc,2015-08-28,2015-08-28,,Auckland,2015-08-28 02:11:11 UTC,2020-07-12 04:31:17 UTC,casual,"",0,0,true,"10-12 Symonds Street, Auckland Central",-36.85167,174.771629,1,,,1,,false,,,Bauera,Bauera,,Plantae,321034
1911523,48965e7f-8d05-4dea-b5b2-6c6db474c19d,2015-09-02,2015-09-02,,Auckland,2015-09-02 02:37:56 UTC,2019-02-22 04:16:46 UTC,casual,"",1,0,true,Auckland Central,-36.84853,174.770175,4,,,4,open,false,,,Kawaka,Libocedrus plumosa,Kawaka,Plantae,135819
1957126,ec7390a6-cb41-468e-a9f1-81cbbae327a9,2015-09-17,2015-09-17,,Auckland,2015-09-18 06:55:27 UTC,2018-07-07 18:07:45 UTC,casual,"",1,0,true,"Auckland, Alten Street, University of Auckland Campus near Maori Studies Department",-36.851932,174.77321,6,,,6,,false,,,Veronica macrocarpa,Veronica macrocarpa,,Plantae,738752
1961273,2bd2c9ba-978f-4d38-9ba5-03b8cd7ebcf8,2015-09-19,2015-09-19,,Auckland,2015-09-19 06:00:21 UTC,2016-03-07 03:23:03 UTC,casual,"",1,0,true,"29 Princes St, Auckland Central",-36.849498,174.768773,3,,,3,,false,,,Golden Angel's Trumpet,Brugmansia aurea,Golden Angel's Trumpet,Plantae,189941
1963218,87bd8f22-7f58-4638-83ab-9cd1554cb4f8,2015-09-19,2015-09-19,,Auckland,2015-09-19 22:20:19 UTC,2019-10-05 23:40:17 UTC,casual,"",0,0,true,"10-12 Symonds Street, Auckland Central",-36.851247,174.771677,3,,,3,,false,,,Woolly Bottlebrush,Greyia radlkoferi,Woolly Bottlebrush,Plantae,185515
1963237,c8f87970-122d-4b38-9782-6c6cff9e2efc,2015-09-19,2015-09-19,,Auckland,2015-09-19 22:27:14 UTC,2025-02-22 09:31:19 UTC,casual,"",1,0,true,"10-12 Symonds Street, Auckland Central",-36.851218,174.771622,13,,,13,,false,,,Macadamia,Macadamia tetraphylla,Rough-shell Queensland Nut,Plantae,346223
1963266,902229f2-6c10-4df8-964c-60722de4131f,2015-09-19,2015-09-19,,Auckland,2015-09-19 22:33:49 UTC,2019-11-20 20:31:14 UTC,casual,Database record,0,0,true,Auckland Central,-36.851462,174.77136,3,,,3,,false,,,South African Cabbage Tree,Cussonia spicata,South African cabbage tree,Plantae,143538
1963325,3a74c951-e5a7-465d-802a-b2a874656abc,2015-09-19,2015-09-19,,Auckland,2015-09-19 22:46:53 UTC,2020-07-12 04:30:14 UTC,casual,"",0,0,true,"10-12 Symonds Street, Auckland Central",-36.85167,174.771629,1,,,1,,false,,,Bauera,Bauera,,Plantae,321034
1977607,6d840a78-bb57-4781-97aa-2ac5e1f66d62,2015-09-23,2015-09-23,,Auckland,2015-09-23 20:40:50 UTC,2018-06-09 06:34:19 UTC,research,"",2,0,false,"Auckland, Symonds Street near Grafton Road Intersection",-36.851857,174.770649,25,,,25,,false,,,Veronica javanica,Veronica javanica,,Plantae,371708
2007309,80abf571-979b-4c7d-9bde-97ac2324b02f,2015-09-28,2015-09-28,,Auckland,2015-09-28 04:21:46 UTC,2016-12-07 05:38:28 UTC,research,"",1,0,false,"Auckland, University of Auckland, Central City Campus, near Thomas Building",-36.850229,174.77063,35,,,35,,false,,,Coprosma acutifolia × macrocarpa macrocarpa,Coprosma acutifolia × Coprosma macrocarpa macrocarpa,,Plantae,518529
2017816,2345adc7-6e39-429b-a675-1c074b390f28,2015-10-01,2015-10-01,,Auckland,2015-10-01 02:52:10 UTC,2016-03-01 03:49:57 UTC,casual,Schinus molle individual ST2,2,0,true,"Old Government House, Auckland Central",-36.850033,174.770408,6,,,6,,false,,,Peruvian peppertree,Schinus molle,Peruvian Pepper Tree,Plantae,57354
2039389,95fb436f-e4c6-4a40-b969-5cbbcdbc541c,2015-10-03,2015-10-03,,Auckland,2015-10-03 00:45:39 UTC,2016-03-01 03:50:01 UTC,casual,Ficus rubiginosa individual ST2,1,0,true,"18 Princes St, Auckland Central",-36.848747,174.77011,6,,,6,,false,,,Rusty Fig,Ficus rubiginosa,Port Jackson fig,Plantae,199385
2058476,d3e79295-bc66-4a16-a670-f9f45d050abc,2015-10-04,2015-10-04,,Auckland,2015-10-03 23:48:15 UTC,2016-03-01 03:50:03 UTC,casual,Ficus rubiginosa individual ST3,0,0,true,"Old Government House Lawn, Auckland Central",-36.849755,174.771052,17,,,17,,false,,,Rusty Fig,Ficus rubiginosa,Port Jackson fig,Plantae,199385
2058483,4679c8cc-0002-43f1-951f-b83a0095c747,2015-10-04,2015-10-04,,Auckland,2015-10-03 23:53:44 UTC,2019-02-22 02:43:35 UTC,casual,Street View,1,0,true,"The Clock Tower, 25 Princes St, Auckland Central",-36.850137,174.769307,3,,,3,open,false,,,Parrot's Beak,Clianthus puniceus,Northern Kakabeak,Plantae,122616
2328522,910a3859-de3e-439b-8c71-c3b251e505b0,2015-05-13,2015-05-13,,Auckland,2015-10-29 03:40:19 UTC,2020-09-09 01:24:05 UTC,casual,"",1,0,true,"Auckland, Wynyard Street, University of Auckland Campus, Marae Gardens",-36.852043,174.77186,25,,,25,open,false,,,Soft Fern,Christella dentata,Soft Fern,Plantae,369851
2328550,1b4d1fe5-66a7-4ce1-b9c9-776861e4c713,2015-05-13,2015-05-13,,Auckland,2015-10-29 03:46:44 UTC,2024-07-01 15:00:18 UTC,casual,"",1,0,true,"Auckland, Wynyard Street, University of Auckland Campus, Marae Gardens",-36.852043,174.77186,25,,,25,,false,,,Kaikomako,Pennantia corymbosa,,Plantae,185249
2398982,d097dad1-2b0f-4faa-bac2-a6e0f11abc00,2015-11-19,2015-11-19,,Auckland,2015-11-19 06:59:53 UTC,2015-11-19 07:27:44 UTC,casual,"",1,0,true,"Auckland, Symonds Street",-36.850927,174.771747,40,,,40,,false,,,Phormium cookianum hookeri,Phormium cookianum hookeri,,Plantae,412982
2401328,22d7e01a-fc77-410c-87f7-64ec1441c9ad,2015-11-19,2015-11-19,,Auckland,2015-11-20 04:43:33 UTC,2025-04-01 21:04:31 UTC,research,"",2,0,false,"Auckland, Symonds Street",-36.850927,174.771747,40,,,40,,false,,,Lombardochloa rufa,Lombardochloa rufa,,Plantae,1584263
2410616,85edf4ec-73da-4002-9752-2896f4a9c08d,2015-11-23,2015-11-23,,Auckland,2015-11-23 07:37:33 UTC,2018-06-09 11:55:43 UTC,research,"",2,0,false,"Auckland, Wynyard Street, University of Auckland Campus, near School of Pacific Studies Fale Pasifika Complex",-36.852043,174.77186,25,,,25,,false,,,Veronica javanica,Veronica javanica,,Plantae,371708
2440807,34e3f99e-3d5d-4e46-a691-32afa83449bb,2015-11-30,2015-11-30,,Auckland,2015-12-01 00:32:10 UTC,2015-12-01 09:01:23 UTC,research,"",1,0,false,"Auckland, Alten Street, University of Auckland Campus near Maori Studies Department",-36.852098,174.773026,20,,,20,,false,,,Coriander,Coriandrum sativum,coriander,Plantae,67759
2440868,8d6e74b4-4f22-49fe-b8c5-7eb2f044a794,2015-11-30,2015-11-30,,Auckland,2015-12-01 01:02:12 UTC,2015-12-01 04:23:49 UTC,research,"",1,0,false,"Auckland, Alten Street, University of Auckland Campus near Maori Studies Department",-36.852098,174.773026,20,,,20,,false,,,Rawirinui,Kunzea robusta,rawirinui,Plantae,411247
2463072,534d7395-30c1-42f8-b26d-897323df4a03,2015-11-30,2015-11-30,,Auckland,2015-12-09 08:17:26 UTC,2020-01-25 11:05:57 UTC,research,"",0,0,false,"Auckland, Alten Street, University of Auckland Campus near Te Kohanga Reo",-36.852098,174.773026,25,,,25,,false,,,Leptospermum polygalifolium,Leptospermum polygalifolium polygalifolium,Tantoon,Plantae,414304
2480855,386743f0-a693-446b-bc9d-c2b838e4c3e0,2015-12-15,2015-12-15,,Auckland,2015-12-15 21:41:28 UTC,2021-04-22 06:45:49 UTC,casual,"",2,0,true,"10-12 Symonds Street, Auckland Central",-36.851468,174.771384,2,,,2,,false,,,Fortnight Lily,Dietes bicolor,Yellow Fortnight Lily,Plantae,125855
2480906,85f5d8e1-bfdc-4d07-8de8-3a2944b7a392,2015-12-15,2015-12-15,,Auckland,2015-12-15 21:53:20 UTC,2016-03-01 03:53:34 UTC,casual,"",0,0,true,"10-12 Symonds Street, Auckland Central",-36.851468,174.771384,2,,,2,,false,,,Tulbaghia,Tulbaghia,Wild Garlics,Plantae,119384
2506661,464305f4-c5e9-4fcc-bcac-5e382aebcdfa,2015-12-27,2015-12-27,,Auckland,2015-12-27 02:16:10 UTC,2019-02-24 16:02:34 UTC,casual,"December flowers, December fruit",1,0,true,Auckland Central,-36.852119,174.769083,2,,,2,,false,,,skyflower,Duranta erecta,golden dewdrop,Plantae,162153
2571937,b19d6983-d946-4d5d-a8cb-c8dc788357be,2016-01-11,2016-01-11,,Auckland,2016-01-11 04:46:23 UTC,2016-01-11 04:58:54 UTC,research,"",2,0,false,"Auckland, Wynyard Street, University of Auckland Campus, near Marae ",-36.851331,174.772273,,,,,,false,,,Solanum laciniatum,Solanum laciniatum,Poroporo,Plantae,328092
2578993,643e1b2d-8ef4-4ed0-ae05-41e9db6789eb,2016-01-13,2016-01-13,,Auckland,2016-01-13 19:48:28 UTC,2016-03-01 03:55:15 UTC,casual,"",0,0,true,"10-12 Symonds Street, Auckland Central",-36.851431,174.771442,3,,,3,,false,,,Banksia integrifolia,Banksia integrifolia,Coastal Banksia,Plantae,244884
2579079,ae9b010e-7e7e-41cc-9aad-bf57f1620606,2016-01-13,2016-01-13,,Auckland,2016-01-13 20:21:23 UTC,2016-03-01 03:55:15 UTC,casual,"",1,0,true,Auckland Central,-36.85048,174.769784,8,,,8,,false,,,Kalmia,Kalmia,mountain-laurels,Plantae,49398
2589155,d8e4bd80-21be-40d2-97da-f1ff614652c1,2016-01-17,2016-01-17,,Auckland,2016-01-17 19:42:19 UTC,2025-01-29 14:05:36 UTC,casual,January flowers,0,0,true,"31 Princes St, Auckland Central",-36.849998,174.768678,2,,,2,,false,,,Dichroa versicolor,Hydrangea × versicolor,,Plantae,1604292
2868751,f0cb9860-018c-44fe-b788-80aff17ce097,2016-04-03,2016-04-03,,Auckland,2016-04-02 23:02:22 UTC,2025-02-13 00:52:03 UTC,casual,"",0,0,true,Auckland Central,-36.851275,174.770332,3,,,3,,false,,,Butterfly bush,Buddleja,butterfly bushes and allies,Plantae,64571
2868896,a4d3a9f3-89f5-4afc-8cb2-9d61ead4b548,2016-04-03,2016-04-03,,Auckland,2016-04-02 23:18:31 UTC,2025-02-13 00:52:04 UTC,casual,"",0,0,true,Auckland Central,-36.851275,174.770332,3,,,3,,false,,,Butterfly bush,Buddleja,butterfly bushes and allies,Plantae,64571
3383478,46904367-6d2d-4909-b987-4c8a0729f808,2016-06-05,2016-06-05,,Auckland,2016-06-05 01:51:27 UTC,2016-06-05 01:56:34 UTC,casual,"",0,0,true,"10-12 Symonds Street, Auckland Central",-36.851453,174.771489,5,,,5,,false,,,Queensland silver wattle,Acacia podalyriifolia,Queensland silver wattle,Plantae,75252
3480241,95054839-e5e9-4e08-ab31-cdfe69bddbd0,2016-06-19,2016-06-19,,Auckland,2016-06-19 01:12:57 UTC,2016-06-19 01:16:33 UTC,casual,"",0,0,true,"10-12 Symonds St, Auckland Central",-36.851479,174.771838,2,,,2,,false,,,Woolly grevillea,Grevillea lanigera,Woolly grevillea,Plantae,135351
3522993,7720f6ba-688f-4114-9c27-9890c1c4fb7b,2016-06-26,2016-06-26,,Auckland,2016-06-26 03:00:00 UTC,2016-06-26 03:00:01 UTC,casual,"",0,0,true,"University of Auckland City Campus, Auckland Central",-36.8510462607,174.7702261806,2,,,2,,false,,,Woolly grevillea,Grevillea lanigera,Woolly grevillea,Plantae,135351
3647051,ed0315f6-6e7f-47dd-8f2b-8a860ecd9d20,2016/07/09 12:04 PM NZST,2016-07-09,2016-07-09 00:04:00 UTC,Wellington,2016-07-09 04:49:09 UTC,2016-07-09 21:09:03 UTC,research,"",1,0,false,"New Zealand, North Island, Auckland, University of Auckland Campus (above Waipapa Marae)",-36.8514076556,174.7721171379,8,,,8,,false,,,Alyxia ruscifolia ruscifolia,Alyxia ruscifolia ruscifolia,,Plantae,369497
3810384,ed3386ac-a5a7-4e18-a5ff-b9be60215e2e,2015-05-29,2015-05-29,,Auckland,2016-08-06 02:27:20 UTC,2017-12-12 09:14:11 UTC,research,"",1,0,false,"Auckland, Central Auckland, Symonds Street, University of Auckland, behind Kate Edger Building",-36.852013,174.769768,40,,,40,,false,,,Ficus macrophylla macrophylla,Ficus macrophylla macrophylla,,Plantae,126853
3810385,caae9aa9-763e-465c-bb34-108447c0c013,2015-05-29,2015-05-29,,Auckland,2016-08-06 02:27:24 UTC,2020-09-17 09:29:42 UTC,needs_id,"",0,0,false,"Auckland, Central Auckland, Symonds Street, University of Auckland, behind Kate Edger Building",-36.852013,174.769768,40,,,40,,false,,,Dennstaedtia davallioides,Dennstaedtia davallioides,Lacy ground fern,Plantae,401306
3847814,b64cd48b-cb56-4daf-b488-19ba65c3b693,2016-08-10,2016-08-10,,Auckland,2016-08-10 00:58:12 UTC,2017-07-01 00:59:41 UTC,casual,"",1,0,true,"Albert Park/back garden of 27 Princes St, Auckland Central",-36.849397,174.768716,2,,,2,,false,,,Madagascar Buddleia,Buddleja madagascariensis,Madagascar Buddleia,Plantae,159587
3865337,cfdcec78-75bb-429e-812e-333127350655,2016/08/12 8:45 AM NZST,2016-08-12,2016-08-11 20:45:00 UTC,Wellington,2016-08-12 03:26:16 UTC,2016-08-12 07:20:25 UTC,research,"",1,0,false,"Auckland, University of Auckland Campus, near Marae Buildings",-36.851622284,174.772852063,40,,,40,,false,,,Port Jackson fig,Ficus rubiginosa,Port Jackson fig,Plantae,199385
4051882,0ab449f7-4bc8-48a0-a97c-59915274f389,2016/09/07 8:31 AM NZST,2016-09-07,2016-09-06 20:31:00 UTC,Wellington,2016-09-06 23:25:36 UTC,2020-06-11 02:03:57 UTC,research,"",2,0,false,"Auckland, University of Auckland Symonds Street Campus, courtyard near Recreation Centre",-36.8528135318,174.7685998677,50,,,50,,false,,,Veronica javanica,Veronica javanica,,Plantae,371708
4145395,74e25708-b069-4860-9c71-4326c79d9ee6,2016-09-19,2016-09-19,,Auckland,2016-09-19 03:32:20 UTC,2016-11-27 20:40:52 UTC,casual,"",0,0,true,Auckland Central,-36.849501,174.769456,2,,,2,,false,,,Cyperus albostriatus,Cyperus albostriatus,Dwarf striped umbrella sedge,Plantae,401230
4151696,fadd4099-f0fc-4cfa-b633-82bb9452efc8,2016-09-20,2016-09-20,,Auckland,2016-09-20 00:55:27 UTC,2016-09-20 00:57:04 UTC,casual,"",0,0,true,Auckland Central,-36.848424,174.772177,3,,,3,,false,,,Sweet viburnum,Viburnum odoratissimum,Sweet viburnum,Plantae,357524
4152648,cd9164d0-7578-4088-9cc0-08756e3b51a3,2016-09-20 2:42:30 PM NZST,2016-09-20,2016-09-20 02:42:30 UTC,Wellington,2016-09-20 02:44:33 UTC,2016-09-20 05:45:49 UTC,research,"",1,0,false,27 Alten Road Auckland 1010,-36.85221515,174.77298486,19,,,19,,false,,,English Ivy,Hedera helix,common ivy,Plantae,55882
4153320,22f74380-6fcd-414b-8e02-4ea064266512,2016-09-20 2:45:22 PM NZST,2016-09-20,2016-09-20 02:45:22 UTC,Wellington,2016-09-20 04:32:22 UTC,2016-09-20 05:22:14 UTC,research,"",1,0,false,27 Alten Road Auckland 1010,-36.8521866,174.77295282,11,,,11,,false,,,bear's breeches,Acanthus mollis,Bear's breeches,Plantae,70045
4153321,5f63bcbc-4302-4419-9eb9-dadba3195370,2016-09-20 2:48:43 PM NZST,2016-09-20,2016-09-20 02:48:43 UTC,Wellington,2016-09-20 04:32:23 UTC,2016-10-09 01:09:31 UTC,research,"",1,0,false,27 Alten Road Auckland 1010,-36.85218693,174.77280536,9,,,9,,false,,,Cape ivy,Delairea odorata,German ivy,Plantae,53208
4160268,46841b6b-046b-44d1-b358-37e8f7831128,2016-09-21,2016-09-21,,Auckland,2016-09-21 05:05:54 UTC,2016-09-21 22:03:42 UTC,casual,"",1,0,true,Auckland Central,-36.850035,174.771449,9,,,9,,false,,,Trailing abutilon,Callianthe megapotamica,Trailing abutilon,Plantae,508221
4160415,09842e19-f6e7-43a0-be5e-6f7761a63551,2016-09-21,2016-09-21,,Auckland,2016-09-21 05:29:28 UTC,2016-09-21 22:03:14 UTC,casual,"",0,0,true,Auckland Central,-36.850563,174.770698,6,,,6,,false,,,Beschorneria yuccoides,Beschorneria yuccoides,,Plantae,274132
4168287,903a101c-6491-4642-a642-c8045bf8e066,2016-09-21,2016-09-21,,Auckland,2016-09-21 22:02:32 UTC,2022-07-31 21:41:30 UTC,casual,"",0,1,true,Auckland Central,-36.851967,174.772959,4,,,4,open,false,,,Bocconia,Bocconia frutescens,Parrotweed,Plantae,133166
4170529,173a1fa2-066a-4018-8689-772eed41eb8f,2016-09-22,2016-09-22,,Auckland,2016-09-22 02:18:28 UTC,2016-09-22 02:19:20 UTC,casual,"",0,0,true,Auckland Central,-36.850193,174.770909,3,,,3,,false,,,Illicium majus,Illicium majus,,Plantae,508250
4170625,d27aed84-9eb1-4a84-86a6-e1d6ed477f8b,2016-09-22,2016-09-22,,Auckland,2016-09-22 02:29:58 UTC,2016-09-22 02:31:40 UTC,casual,"",0,0,true,Auckland Central,-36.851245,174.769776,3,,,3,,false,,,Grevilleas,Grevillea,Grevilleas,Plantae,64515
4184833,f0b0fcf5-1591-48ae-82a4-dc2db70c9795,2016-09-24,2016-09-24,,Auckland,2016-09-23 23:42:47 UTC,2016-09-23 23:43:58 UTC,casual,"",0,0,true,Auckland Central,-36.848633,174.771796,4,,,4,,false,,,Mountain pawpaw,Vasconcellea pubescens,Mountain pawpaw,Plantae,508242
4648208,3be2478b-4132-474f-bac9-3435a7a916fb,2016-11-27,2016-11-27,,Auckland,2016-11-27 20:41:15 UTC,2016-11-27 20:45:29 UTC,casual,"",0,0,true,Auckland Central,-36.850489,174.76979,4,,,4,,false,,,mountain laurel,Kalmia latifolia,mountain laurel,Plantae,49397
4832663,bfa7c7b5-c635-422d-90b5-7c182274f062,2016/12/22 8:23 AM NZDT,2016-12-22,2016-12-21 19:23:00 UTC,Wellington,2016-12-22 23:30:24 UTC,2025-06-04 01:04:57 UTC,research,"",2,0,false,"Auckland, University of Auckland Campus, near Waipapa Marae (by Kohanga Reo Building)",-36.8519363556,174.773120731,25,,,25,,false,,,Leptospermum polygalifolium polygalifolium,Leptospermum polygalifolium polygalifolium,Tantoon,Plantae,414304
4835705,5e5b1d72-fbd2-4506-95b3-99bc1a6bffe3,2016-12-23,2016-12-23,,Auckland,2016-12-23 21:29:16 UTC,2016-12-23 21:40:32 UTC,casual,"",0,0,true,Auckland Central,-36.851131,174.770252,8,,,8,,false,,,Rogiera amoena,Rogiera amoena,,Plantae,286276
4835739,e9ae79b4-3fe7-419f-a980-b1023d24d365,2016-12-23,2016-12-23,,Auckland,2016-12-23 21:43:08 UTC,2016-12-23 21:46:00 UTC,casual,"",0,0,true,Auckland 1010,-36.854755,174.768618,6,,,6,,false,,,Australian silver oak,Grevillea robusta,silk oak,Plantae,77302
4837480,487f5946-6a7f-4ad7-b594-a51bd8ac7a21,2016-12-24,2016-12-24,,Auckland,2016-12-24 03:53:17 UTC,2017-06-24 23:51:25 UTC,casual,"",0,0,true,Auckland Central,-36.850983,174.772186,4,,,4,,false,,,Tecomanthe hillii,Tecomanthe hillii,,Plantae,469643
4840845,859eae1a-fde2-482e-8738-c193d9469045,2016-12-25,2016-12-25,,Auckland,2016-12-25 02:26:53 UTC,2020-04-19 06:21:59 UTC,casual,"",0,0,true,Auckland Central,-36.849296,174.770528,3,,,3,,false,,,Lonicera hildebrandiana,Lonicera hildebrandtiana,Giant Burmese Honeysuckle,Plantae,777721
4840870,bbc68fa5-2945-468a-8d61-3f7afe3a72f0,2016-12-25,2016-12-25,,Auckland,2016-12-25 02:34:29 UTC,2016-12-25 02:38:15 UTC,casual,"",0,0,true,Auckland Central,-36.850702,174.770543,4,,,4,,false,,,Coastal Prickly Pear,Opuntia littoralis,Coastal Pricklypear,Plantae,78266
4844241,eed77740-97c2-4ede-ba54-724fe3206692,2016-12-26,2016-12-26,,Auckland,2016-12-26 04:45:28 UTC,2019-08-12 21:07:57 UTC,casual,"",0,0,true,Auckland Central,-36.850825,174.772847,3,,,3,,false,,,Austromyrtus dulcis,Austromyrtus dulcis,Midgen Berry,Plantae,429695
4844262,2956b228-04cb-48ee-85d3-6f125230fa68,2016-12-26,2016-12-26,,Auckland,2016-12-26 04:57:57 UTC,2017-06-24 23:51:27 UTC,casual,"",0,0,true,Auckland Central,-36.850825,174.772847,3,,,3,,false,,,Thunbergia natalensis,Thunbergia natalensis,Bluebell Clockvine,Plantae,146767
4844286,f99431ed-38ce-4613-be6c-a6e17dbccac8,2016-12-26,2016-12-26,,Auckland,2016-12-26 05:05:49 UTC,2016-12-26 05:07:15 UTC,casual,"",0,0,true,Auckland Central,-36.851071,174.772981,21,,,21,,false,,,European lime tree,Tilia × europaea,Common Lime,Plantae,410499
4844295,edf47f3c-a4f3-4834-8393-6db6099a768f,2016-12-26,2016-12-26,,Auckland,2016-12-26 05:09:25 UTC,2016-12-26 05:10:47 UTC,casual,"",0,0,true,Auckland Central,-36.851077,174.77275,8,,,8,open,false,,,Tulip tree,Liriodendron tulipifera,American tuliptree,Plantae,53582
4844308,01d1fccb-d1e5-4cbf-b4c7-8352bddb8447,2016-12-26,2016-12-26,,Auckland,2016-12-26 05:16:13 UTC,2024-03-19 19:46:00 UTC,casual,"",1,0,true,Auckland Central,-36.852009,174.771884,4,,,4,,false,,,Abacaxí do mato,Ananas comosus bracteatus,Red pineapple,Plantae,933163
4847547,b610f3e5-93a2-49ea-99aa-425c37a76542,2016-12-27,2016-12-27,,Auckland,2016-12-27 00:24:32 UTC,2016-12-27 00:29:09 UTC,casual,"",0,0,true,Auckland Central,-36.853974,174.769584,7,,,7,,false,,,Oakleaf Hydrangea,Hydrangea quercifolia,oakleaf hydrangea,Plantae,83156
4848460,37bed944-5165-4f43-b87b-3c1ac9133629,2016-12-27,2016-12-27,,Auckland,2016-12-27 04:10:11 UTC,2016-12-27 04:12:26 UTC,casual,"",0,0,true,Auckland Central,-36.854302,174.769734,15,,,15,,false,,,Catalpas,Catalpa,Catalpas,Plantae,50861
4848470,5097a286-a542-4030-84b0-a519a5c82e76,2016-12-27,2016-12-27,,Auckland,2016-12-27 04:13:32 UTC,2016-12-27 04:16:04 UTC,casual,"",0,0,true,Auckland Central,-36.85385,174.770169,6,,,6,,false,,,Grevilleas,Grevillea,Grevilleas,Plantae,64515
4848487,48c05db1-034d-49a6-a38a-2d42d4d3138c,2016-12-27,2016-12-27,,Auckland,2016-12-27 04:17:28 UTC,2019-02-21 23:34:10 UTC,casual,Host plant,0,0,true,Auckland Central,-36.853744,174.770063,1,,,28476,open,false,,,Jacaranda,Jacaranda mimosifolia,blue jacaranda,Plantae,77541
4855398,ceef1d26-788f-48ba-bb61-327c8af6d156,2016-12-28,2016-12-28,,Auckland,2016-12-28 01:45:04 UTC,2020-07-16 12:15:10 UTC,casual,"",0,0,true,Auckland Central,-36.851161,174.772188,11,,,11,,false,,,Tetrastigma voinierianum,Tetrastigma voinierianum,,Plantae,431682
4855450,266f6f49-c424-48ca-b766-52fb3bdafd12,2016-12-28,2016-12-28,,Auckland,2016-12-28 01:53:32 UTC,2018-08-12 06:59:32 UTC,casual,"",0,0,true,Auckland Central,-36.852336,174.771029,2,,,2,open,false,,,Macrozamia communis,Macrozamia communis,burrawang,Plantae,135902
4855488,a2804e3e-3335-44b3-b9c9-9d0a98c7dc1f,2016-12-28,2016-12-28,,Auckland,2016-12-28 02:02:41 UTC,2016-12-28 21:54:17 UTC,casual,Host plant,0,0,true,Auckland Central,-36.853498,174.770146,2,,,2,,false,,,Grevilleas,Grevillea,Grevilleas,Plantae,64515
4855584,9ebef90a-16a1-4f35-a87c-67baf8bacb17,2016-12-28,2016-12-28,,Auckland,2016-12-28 02:23:50 UTC,2016-12-28 21:54:02 UTC,casual,Host plant,0,0,true,Auckland Central,-36.853744,174.770063,1,,,1,,false,,,Peruvian Peppertree,Schinus molle,Peruvian Pepper Tree,Plantae,57354
4855596,c2af3d29-c12a-4561-959b-5ebd4c66725c,2016-12-28,2016-12-28,,Auckland,2016-12-28 02:27:00 UTC,2017-02-28 19:40:55 UTC,research,"",1,0,false,Auckland Central,-36.853744,174.770063,1,,,1,,false,,,Leather-leaf fern,Pyrrosia eleagnifolia,Leather-leaf fern,Plantae,210959
4863086,5bcef294-b4df-4937-b5a3-b9a49bdc8f12,2016-12-29,2016-12-29,,Auckland,2016-12-29 19:35:24 UTC,2023-07-12 02:18:00 UTC,casual,"",0,0,true,Auckland Central,-36.853996,174.769029,3,,,3,,false,,,Dwarf Mountain Pine (Shrubby Baeckea),Baeckea,Baeckea,Plantae,321117
4863188,de62e538-5788-4f34-a7aa-3f98b39b5e4a,2016-12-29,2016-12-29,,Auckland,2016-12-29 19:43:59 UTC,2016-12-29 20:03:39 UTC,casual,"",1,0,true,Auckland Central,-36.853996,174.769029,3,,,3,,false,,,Small-leaved plane,Ochna serrulata,Mickey Mouse bush,Plantae,165763
4863279,e092b920-9d93-46b1-850a-697e969e2d7d,2016-12-29,2016-12-29,,Auckland,2016-12-29 19:47:37 UTC,2016-12-29 19:51:09 UTC,casual,"",0,0,true,Auckland Central,-36.85372,174.769124,8,,,8,,false,,,Peppermint-scented Geranium,Pelargonium tomentosum,Peppermint-scented geranium,Plantae,322765
4863325,3858ef5b-ac3e-42d1-96f7-984d6c45fef8,2016-12-29,2016-12-29,,Auckland,2016-12-29 19:55:18 UTC,2020-06-27 10:22:00 UTC,casual,"",1,0,true,Auckland Central,-36.853477,174.769186,2,,,2,,false,,,Hard Beech,Nothofagus truncata,Hard Beech,Plantae,410114
4863391,64389608-cbd2-4a7a-9501-a01bd8cf475a,2016-12-29,2016-12-29,,Auckland,2016-12-29 20:01:32 UTC,2016-12-29 20:02:08 UTC,casual,"",0,0,true,Auckland Central,-36.853974,174.769584,7,,,7,,false,,,Butterspoon tree,Cunonia capensis,butterspoon tree,Plantae,183938
4863406,ae0bf9a4-999e-404e-b449-ce9a79234cff,2016-12-29,2016-12-29,,Auckland,2016-12-29 20:04:52 UTC,2016-12-30 04:28:48 UTC,casual,Host plant,1,0,true,Auckland Central,-36.853386,174.770166,3,,,3,,false,,,Peruvian peppertree,Schinus molle,Peruvian Pepper Tree,Plantae,57354
4863422,aa2081df-5d4a-4725-b96f-7b9f72367375,2016-12-29,2016-12-29,,Auckland,2016-12-29 20:11:58 UTC,2024-12-08 08:45:24 UTC,casual,"",0,0,true,Auckland Central,-36.852093,174.770949,4,,,4,open,false,,,Ficus auriculata,Ficus auriculata,Elephant ear fig,Plantae,361868
4863462,1789ab94-5913-4d78-a7ba-59051b8ca064,2016-12-29,2016-12-29,,Auckland,2016-12-29 20:16:34 UTC,2017-02-28 19:39:13 UTC,research,"",1,0,false,Auckland Central,-36.852093,174.770949,4,,,4,,false,,,Leather-leaf fern,Pyrrosia eleagnifolia,Leather-leaf fern,Plantae,210959
4863477,3598b097-1d98-4150-927b-eb75241f3b6e,2016-12-29,2016-12-29,,Auckland,2016-12-29 20:19:17 UTC,2020-01-21 20:33:06 UTC,casual,"",0,0,true,Auckland Central,-36.852093,174.770949,4,,,4,,false,,,Campanula punctata,Campanula punctata,Spotted bellflower,Plantae,128781
4863592,9460c489-a1bc-43d9-b24e-e98bf2da46fc,2016-12-29,2016-12-29,,Auckland,2016-12-29 20:35:26 UTC,2024-07-01 15:01:44 UTC,casual,"",0,0,true,Auckland Central,-36.851319,174.771593,3,,,3,open,false,,,Lepidozamia peroffskyana,Lepidozamia peroffskyana,burrawang palm,Plantae,135898
4863668,925f5227-4f02-4db5-9fe6-64b6a7a14342,2016-12-29,2016-12-29,,Auckland,2016-12-29 20:45:25 UTC,2024-07-01 15:01:44 UTC,casual,"",0,0,true,Auckland Central,-36.851319,174.771593,3,,,3,open,false,,,Zamia family,Macrozamia moorei,Moore's zamia palm,Plantae,135849
4863735,28d819f2-0599-4d3b-83ad-2fbab19dc320,2016-12-29,2016-12-29,,Auckland,2016-12-29 20:57:02 UTC,2016-12-29 20:57:28 UTC,casual,"",0,0,true,Auckland Central,-36.851319,174.771593,3,,,3,,false,,,Cycads,Cycadales,Cycads,Plantae,64620
4863897,b03d03e2-8265-4e9e-a089-cbe21782fbff,2016-12-29,2016-12-29,,Auckland,2016-12-29 21:14:16 UTC,2016-12-29 21:18:21 UTC,casual,"",0,0,true,Auckland Central,-36.850242,174.770736,5,,,5,,false,,,Rough-leaved cats-whiskers,Rotheca myricoides,Rough-leaved Cats-whiskers,Plantae,340357
4863995,2d434a1c-1d39-46ed-93e8-110818cf6f47,2016-12-29,2016-12-29,,Auckland,2016-12-29 21:47:39 UTC,2016-12-29 21:47:57 UTC,casual,"",0,0,true,Auckland Central,-36.848763,174.769026,1,,,1,,false,,,Aloe thraskii,Aloe thraskii,Dune aloe,Plantae,469072
4870745,aead6956-2bcd-401b-8763-6333102b50bd,2016-12-31,2016-12-31,,Auckland,2016-12-30 23:39:30 UTC,2017-01-01 03:43:19 UTC,casual,Host plant,0,0,true,Auckland Central,-36.852204,174.768369,4,,,4,,false,,,Gnidia squarrosa,Gnidia squarrosa,saffron bush,Plantae,521657
4870834,087fe3dc-ce62-4f4a-9feb-35e8c3c1e133,2016-12-31,2016-12-31,,Auckland,2016-12-31 00:11:35 UTC,2017-03-22 20:42:10 UTC,casual,"",1,0,true,Auckland Central,-36.852359,174.768609,3,,,3,,false,,,Indian Horse Chestnut,Aesculus indica,Indian Horse-chestnut,Plantae,367294
4870856,4cffe50c-0c98-4a66-940c-f5752ffbfeee,2016-12-31,2016-12-31,,Auckland,2016-12-31 00:22:31 UTC,2019-02-11 00:15:59 UTC,casual,"",1,0,true,Auckland Central,-36.851529,174.771519,7,,,7,,false,,,Homoranthus,Homoranthus,,Plantae,83611
4870870,6b96e7d6-bac4-4142-aba6-5df852887884,2016-12-31,2016-12-31,,Auckland,2016-12-31 00:27:24 UTC,2017-01-12 00:24:30 UTC,casual,"",0,0,true,Auckland Central,-36.851679,174.77168,4,,,4,,false,,,Bauera,Bauera,,Plantae,321034
4875723,778865be-9c68-4ad9-ba02-4960c61c7dc0,2017-01-01,2017-01-01,,Auckland,2017-01-01 01:49:30 UTC,2017-01-01 01:49:31 UTC,casual,"",0,0,true,Auckland Central,-36.851912,174.768324,5,,,5,,false,,,Small-leaved plane,Ochna serrulata,Mickey Mouse bush,Plantae,165763
4875744,de5c82b4-bd9e-4c87-98d7-1e1db4462d86,2017-01-01,2017-01-01,,Auckland,2017-01-01 01:52:01 UTC,2025-07-22 00:03:54 UTC,casual,"",1,0,true,Auckland Central,-36.85176,174.768447,7,,,7,,false,,,Bougainvilleas,Bougainvillea,bougainvilleas,Plantae,53804
4875762,dbe4803e-1105-4f8c-831f-bb97214be56e,2017-01-01,2017-01-01,,Auckland,2017-01-01 01:57:13 UTC,2025-02-05 06:08:07 UTC,casual,"",2,0,true,Auckland Central,-36.85176,174.768447,7,,,7,,false,,,Nandina domestica,Nandina domestica,Heavenly bamboo,Plantae,127010
4875833,547c9b04-77d6-4d0b-87ad-2838ca518340,2017-01-01,2017-01-01,,Auckland,2017-01-01 02:06:18 UTC,2017-01-01 02:06:34 UTC,casual,"",0,0,true,Auckland Central,-36.85176,174.768447,7,,,7,,false,,,Brooms,Genista,Brooms,Plantae,47407
4875839,d602ec0a-d8b5-4dd5-bcdd-d5be4b011da3,2017-01-01,2017-01-01,,Auckland,2017-01-01 02:08:47 UTC,2017-01-01 06:17:41 UTC,casual,"",1,0,true,Auckland Central,-36.85176,174.768447,7,,,7,,false,,,Tree Aeonium,Aeonium arboreum,Tree Aeonium,Plantae,67717
4875847,9fc0f2ac-5d1a-4d6f-a93f-b8e3bcd1eb8c,2017-01-01,2017-01-01,,Auckland,2017-01-01 02:11:30 UTC,2017-01-01 06:17:49 UTC,casual,"",1,0,true,Auckland Central,-36.85176,174.768447,7,,,7,,false,,,Chinese lanterns,Abutilon,Indian mallows,Plantae,53864
4875869,138d889a-bd0b-4b7e-81f3-58fc27c77613,2017-01-01,2017-01-01,,Auckland,2017-01-01 02:14:41 UTC,2019-12-30 09:49:53 UTC,casual,"",1,0,true,Auckland Central,-36.85176,174.768447,7,,,7,,false,,,Thaumatophyllum xanadu,Thaumatophyllum xanadu,Cut-Leaf Philodendron,Plantae,985726
4875909,e9829cbc-42d4-430f-8b72-11d1bfec3cc2,2017-01-01,2017-01-01,,Auckland,2017-01-01 02:22:23 UTC,2017-01-01 02:24:21 UTC,casual,"",0,0,true,Auckland Central,-36.852012,174.768334,4,,,4,,false,,,Cape leadwort,Plumbago auriculata,blue plumbago,Plantae,78631
4875930,bc7b51b4-5100-4a1d-89e4-81e1667c34d1,2017-01-01,2017-01-01,,Auckland,2017-01-01 02:27:15 UTC,2017-01-01 02:28:27 UTC,casual,"",0,0,true,Auckland Central,-36.85257,174.768656,5,,,5,,false,,,Liriope,Liriope muscari,Liriope,Plantae,223938
4875952,d41764f5-4c89-4eab-bac9-c5aa04bb9362,2017-01-01,2017-01-01,,Auckland,2017-01-01 02:31:31 UTC,2019-12-30 09:13:53 UTC,casual,"",1,0,true,Auckland Central,-36.85233,174.768913,3,,,3,,false,,,Tree Philodendron,Thaumatophyllum bipinnatifidum,Tree Philodendron,Plantae,985710
4875995,06ffb49a-ba5e-4697-a9ad-7d87b27f5faf,2017-01-01,2017-01-01,,Auckland,2017-01-01 02:46:33 UTC,2017-01-01 02:47:13 UTC,casual,"",0,0,true,Auckland Central,-36.852406,174.769243,2,,,2,,false,,,Crinum,Crinum,Swamplilies,Plantae,62928
4875999,9786c866-f371-4dfd-b805-90c67487c79a,2017-01-01,2017-01-01,,Auckland,2017-01-01 02:50:21 UTC,2019-07-14 16:12:01 UTC,casual,"",1,0,true,Auckland Central,-36.8519,174.769246,5,,,5,,false,,,Wandering Jew,Tradescantia zebrina,inchplant,Plantae,169883
4876024,34b5cce9-b67d-4db3-9776-abefe11f75f9,2017-01-01,2017-01-01,,Auckland,2017-01-01 02:57:28 UTC,2017-02-28 19:38:19 UTC,casual,"",0,0,true,Auckland Central,-36.849459,174.769978,5,,,5,,false,,,Elkhorn Fern,Platycerium bifurcatum,Elkhorn fern,Plantae,133619
4876041,8c195a16-d2a6-4150-b458-017b96b71f78,2017-01-01,2017-01-01,,Auckland,2017-01-01 02:59:39 UTC,2017-01-01 03:03:28 UTC,casual,"",0,0,true,Auckland Central,-36.848864,174.770455,4,,,4,,false,,,Water Oak,Quercus nigra,water oak,Plantae,53640
4876070,64dc44e1-1c9f-47cc-9004-831af0879b50,2017-01-01,2017-01-01,,Auckland,2017-01-01 03:07:10 UTC,2017-01-01 03:09:11 UTC,casual,"",0,0,true,Auckland Central,-36.848634,174.771303,8,,,8,,false,,,Indian-shot,Canna indica,Indian shot,Plantae,146643
4885523,c96c17ac-4292-4845-8e81-f3a1ff84ee66,2017-01-03,2017-01-03,,Auckland,2017-01-03 01:39:32 UTC,2025-06-11 14:25:44 UTC,casual,"",1,0,true,Auckland Central,-36.853768,174.768845,6,,,6,,false,,,Christmas berry,Ardisia crenata,Coralberry,Plantae,158586
4885887,28a26960-a79d-42c0-ac93-737e0ccc771e,2017-01-03,2017-01-03,,Auckland,2017-01-03 02:24:34 UTC,2018-04-01 15:08:52 UTC,casual,"",1,0,true,Auckland Central,-36.853439,174.769023,9,,,9,,false,,,Creeping philodendron,Rhaphidophora decursiva,,Plantae,431536
4886001,45ee2d65-7746-4a16-a5ef-e17e3845f1c5,2017-01-03,2017-01-03,,Auckland,2017-01-03 02:37:31 UTC,2017-10-02 02:28:54 UTC,casual,"",0,0,true,Auckland Central,-36.852336,174.771029,2,,,2,,false,,,Zamia family,Zamiaceae,zamia family,Plantae,64623
4886277,d115d9d8-d52c-4e75-8f48-acb1c1e88f67,2017-01-03,2017-01-03,,Auckland,2017-01-03 03:31:32 UTC,2025-06-21 23:41:56 UTC,casual,"",0,0,true,Auckland Central,-36.85111,174.770136,4,,,4,,false,,,Common Gardenia,Gardenia jasminoides,common gardenia,Plantae,210990
4886299,85ca0e40-5a41-4b28-a5b8-20ee29d0ae7f,2017-01-03,2017-01-03,,Auckland,2017-01-03 03:38:25 UTC,2020-12-31 17:19:17 UTC,casual,"",0,0,true,"Auckland, New Zealand",-36.851167,174.770345,4,,,4,,false,,,Orange-ball Tree,Buddleja globosa,Orange-ball tree,Plantae,371666
4886366,29354d44-8b14-453f-9388-994a34dd0025,2017-01-03,2017-01-03,,Auckland,2017-01-03 03:45:36 UTC,2017-04-30 00:35:34 UTC,casual,"",0,0,true,Auckland Central,-36.850947,174.770681,3,,,3,,false,,,Colletia paradoxa,Colletia paradoxa,Anchor plant,Plantae,430868
4886414,ab271232-e614-4fae-83be-0734c42aa01b,2017-01-03,2017-01-03,,Auckland,2017-01-03 04:00:55 UTC,2022-03-02 02:40:00 UTC,casual,"",1,0,true,Auckland Central,-36.851002,174.772242,4,,,4,,false,,,Mandevilla,Mandevilla,Rocktrumpets,Plantae,186006
4886434,ac75d63c-ec72-4499-bfb4-a3eff1449f10,2017-01-03,2017-01-03,,Auckland,2017-01-03 04:06:50 UTC,2017-01-03 05:20:29 UTC,casual,"",1,0,true,Auckland Central,-36.851061,174.772801,2,,,2,,false,,,Oakleaf hydrangea,Hydrangea quercifolia,oakleaf hydrangea,Plantae,83156
4891731,72788b74-fa82-451d-af28-ce090f598834,2017-01-04,2017-01-04,,Auckland,2017-01-04 02:16:36 UTC,2017-01-04 02:20:03 UTC,casual,"",0,0,true,Auckland 1010,-36.855543,174.768134,3,,,3,,false,,,Stenocarpus salignus,Stenocarpus salignus,Scrub Beefwood,Plantae,406178
4891763,644394fa-43ae-409c-8097-85576f4d69c0,2017-01-04,2017-01-04,,Auckland,2017-01-04 02:21:59 UTC,2017-06-25 00:07:19 UTC,casual,"",0,0,true,Auckland 1010,-36.855543,174.768134,3,,,3,,false,,,Rhododendrons and azaleas,Rhododendron,rhododendrons and azaleas,Plantae,49487
4891822,9bb537d8-9276-45ac-a21a-ddd8164f1ec8,2017-01-04,2017-01-04,,Auckland,2017-01-04 02:30:49 UTC,2025-06-11 14:25:54 UTC,casual,"",1,0,true,Auckland 1010,-36.855397,174.768241,4,,,4,,false,,,Christmas berry,Ardisia crenata,Coralberry,Plantae,158586
4891840,8e3d9e87-4840-48fc-86e5-ee90b373b422,2017-01-04,2017-01-04,,Auckland,2017-01-04 02:33:47 UTC,2017-01-04 02:34:14 UTC,casual,"",0,0,true,Auckland 1010,-36.855445,174.767994,3,,,3,,false,,,Kaka beak,Clianthus,Kakabeaks,Plantae,122617
4891845,1bc2acbe-37ee-43ad-aa92-0b4895b20be1,2017-01-04,2017-01-04,,Auckland,2017-01-04 02:36:34 UTC,2018-02-03 16:17:18 UTC,casual,"",0,0,true,Auckland 1010,-36.855445,174.767994,3,,,3,,false,,,Bush allamanda,Allamanda schottii,Bush Allamanda,Plantae,327732
4891884,d8e75200-0f46-4042-8cab-447d6503ec62,2017-01-04,2017-01-04,,Auckland,2017-01-04 02:47:11 UTC,2017-01-13 05:25:26 UTC,casual,"",0,0,true,Auckland 1010,-36.855318,174.768006,6,,,6,,false,,,Escallonia,Escallonia,,Plantae,157269
4899905,e941f289-e1f7-49b0-b150-cefc79a58fa8,2017-01-05,2017-01-05,,Auckland,2017-01-05 22:04:22 UTC,2017-01-08 02:47:50 UTC,casual,"",0,0,true,Auckland Central,-36.850547,174.770697,6,,,6,open,false,,,Macrozamia fawcettii,Macrozamia fawcettii,,Plantae,135838
4901221,2c8fd11c-8f7f-422b-bf93-8cfd632b3fc2,2017-01-06,2017-01-06,,Auckland,2017-01-06 02:29:29 UTC,2022-07-31 21:41:59 UTC,casual,"",0,1,true,Auckland Central,-36.852098,174.770697,5,,,5,,false,,,Pinellia,Pinellia ternata,Crowdipper,Plantae,166883
4901300,3ddae7ae-be14-491d-b20a-36b55f1e6b16,2017-01-06,2017-01-06,,Auckland,2017-01-06 02:39:12 UTC,2018-05-07 05:15:57 UTC,casual,"",1,0,true,Auckland Central,-36.852305,174.770952,3,,,3,,false,,,Aechmea nudicaulis,Aechmea nudicaulis,Nakedstem Livingvase,Plantae,273938
4901346,dd8b9d0f-1efa-4d51-8e42-7c6a2bd54f37,2017-01-06,2017-01-06,,Auckland,2017-01-06 02:46:52 UTC,2018-05-07 05:16:41 UTC,casual,"",1,0,true,Auckland Central,-36.852214,174.771491,8,,,8,,false,,,Vriesea,Vriesea,Vriesea,Plantae,84004
4901429,e2b060f9-76c2-4faf-84d2-169a9374ff8e,2017-01-06,2017-01-06,,Auckland,2017-01-06 03:05:22 UTC,2018-05-07 05:17:18 UTC,casual,"",1,0,true,Auckland Central,-36.852214,174.771491,8,,,8,,false,,,Neoregelia,Neoregelia,,Plantae,141291
4901496,c507cd13-11c3-46c3-ab73-30dcc591cdc1,2017-01-06,2017-01-06,,Auckland,2017-01-06 03:25:43 UTC,2017-01-06 03:26:24 UTC,casual,"",0,0,true,Auckland Central,-36.851031,174.772628,13,,,13,,false,,,Glory bush species,Tibouchina,glory bushes and allies,Plantae,85436
4901503,27abcdf3-f50b-49a4-8c13-b9ebc108c251,2017-01-06,2017-01-06,,Auckland,2017-01-06 03:30:47 UTC,2024-07-01 15:01:46 UTC,casual,"",0,0,true,Auckland Central,-36.852269,174.770714,2,,,2,open,false,,,Sago Cycad,Cycas revoluta,Sago cycad,Plantae,129783
4901512,484517fc-5f6e-4c4d-82cc-83dd26e62ffb,2017-01-06,2017-01-06,,Auckland,2017-01-06 03:35:57 UTC,2024-07-01 15:01:47 UTC,casual,"",0,0,true,Auckland Central,-36.852342,174.771004,1,,,1,open,false,,,Sago cycad,Cycas revoluta,Sago cycad,Plantae,129783
4901517,d65da837-fc7a-41b0-a28f-0a31f3b01a66,2017-01-06,2017-01-06,,Auckland,2017-01-06 03:38:36 UTC,2017-01-06 03:38:52 UTC,casual,"",0,0,true,Auckland Central,-36.852369,174.771019,2,,,2,open,false,,,Sago cycad,Cycas revoluta,Sago cycad,Plantae,129783
4910141,e534a0fa-3391-4adb-be09-aac133f59d0a,2017-01-08,2017-01-08,,Auckland,2017-01-08 01:37:25 UTC,2018-05-07 05:17:32 UTC,casual,"",1,0,true,Auckland Central,-36.852214,174.771491,8,,,8,,false,,,Spanish moss,Tillandsia usneoides,Spanish moss,Plantae,49569
4910170,5ed0df51-69bf-470f-8328-50814f7f7258,2017-01-08,2017-01-08,,Auckland,2017-01-08 01:46:51 UTC,2017-06-24 10:41:55 UTC,casual,"",0,0,true,Auckland Central,-36.852667,174.770938,5,,,5,,false,,,Spiderworts,Tricyrtis,toad lilies,Plantae,48379
4910436,c2fd3aa4-a8e9-4187-8f07-ba790a3b0764,2017-01-08,2017-01-08,,Auckland,2017-01-08 02:30:41 UTC,2017-01-08 02:31:09 UTC,casual,"",0,0,true,Auckland Central,-36.849946,174.768638,3,,,3,,false,,,Aloes,Aloe,Aloes,Plantae,71956
4910541,94419619-eacf-46a3-8d4f-68234b070e5e,2017-01-08,2017-01-08,,Auckland,2017-01-08 02:51:34 UTC,2017-01-08 03:02:40 UTC,casual,"",0,0,true,Auckland Central,-36.850391,174.770735,6,,,6,open,false,,,Bowenia serrulata,Bowenia serrulata,byfield fern,Plantae,136281
4910586,e4c16ce1-5a8c-42b4-89d3-55f82a989225,2017-01-08,2017-01-08,,Auckland,2017-01-08 03:02:08 UTC,2017-01-08 03:06:02 UTC,casual,"",0,0,true,Auckland Central,-36.850391,174.770735,6,,,6,open,false,,,Macrozamia stenomera,Macrozamia stenomera,,Plantae,135857
4910618,6791744b-69cc-4ed3-8bac-ee1310569b77,2017-01-08,2017-01-08,,Auckland,2017-01-08 03:07:51 UTC,2017-01-16 06:15:27 UTC,casual,"",0,0,true,Auckland Central,-36.850372,174.770746,21,,,21,open,false,,,Sago cycad,Cycas revoluta,Sago cycad,Plantae,129783
4916019,f72a0886-77cc-47de-aeb5-f663fd8abdc4,2017-01-09,2017-01-09,,Auckland,2017-01-09 01:24:44 UTC,2017-01-09 01:25:18 UTC,casual,"",0,0,true,Auckland Central,-36.851061,174.772805,6,,,6,,false,,,Escallonia bifida,Escallonia bifida,,Plantae,401752
4916235,c05404d5-94b9-4a32-aac8-a4e514a207e6,2017-01-09,2017-01-09,,Auckland,2017-01-09 02:05:20 UTC,2025-08-13 06:40:11 UTC,casual,"",0,0,true,Auckland Central,-36.85177,174.772742,1,,,1,open,false,,,Bocconia frutescens,Bocconia frutescens,Parrotweed,Plantae,133166
4916261,fb35dbe2-25d5-408c-b95a-3a68c6bcf7a2,2017-01-09,2017-01-09,,Auckland,2017-01-09 02:09:23 UTC,2025-08-13 06:40:11 UTC,casual,"",0,0,true,Auckland Central,-36.850582,174.772703,2,,,2,open,false,,,Bocconia frutescens,Bocconia frutescens,Parrotweed,Plantae,133166
4926105,528f0ace-e946-4c0a-a9a2-bdf7918c7b6a,2017-01-11,2017-01-11,,Auckland,2017-01-11 02:17:50 UTC,2017-01-11 02:32:18 UTC,casual,"",0,0,true,Auckland Central,-36.851067,174.772049,4,,,4,,false,,,Scarlet Clock Vine,Thunbergia coccinea,Scarlet clock vine,Plantae,406533
4926175,9d34f164-9927-464e-b7c9-d03f48086d5c,2017-01-11,2017-01-11,,Auckland,2017-01-11 02:33:01 UTC,2017-01-11 02:34:10 UTC,casual,"",0,0,true,Auckland Central,-36.852369,174.771019,2,,,2,open,false,,,Lepidozamia peroffskyana,Lepidozamia peroffskyana,burrawang palm,Plantae,135898
4926301,b9ca8176-2dae-480c-be61-5b54d59399da,2017-01-11,2017-01-11,,Auckland,2017-01-11 03:03:42 UTC,2017-06-24 11:05:20 UTC,casual,"",0,0,true,Auckland Central,-36.852667,174.770938,5,,,5,,false,,,Blazing-stars,Liatris,blazing-stars,Plantae,48690
4926320,f5538f0d-345d-4bba-b45c-1221ac0f581c,2017-01-11,2017-01-11,,Auckland,2017-01-11 03:17:27 UTC,2017-09-11 01:51:52 UTC,casual,"",2,0,true,Auckland Central,-36.852587,174.771001,3,,,3,,false,,,Butterfly bush,Buddleja,butterfly bushes and allies,Plantae,64571
4926445,1fb351a6-ada9-4da4-b36a-5fccb646971b,2017-01-11,2017-01-11,,Auckland,2017-01-11 03:40:52 UTC,2017-01-11 03:42:51 UTC,casual,Host plant,0,0,true,Auckland Central,-36.850967,174.772623,3,,,3,,false,,,Apple,Malus domestica,apple,Plantae,469472
4926533,f11ddac5-78b7-4ce6-84ac-46141766e929,2017-01-11,2017-01-11,,Auckland,2017-01-11 04:03:50 UTC,2017-01-11 04:04:43 UTC,casual,"",0,0,true,Auckland Central,-36.852587,174.771001,3,,,3,,false,,,Rockroses,Helianthemum,dwarf rock-roses,Plantae,57011
4926557,b5e00c7c-c993-41fc-833a-87f185bf2619,2017-01-11,2017-01-11,,Auckland,2017-01-11 04:10:26 UTC,2017-01-11 04:12:22 UTC,casual,"",0,0,true,Auckland Central,-36.852667,174.770938,5,,,5,,false,,,Beardtongues,Penstemon,beardtongues,Plantae,48367
4933910,a35ec242-be53-4eaa-83bc-cff5e68a10f9,2017-01-12,2017-01-12,,Auckland,2017-01-12 20:20:11 UTC,2017-01-12 20:22:29 UTC,casual,"",0,0,true,Auckland Central,-36.851085,174.770324,8,,,8,,false,,,Rockroses,Cistus,Shrubby Rock-roses,Plantae,64322
4933956,7be2c8e5-048f-476c-913a-cb7f7047938d,2017-01-12,2017-01-12,,Auckland,2017-01-12 20:33:53 UTC,2017-01-12 20:35:38 UTC,casual,"",0,0,true,Auckland Central,-36.851438,174.770355,9,,,9,,false,,,Bloodlily,Scadoxus multiflorus,Bloodlily,Plantae,81489
4933971,8de8e4a5-a905-4bae-a612-0d8348bd6e80,2017-01-12,2017-01-12,,Auckland,2017-01-12 20:39:21 UTC,2020-01-14 20:32:45 UTC,casual,Host plant,1,0,true,Auckland Central,-36.85145,174.771493,8,,,8,,false,,,Lagunaria patersonia,Lagunaria patersonia,Norfolk Island hibiscus,Plantae,77622
4934076,15ced6d3-3624-4705-ac26-ee831913a761,2017-01-12,2017-01-12,,Auckland,2017-01-12 20:52:19 UTC,2017-01-12 20:52:34 UTC,casual,"",0,0,true,Auckland Central,-36.851417,174.77177,7,,,7,,false,,,Ceratopetalum,Ceratopetalum,,Plantae,184257
4934105,f0d76e2d-1032-434e-b729-de056adaae20,2017-01-12,2017-01-12,,Auckland,2017-01-12 21:01:23 UTC,2017-01-16 04:52:09 UTC,casual,"",0,0,true,Auckland Central,-36.851269,174.771571,4,,,4,,false,,,Cycas,Cycas,,Plantae,129782
4939963,f0ed2848-b2ad-4f32-9727-cdee5215a151,2017-01-14,2017-01-14,,Auckland,2017-01-14 01:59:49 UTC,2017-01-14 10:52:36 UTC,research,"",1,0,false,Auckland Central,-36.850798,174.770536,4,,,4,,false,,,Garden pink-sorrel,Oxalis latifolia,Fishtail oxalis,Plantae,61839
4939974,91db67c7-6828-4044-a541-afa28a175bcd,2017-01-14,2017-01-14,,Auckland,2017-01-14 02:05:06 UTC,2024-05-11 08:02:13 UTC,casual,"",2,0,true,Auckland Central,-36.851023,174.770729,4,,,4,,false,,,King's-crown,Justicia carnea,King's-crown,Plantae,327856
4946498,ff08cd92-fff3-4b83-aba0-d1adbe89b226,2017-01-15,2017-01-15,,Auckland,2017-01-15 02:04:58 UTC,2018-05-03 08:27:03 UTC,casual,"",0,0,true,Auckland Central,-36.852369,174.771019,2,,,2,,false,,,polypody family,Polypodiaceae,polypody family,Plantae,52679
4946667,9948af23-77fe-4bb9-a372-ee09e1953b03,2017-01-15,2017-01-15,,Auckland,2017-01-15 02:22:30 UTC,2024-07-01 15:01:48 UTC,casual,"",0,0,true,Auckland Central,-36.852345,174.771011,2,,,2,,false,,,Ceratozamia,Ceratozamia,,Plantae,129813
4946719,54569513-2fe5-4226-8c0f-d3e6ae1b62e0,2017-01-15,2017-01-15,,Auckland,2017-01-15 02:29:28 UTC,2024-08-26 09:35:50 UTC,research,"",1,0,false,Auckland Central,-36.852406,174.769243,2,,,2,,false,,,Marchantia berteroana,Marchantia berteroana,Bonfire Liverwort,Plantae,327478
4946822,765327df-f2ad-4b4b-a305-29ea3614b89a,2017-01-15,2017-01-15,,Auckland,2017-01-15 02:41:45 UTC,2017-01-15 02:46:02 UTC,casual,"",0,0,true,Auckland Central,-36.850076,174.77161,15,,,15,,false,,,Taurepo,Rhabdothamnus solandri,taurepo,Plantae,366711
4946953,a8789bf5-e0ac-4494-bcf4-a9c35d00f942,2017-01-15,2017-01-15,,Auckland,2017-01-15 02:51:38 UTC,2017-01-15 02:52:22 UTC,casual,"",0,0,true,Auckland Central,-36.853386,174.770166,3,,,3,,false,,,Maiten tree,Maytenus boaria,Maiten tree,Plantae,77969
4946979,f407552a-be1e-4495-afa1-def65f7b6722,2017-01-15,2017-01-15,,Auckland,2017-01-15 02:54:41 UTC,2017-01-15 02:54:42 UTC,casual,Host plant,0,0,true,Auckland Central,-36.853386,174.770166,3,,,3,,false,,,Grevilleas,Grevillea,Grevilleas,Plantae,64515
4953554,2589b24e-d9ee-40d8-ade8-3403204b945b,2017-01-16,2017-01-16,,Auckland,2017-01-16 06:00:42 UTC,2017-01-16 06:06:32 UTC,casual,"",0,0,true,Auckland Central,-36.850372,174.770746,21,,,21,open,false,,,Bowenia serrulata,Bowenia serrulata,byfield fern,Plantae,136281
4953689,d325011e-c5c8-4e32-b91d-9724fcdf9dcf,2017-01-16,2017-01-16,,Auckland,2017-01-16 06:16:52 UTC,2017-01-16 06:17:34 UTC,casual,"",0,0,true,Auckland Central,-36.850372,174.770746,21,,,21,,false,,,Cycas,Cycas,,Plantae,129782
4953760,a0e3959a-ad9e-4d44-92e8-73e792ebf87f,2017-01-16,2017-01-16,,Auckland,2017-01-16 06:20:22 UTC,2017-01-17 19:51:40 UTC,casual,"",0,0,true,Auckland Central,-36.850372,174.770746,21,,,21,,false,,,Ceratozamia,Ceratozamia,,Plantae,129813
4959106,1ccfaf5e-4fdb-4795-8bd3-37ea0753d055,2017-01-16,2017-01-16,,Auckland,2017-01-17 02:55:45 UTC,2020-01-11 17:19:07 UTC,casual,Street View,1,0,true,Auckland Central,-36.851393,174.770701,3,,,3,,false,,,Baloghia inophylla,Baloghia inophylla,brush bloodwood,Plantae,369778
4965305,a2098a2a-bf75-4e38-a90b-f1b1b73f124d,2017-01-18,2017-01-18,,Auckland,2017-01-18 05:14:34 UTC,2017-02-28 19:36:26 UTC,casual,"",0,0,true,Auckland Central,-36.852369,174.771019,2,,,2,,false,,,Pyrrosia lingua,Pyrrosia lingua,tongue fern,Plantae,428723
4975235,467faaf1-f133-437c-914a-09f8a9607fb9,2017-01-20,2017-01-20,,Auckland,2017-01-20 05:48:32 UTC,2020-01-09 08:57:04 UTC,casual,"",1,0,true,Auckland Central,-36.852311,174.772257,12,,,12,,false,,,Clerodendrum thomsoniae,Clerodendrum thomsoniae,Bleeding glorybower,Plantae,278703
4979109,7e0318d7-50e3-40b9-bbf3-b79fac74a40c,2017-01-20,2017-01-20,,Auckland,2017-01-20 21:42:52 UTC,2017-01-20 21:43:59 UTC,casual,"",0,0,true,Auckland Central,-36.852177,174.772315,3,,,3,,false,,,Begonia boliviensis,Begonia boliviensis,tuberous begonia,Plantae,524999
4980217,8df694e1-244e-456a-9e14-4fe657c3549a,2017-01-21,2017-01-21,,Auckland,2017-01-21 01:52:14 UTC,2017-01-21 01:52:41 UTC,casual,"",0,0,true,Auckland Central,-36.849922,174.769286,6,,,6,,false,,,Parsonsia,Parsonsia,Silkpods,Plantae,273071
4980245,df541e07-830f-4a97-93da-a96d50a68269,2017-01-21,2017-01-21,,Auckland,2017-01-21 01:58:31 UTC,2017-01-21 02:25:55 UTC,casual,"",0,0,true,Auckland Central,-36.850941,174.7724,8,,,8,,false,,,Pennantia,Pennantia,,Plantae,185246
4980455,94f77eea-5d16-4b98-9426-59560a656f70,2017-01-21,2017-01-21,,Auckland,2017-01-21 02:59:38 UTC,2017-06-24 23:52:20 UTC,casual,"",0,0,true,Auckland Central,-36.850292,174.770128,6,,,6,,false,,,Beautyberry,Callicarpa,Beautyberries,Plantae,49195
4980529,e736ce19-97b7-46aa-8629-68859bc02c99,2017-01-21,2017-01-21,,Auckland,2017-01-21 03:26:15 UTC,2018-02-06 13:59:29 UTC,research,"",2,0,false,Auckland Central,-36.84943,174.769558,8,,,8,,false,,,Broussonetia papyrifera,Broussonetia papyrifera,Paper mulberry,Plantae,128032
4980571,d5627847-df38-42d0-addc-d1699a1644fc,2017-01-21,2017-01-21,,Auckland,2017-01-21 03:35:00 UTC,2019-08-13 20:10:04 UTC,casual,"",0,0,true,Auckland Central,-36.850494,174.770624,6,,,6,,false,,,Tapeworm Plant,Muehlenbeckia platyclada,tapeworm plant,Plantae,278467
4980631,fcbfa7ba-0d81-41a2-8fc0-0c39ec6dedd0,2017-01-21,2017-01-21,,Auckland,2017-01-21 03:44:08 UTC,2017-01-21 03:45:35 UTC,casual,"",0,0,true,Auckland Central,-36.850372,174.770746,21,,,21,,false,,,Ceratozamia,Ceratozamia,,Plantae,129813
4986384,0a987bb4-0261-47ee-a91b-3b931e2c890b,2017-01-22,2017-01-22,,Auckland,2017-01-22 01:54:35 UTC,2017-01-22 03:00:57 UTC,casual,"",0,0,true,Auckland Central,-36.848586,174.771459,15,,,15,,false,,,Candlenut,Aleurites moluccanus,Candlenut,Plantae,370011
4986428,f19b782e-52ea-450b-8bb6-b0fc44da4b93,2017-01-22,2017-01-22,,Auckland,2017-01-22 02:04:03 UTC,2017-02-09 22:48:15 UTC,casual,"",0,0,true,Auckland Central,-36.848586,174.771459,15,,,15,,false,,,Schizolobium parahyba,Schizolobium parahyba,Brazilian fern tree,Plantae,52443
4986453,809eb4f4-1eaa-4e64-a88a-0f70613a93d4,2017-01-22,2017-01-22,,Auckland,2017-01-22 02:07:04 UTC,2017-01-22 03:52:20 UTC,casual,"",0,0,true,Auckland Central,-36.851479,174.77185,3,,,3,,false,,,Cycas,Cycas,,Plantae,129782
4987005,839bf76e-c109-43a2-9a7d-a9465302303d,2017-01-22,2017-01-22,,Auckland,2017-01-22 03:31:35 UTC,2017-11-13 01:37:00 UTC,casual,"",0,0,true,Auckland Central,-36.850861,174.77044,5,,,5,,false,,,Pale dewplant,Drosanthemum floribundum,Pale dewplant,Plantae,60107
4993557,f326b559-c3e5-47d3-99fd-61d287907792,2017-01-23,2017-01-23,,Auckland,2017-01-23 05:24:27 UTC,2017-01-23 20:13:32 UTC,casual,"",0,0,true,Auckland Central,-36.85086,174.770476,4,,,4,,false,,,Fried-egg flower,Oncoba spinosa,Fried-egg flower,Plantae,340332
4993565,585ed1c0-74aa-4bf5-9cd6-d12fdd992fd3,2017-01-23,2017-01-23,,Auckland,2017-01-23 05:30:27 UTC,2017-01-23 20:26:56 UTC,casual,"",0,0,true,Auckland Central,-36.85086,174.770476,4,,,4,,false,,,Santolina,Santolina,Lavender-cottons,Plantae,53780
4993681,434f8ce6-2dd2-458d-a8b2-64f2bb558ce7,2017-01-23,2017-01-23,,Auckland,2017-01-23 06:02:50 UTC,2017-11-01 21:13:19 UTC,casual,"",0,0,true,Auckland Central,-36.8496,174.770229,4,,,4,,false,,,Mackaya bella,Mackaya bella,River bells,Plantae,403681
5007746,39998d2d-563b-4143-bab0-bd0b636922ef,2017-01-26,2017-01-26,,Auckland,2017-01-26 05:18:11 UTC,2017-01-26 05:27:59 UTC,casual,"",0,0,true,Auckland Central,-36.85128,174.770639,3,,,3,,false,,,Japanese zelkova,Zelkova serrata,Japanese zelkova,Plantae,129055
5007848,b49089a7-037a-44f6-94d3-0c76b4fc026b,2017-01-26,2017-01-26,,Auckland,2017-01-26 05:41:25 UTC,2018-01-02 20:12:33 UTC,casual,"",0,0,true,Auckland Central,-36.851862,174.770646,8,,,8,,false,,,Japanese angelica tree,Aralia elata,Japanese angelica tree,Plantae,158549
5050327,813337fa-6d58-4982-96cb-cc053332e62d,2017-02-04,2017-02-04,,Auckland,2017-02-04 05:45:23 UTC,2020-02-19 22:57:00 UTC,casual,"",0,0,true,Auckland Central,-36.851094,174.772759,8,,,8,,false,,,Clethra lanata,Clethra mexicana,Mexican Pepperbush,Plantae,284812
5050336,61006b67-d7ee-48c2-ab5b-a65b9df2b0e6,2017-02-04,2017-02-04,,Auckland,2017-02-04 05:51:52 UTC,2024-04-08 13:14:56 UTC,casual,"",0,0,true,Auckland Central,-36.851242,174.773108,6,,,6,open,false,,,Miro,Pectinopitys ferruginea,Miro,Plantae,1532266
5086117,e016a28a-38c0-4039-a64a-968ae95c455b,2017-02-10,2017-02-10,,Auckland,2017-02-10 21:37:33 UTC,2022-11-09 02:53:33 UTC,casual,"",1,0,true,Auckland Central,-36.851317,174.770327,4,,,4,,false,,,Burkwood viburnum,Viburnum × burkwoodii,Burkwood viburnum,Plantae,410711
5086188,0e0c000f-63bc-4079-a395-ea3b8c2f1670,2017-02-10,2017-02-10,,Auckland,2017-02-10 21:56:03 UTC,2024-09-24 14:40:55 UTC,casual,"",1,0,true,Auckland Central,-36.852505,174.771072,3,,,3,open,false,,,Medlar,Crataegus germanica,Medlar,Plantae,1367002
5086387,7a4445ce-d3e9-4526-800f-01a743cbb5bd,2017-02-10,2017-02-10,,Auckland,2017-02-10 22:31:29 UTC,2017-02-10 22:32:39 UTC,casual,"",0,0,true,Auckland Central,-36.851417,174.77177,7,,,7,,false,,,Ceratopetalum,Ceratopetalum,,Plantae,184257
5086418,1a2c789b-097c-4fae-a582-f9503c1df701,2017-02-10,2017-02-10,,Auckland,2017-02-10 22:38:04 UTC,2025-09-12 17:30:15 UTC,casual,"",2,0,true,Auckland Central,-36.850742,174.771559,2,,,2,open,false,,,goldenrain tree,Koelreuteria paniculata,golden rain tree,Plantae,58320
5086485,7bb250b3-efe3-4f74-8799-3973eea56f86,2017-02-10,2017-02-10,,Auckland,2017-02-10 22:51:52 UTC,2024-03-25 22:57:23 UTC,casual,"",1,0,true,Auckland Central,-36.850537,174.769753,3,,,3,,false,,,Firecracker plant,Russelia equisetiformis,Firecracker plant,Plantae,122519
5220836,5b8fcfb1-fcce-4ebc-86f6-eafc58e73cb6,2017-03-04,2017-03-04,,Auckland,2017-03-04 05:30:27 UTC,2019-06-13 05:44:11 UTC,casual,Backhousia citriodora ST-1010-2017-1,2,0,true,Auckland Central,-36.851249,174.770023,6,,,6,,false,,,Lemon myrtle,Backhousia citriodora,Lemon myrtle,Plantae,122826
5400970,692bd0d8-2013-4cba-8cb7-9587c187c126,2017-03-18,2017-03-18,,Auckland,2017-03-19 22:15:11 UTC,2017-03-19 22:16:12 UTC,casual,"",0,0,true,Auckland Central,-36.849278,174.769565,5,,,5,,false,,,Black Wattle,Callicoma serratifolia,Callicoma,Plantae,321039
5401021,786bc28d-0b25-4dfc-a87d-7a7e4e604c95,2017-03-18,2017-03-18,,Auckland,2017-03-19 22:19:23 UTC,2017-03-19 22:20:53 UTC,casual,"",0,0,true,Auckland Central,-36.849278,174.769565,5,,,5,,false,,,Schrebera alata,Schrebera alata,Wing-Leaved Wooden-Pea,Plantae,538727
5401058,22a37a98-f1d6-4965-b949-ecf8ac24ada7,2017-03-18,2017-03-18,,Auckland,2017-03-19 22:22:59 UTC,2017-03-19 22:25:54 UTC,casual,"",0,0,true,Auckland Central,-36.85086,174.770476,4,,,4,,false,,,Fried-egg flower,Oncoba spinosa,Fried-egg flower,Plantae,340332
5429388,b2ec8dc8-0664-46fa-bead-135c42fc4122,2017-03-22,2017-03-22,,Auckland,2017-03-22 23:41:28 UTC,2026-01-01 05:36:57 UTC,casual,Street tree,3,0,true,Auckland Central,-36.851138,174.76868,8,,,8,,false,,,ginkgo,Ginkgo biloba,ginkgo,Plantae,64350
5468953,39bdd2a6-b622-4c04-b82d-773a81abe26e,2017-03-26,2017-03-26,,Auckland,2017-03-26 21:43:30 UTC,2020-07-17 05:30:59 UTC,casual,"",0,0,true,Auckland Central,-36.852188,174.768267,8,,,8,,false,,,Bunya pine,Araucaria bidwillii,Bunya Pine,Plantae,136231
5468961,d99386a6-9c1b-4c1d-9c63-e9cf53abc280,2017-03-26,2017-03-26,,Auckland,2017-03-26 21:44:43 UTC,2017-03-26 21:59:52 UTC,casual,"",0,0,true,Auckland Central,-36.852234,174.768392,6,,,6,,false,,,Australian Fuchsia,Correa,Australian fuchsia,Plantae,196521
5473179,8841f14e-6b1d-4c64-b93f-96a3670238df,2017-03-26,2017-03-26,,Auckland,2017-03-27 03:43:52 UTC,2017-03-27 03:44:28 UTC,casual,"",0,0,true,Auckland Central,-36.850862,174.768841,5,,,5,,false,,,Diospyros whyteana,Diospyros whyteana,Bladder Nut,Plantae,541445
5473212,2d8157c8-1378-467a-b49c-64f57ef69507,2017-03-26,2017-03-26,,Auckland,2017-03-27 03:45:38 UTC,2017-03-27 03:47:14 UTC,casual,"",0,0,true,Auckland Central,-36.849229,174.770477,13,,,13,,false,,,Hedychium coccineum,Hedychium coccineum,Orange ginger lily,Plantae,333538
5473254,6aca0e9f-9d1b-4eb8-8adb-5e5cf17d411f,2017-03-26,2017-03-26,,Auckland,2017-03-27 03:48:12 UTC,2017-09-06 21:47:15 UTC,casual,"",0,0,true,Auckland Central,-36.849229,174.770477,13,,,13,,false,,,Spider Flower,Cleome houtteana,Spider flower,Plantae,559683
5473310,e06100e0-987b-4265-9b23-4d388c1971db,2017-03-26,2017-03-26,,Auckland,2017-03-27 03:50:25 UTC,2017-03-27 03:51:15 UTC,casual,"",0,0,true,Auckland Central,-36.848586,174.771459,15,,,15,,false,,,Candlenut,Aleurites moluccanus,Candlenut,Plantae,370011
5535550,63d5dc0f-7637-4baa-98a6-26c42786877f,2017-04-02,2017-04-02,,Auckland,2017-04-02 01:54:43 UTC,2017-04-02 01:55:33 UTC,casual,"",0,0,true,Auckland Central,-36.852667,174.770938,5,,,5,,false,,,Tricyrtis,Tricyrtis,toad lilies,Plantae,48379
5607624,af6e8632-0cc4-408b-b76e-582944f83f39,2017-04-08,2017-04-08,,Auckland,2017-04-08 02:50:14 UTC,2024-08-26 09:32:57 UTC,needs_id,"",1,0,false,Auckland Central,-36.851231,174.768701,6,,,6,,false,,,Crystalworts,Riccia,Crystalworts,Plantae,53014
5632114,e39cf01d-364c-4564-85ca-213728c52915,2017-04-09,2017-04-09,,Auckland,2017-04-10 01:32:29 UTC,2017-04-10 01:33:37 UTC,casual,"",0,0,true,Auckland Central,-36.851222,174.770203,5,,,5,,false,,,Yellow flax,Reinwardtia indica,Yellow flax,Plantae,410705
5705302,01bb73d6-1603-4a66-a7ab-64202ca7dd88,2017-04-14,2017-04-14,,Auckland,2017-04-15 00:21:07 UTC,2017-08-14 16:22:05 UTC,casual,"",0,0,true,Auckland Central,-36.852385,174.771727,7,,,7,,false,,,Piper auritum,Piper auritum,Root Beer Plant,Plantae,154826
5805725,6008e1d2-51f0-4649-b588-482f0e810f32,2017-04-17,2017-04-17,,Auckland,2017-04-18 00:20:52 UTC,2018-10-05 16:21:55 UTC,casual,"",1,0,true,Auckland Central,-36.849347,174.769635,11,,,11,,false,,,Osmanthus fragrans,Osmanthus fragrans,Sweet olive,Plantae,371103
5898888,108f5589-eed2-4853-85b9-4f7c032e4368,2017-04-22,2017-04-22,,Auckland,2017-04-22 01:39:46 UTC,2017-05-03 09:08:13 UTC,research,"",2,0,false,Auckland Central/Grafton,-36.853642,174.770509,14,,,14,,false,,,Mist flower,Ageratina riparia,Mistflower,Plantae,158112
5915238,2783c1db-d967-4dba-b1d3-30ba85a2e864,2017-04-23,2017-04-23,,Auckland,2017-04-23 01:42:38 UTC,2020-01-11 17:17:53 UTC,casual,"",1,0,true,Auckland Central,-36.851926,174.773258,8,,,8,,false,,,Cuphea micropetala,Cuphea micropetala,Candy corn plant,Plantae,273880
5915274,e1cb2359-b3c7-47e5-8fc2-7533f956f710,2017-04-23,2017-04-23,,Auckland,2017-04-23 01:45:31 UTC,2017-08-03 03:29:47 UTC,research,"",3,0,false,Auckland Central,-36.851935,174.773204,7,,,7,,false,,,Paper mulberry,Broussonetia papyrifera,Paper mulberry,Plantae,128032
5915304,2ee0e7ac-5bad-460d-8fac-db5739b97aad,2017-04-23,2017-04-23,,Auckland,2017-04-23 01:47:47 UTC,2024-05-30 06:54:45 UTC,research,"",5,0,false,Auckland Central,-36.851935,174.773204,7,,,7,,false,,,Crescent-cup liverwort,Lunularia cruciata,Crescent-cup liverwort,Plantae,55703
5915324,20527d72-8d60-4edc-9310-6c2fc2b3cbcc,2017-04-23,2017-04-23,,Auckland,2017-04-23 01:48:51 UTC,2017-05-03 09:01:42 UTC,research,"",1,0,false,Auckland Central,-36.851935,174.773204,7,,,7,,false,,,Japanese honeysuckle,Lonicera japonica,Japanese honeysuckle,Plantae,77835
5915344,6eb123d6-2007-4b79-a10f-823cb667dec1,2017-04-23,2017-04-23,,Auckland,2017-04-23 01:52:00 UTC,2017-04-23 01:52:31 UTC,casual,"",0,0,true,Auckland Central,-36.851967,174.772531,8,,,8,,false,,,Paper mulberry,Broussonetia papyrifera,Paper mulberry,Plantae,128032
5915447,69c80b59-b452-4353-93f5-3816a5b0cc55,2017-04-23,2017-04-23,,Auckland,2017-04-23 02:00:12 UTC,2017-04-23 02:00:52 UTC,casual,"",0,0,true,Auckland Central,-36.853551,174.768999,4,,,4,,false,,,Australian fuchsia,Correa,Australian fuchsia,Plantae,196521
5915477,f883f1f3-c378-44fe-89d9-2e8ee2e87845,2017-04-23,2017-04-23,,Auckland,2017-04-23 02:03:00 UTC,2025-06-11 14:26:09 UTC,casual,"",1,0,true,Auckland Central,-36.853768,174.768845,6,,,6,,false,,,Christmas Berry,Ardisia crenata,Coralberry,Plantae,158586
5915526,51e7dcdd-0a5e-4682-89a7-a900100b92c9,2017-04-23,2017-04-23,,Auckland,2017-04-23 02:05:54 UTC,2018-08-18 03:05:48 UTC,casual,"",0,0,true,Auckland Central,-36.852591,174.769372,6,,,6,,false,,,Tara,Tara spinosa,Tara,Plantae,768539
5915675,f04e0eaf-fa2e-4380-b701-1d71c89695b8,2017-04-23,2017-04-23,,Auckland,2017-04-23 02:10:55 UTC,2017-05-03 09:01:00 UTC,research,"",1,0,false,Auckland Central,-36.853937,174.769769,41,,,41,,false,,,Yellow ginger,Hedychium flavescens,Yellow ginger,Plantae,77347
5915732,f9a880ef-2e20-429a-abac-088d2669740c,2017-04-23,2017-04-23,,Auckland,2017-04-23 02:14:00 UTC,2025-07-10 22:31:10 UTC,needs_id,"",1,4,false,Auckland Central,-36.854302,174.769734,15,,,15,,false,,,Plectranthinae,Plectranthus,spurflowers,Plantae,83521
5944972,cc0aa38d-4e34-4b14-bda9-e04ef712129e,2017-04-25,2017-04-25,,Auckland,2017-04-25 00:13:21 UTC,2017-04-25 00:13:46 UTC,casual,"",0,0,true,Auckland Central,-36.849556,174.770176,15,,,15,,false,,,Fishtail palms,Caryota,Fishtail palms,Plantae,142331
6001897,1f8d9efb-08aa-4906-901b-7aa3d156e03e,2017-04-29,2017-04-29,,Auckland,2017-04-29 01:26:39 UTC,2025-09-13 14:28:21 UTC,casual,"",2,0,true,Auckland Central,-36.850742,174.771559,2,,,2,open,false,,,goldenrain tree,Koelreuteria paniculata,golden rain tree,Plantae,58320
6001914,0058d4c6-4c45-4d7b-9e41-0611dc87fe13,2017-04-29,2017-04-29,,Auckland,2017-04-29 01:29:53 UTC,2025-09-13 14:28:17 UTC,casual,"",2,0,true,Auckland Central,-36.852282,174.770778,3,,,3,open,false,,,goldenrain tree,Koelreuteria paniculata,golden rain tree,Plantae,58320
6016217,c086d416-4cb1-4e4b-83c4-5d0a55911e91,2017-04-30,2017-04-30,,Auckland,2017-04-30 00:30:50 UTC,2017-04-30 00:32:36 UTC,casual,"",0,0,true,Auckland Central,-36.850947,174.770681,3,,,3,,false,,,Colletia paradoxa,Colletia paradoxa,Anchor plant,Plantae,430868
6031464,313f463d-5dcf-4010-8e77-f3b2dbcb2513,2017-04-30,2017-04-30,,Auckland,2017-05-01 01:34:58 UTC,2024-03-19 19:49:01 UTC,casual,"",1,0,true,Auckland Central,-36.852009,174.771884,4,,,4,,false,,,Abacaxí do mato,Ananas comosus bracteatus,Red pineapple,Plantae,933163
6031513,4ebf3648-e9a3-49f9-b14f-dae81d8ade1c,2017-04-30,2017-04-30,,Auckland,2017-05-01 01:39:07 UTC,2017-05-01 01:39:54 UTC,casual,"",0,0,true,Auckland Central,-36.851148,174.773044,4,,,4,,false,,,Rata and allies,Metrosideros,Rātā and allies,Plantae,60448
6031569,f822fead-8bb4-4383-aad3-7702d5050950,2017-04-30,2017-04-30,,Auckland,2017-05-01 01:42:58 UTC,2017-05-01 01:43:49 UTC,casual,"",0,0,true,Auckland Central,-36.850924,174.773067,6,,,6,,false,,,Diospyros whyteana,Diospyros whyteana,Bladder Nut,Plantae,541445
6106019,d6465dda-2ffd-43f3-8cbf-d3da68b15f4b,2017-05-06,2017-05-06,,Auckland,2017-05-06 01:25:18 UTC,2017-06-24 00:53:25 UTC,casual,"",0,0,true,Auckland Central,-36.851035,174.770793,3,,,3,,false,,,Butcher's-broom,Ruscus aculeatus,butcher's-broom,Plantae,82904
6132052,e0ac9b6f-600a-42d3-af45-356eb2a75e2d,2017-05-07,2017-05-07,,Auckland,2017-05-07 23:45:52 UTC,2023-12-14 01:53:49 UTC,casual,"",0,0,true,Auckland Central,-36.849494,174.770165,16,,,16,,false,,,Strobilanthes anisophyllus,Strobilanthes anisophylla,goldfussia,Plantae,1518191
6132062,63d77d7c-37ca-42e4-b557-aaa33f75c304,2017-05-07,2017-05-07,,Auckland,2017-05-07 23:47:02 UTC,2020-01-05 19:49:54 UTC,casual,"",1,0,true,Auckland Central,-36.849494,174.770165,16,,,16,,false,,,Herbe cigarette,Cuphea ignea,Cigar plant,Plantae,153021
6132074,75bd9363-c1cf-416d-991d-04677fd03168,2017-05-07,2017-05-07,,Auckland,2017-05-07 23:49:05 UTC,2018-03-30 23:00:26 UTC,casual,"",0,0,true,Auckland Central,-36.849494,174.770165,16,,,16,,false,,,Blue Ginger,Dichorisandra thyrsiflora,Blue ginger,Plantae,427503
6189543,c33e1e27-9521-4a46-95ac-9a0dbceefe2a,2017-05-13,2017-05-13,,Auckland,2017-05-13 03:36:35 UTC,2017-05-13 09:27:47 UTC,casual,"",1,0,true,Auckland Central,-36.850292,174.770128,6,,,6,,false,,,Beautyberry,Callicarpa,Beautyberries,Plantae,49195
6199782,03248cb5-a40e-46d9-98cc-df344c50d86d,2017-05-14,2017-05-14,,Auckland,2017-05-13 23:43:07 UTC,2017-05-13 23:44:31 UTC,casual,"",0,0,true,Auckland Central,-36.848757,174.770211,3,,,3,,false,,,Dragon's-head Lily,Gladiolus dalenii,Dragon's-head Lily,Plantae,357461
6199815,c9588116-0b53-4c07-a3ff-241a11818fc5,2017-05-14,2017-05-14,,Auckland,2017-05-13 23:47:33 UTC,2024-07-01 15:01:57 UTC,casual,Female cones,0,0,true,Auckland Central,-36.851319,174.771593,3,,,3,open,false,,,Lepidozamia peroffskyana,Lepidozamia peroffskyana,burrawang palm,Plantae,135898
6199925,d1f4c89c-ee1d-4166-ad36-2b4a2cb69c69,2017-05-14,2017-05-14,,Auckland,2017-05-13 23:56:20 UTC,2017-12-15 23:33:18 UTC,casual,"",0,0,true,Auckland Central,-36.848546,174.771282,3,,,3,,false,,,Yellow bauhinia,Bauhinia tomentosa,Yellow bauhinia,Plantae,340307
6212741,1be3f645-a1f6-477a-a202-bc8afd343ca1,2017-05-15,2017-05-15,,Auckland,2017-05-14 23:21:29 UTC,2017-05-14 23:21:54 UTC,casual,"",0,0,true,Auckland Central,-36.848853,174.769047,3,,,3,,false,,,Velvet-leaf,Kalanchoe beharensis,Velvet-leaf,Plantae,320048
6375844,0ddfa6e0-79b9-446f-9da3-17b7e62d1a1c,2017-05-27,2017-05-27,,Auckland,2017-05-27 02:44:11 UTC,2017-05-27 02:44:49 UTC,casual,"",0,0,true,Auckland Central,-36.84938,174.768699,3,,,3,,false,,,Salvia madrensis,Salvia madrensis,Forsythia sage,Plantae,210565
6376150,837a3af1-c648-483d-8a68-0ebe52f60be0,2017-05-27,2017-05-27,,Auckland,2017-05-27 03:01:35 UTC,2023-05-31 14:47:16 UTC,research,"",3,0,false,Auckland Central,-36.848882,174.768983,5,,,5,,false,,,Baby's Tears,Soleirolia soleirolii,Baby's tears,Plantae,79147
6390719,c8fa1c97-28ee-4213-a14e-19fffab8466c,2017-05-28,2017-05-28,,Auckland,2017-05-28 04:16:14 UTC,2017-05-28 04:24:22 UTC,casual,Cones,0,0,true,Auckland Central,-36.852369,174.771019,2,,,28490,open,false,,,Cardboard Palm,Zamia furfuracea,cardboard cycad,Plantae,135559
6686774,aea8f446-3b49-4a63-816c-e9a223d93c3c,2017-06-17,2017-06-17,,Auckland,2017-06-17 02:25:58 UTC,2017-11-18 00:09:18 UTC,casual,"",0,0,true,Auckland Central,-36.849069,174.768833,2,,,2,,false,,,Cup of gold,Solandra maxima,golden chalice vine,Plantae,124349
6686780,84ceea61-d993-4578-a3fd-4a903ce8257f,2017-06-17,2017-06-17,,Auckland,2017-06-17 02:27:44 UTC,2019-10-28 02:22:36 UTC,casual,"",1,0,true,Auckland Central,-36.849237,174.769183,3,,,3,,false,,,Barberries,Berberis,Barberries,Plantae,58728
6686891,ea14f0f7-2abf-4bed-971e-b219e75851c4,2017-06-17,2017-06-17,,Auckland,2017-06-17 02:40:31 UTC,2022-03-31 14:33:04 UTC,casual,"",2,0,true,Auckland Central,-36.850793,174.770509,6,,,6,,false,,,Sausage daisy,Baculellum articulatum,Sausage daisy,Plantae,1371078
6687006,ff0652f1-2635-42d1-bb09-14d4d26d7eeb,2017-06-17,2017-06-17,,Auckland,2017-06-17 02:50:02 UTC,2024-07-01 15:02:00 UTC,casual,Male cones,0,0,true,Auckland Central,-36.850366,174.770702,14,,,14,,false,,,Encephalartos,Encephalartos,bread palms,Plantae,129815
6773253,f8a4e43c-095c-4f1c-a5d2-8fbcb5d50062,2017-06-24,2017-06-24,,Auckland,2017-06-24 02:31:54 UTC,2017-06-24 02:33:15 UTC,casual,Tree,0,0,true,Auckland Central,-36.851453,174.771489,5,,,5,,false,,,Queensland silver wattle,Acacia podalyriifolia,Queensland silver wattle,Plantae,75252
6773287,0771df41-9e7f-46f6-a625-3f4fb625c218,2017-06-24,2017-06-24,,Auckland,2017-06-24 02:35:17 UTC,2017-06-24 02:36:06 UTC,casual,Tree,0,0,true,Auckland Central,-36.850296,174.770542,13,,,13,open,false,,,Coprosma acutifolia,Coprosma acutifolia,,Plantae,70253
6773315,79661969-6a8c-47a4-a0ad-2c4d2b9ed0b4,2017-06-24,2017-06-24,,Auckland,2017-06-24 02:38:14 UTC,2017-06-24 02:38:29 UTC,casual,"",0,0,true,Auckland Central,-36.850366,174.770702,14,,,14,open,false,,,Lepidozamia hopei,Lepidozamia hopei,Hope's cycad,Plantae,135897
6784622,fbefe0d4-31b5-4111-8736-629a89da5bff,2017-06-25,2017-06-25,,Auckland,2017-06-25 01:13:59 UTC,2017-06-25 01:16:30 UTC,casual,"",0,0,true,Auckland Central,-36.850366,174.770702,14,,,14,open,false,,,Bowenia serrulata,Bowenia serrulata,byfield fern,Plantae,136281
6866460,c0d40059-881e-4b6f-ba36-d3a815b7d41e,2017-07-01,2017-07-01,,Auckland,2017-07-01 00:55:22 UTC,2017-07-01 00:56:34 UTC,casual,"Garden plant, tree",0,0,true,Auckland Central,-36.849352,174.76956,6,,,6,,false,,,White sapote,Casimiroa edulis,White sapote,Plantae,209889
6883414,cd00037d-13a0-4918-b3ad-a5429c64ad6b,2017-07-02,2017-07-02,,Auckland,2017-07-02 04:34:29 UTC,2024-07-01 15:02:01 UTC,casual,Female cones,1,0,true,Auckland Central,-36.850366,174.770702,14,,,14,,false,,,Encephalartos,Encephalartos,bread palms,Plantae,129815
6883569,f5dab5ad-0f07-4e3d-a3bc-413231df20c0,2017-07-02,2017-07-02,,Auckland,2017-07-02 04:50:38 UTC,2018-06-19 21:11:19 UTC,casual,"Garden plant, tree",0,0,true,Auckland Central,-36.849145,174.770337,4,,,4,,false,,,Mullumbimby plum,Davidsonia jerseyana,Mullumbimby plum,Plantae,488894
6976477,e24b3d8b-e196-4d41-829b-d02fcfda579b,2017-07-09,2017-07-09,,Auckland,2017-07-09 03:37:11 UTC,2018-07-09 00:25:29 UTC,casual,Shrub,0,0,true,Auckland Central,-36.851292,174.770822,3,,,3,open,false,,,Perching Kohukohu,Pittosporum cornifolium,Tāwhirikaro,Plantae,407617
7032478,b58ab259-4510-4602-a610-8f24e6cebb6d,Thu Jul 13 2017 09:50:52 GMT+1200 (GMT+12),2017-07-13,2017-07-12 21:50:52 UTC,Auckland,2017-07-13 02:54:52 UTC,2017-07-13 03:24:18 UTC,casual,"",0,0,true,"Auckland, NZ",-36.8553974759,174.7670619284,10,,,10,,false,,,,Aloe,Aloes,Plantae,71956
7032624,341e322c-4253-4637-95b8-219393c1be11,Thu Jul 13 2017 09:51:07 GMT+1200 (GMT+12),2017-07-13,2017-07-12 21:51:07 UTC,Auckland,2017-07-13 03:06:55 UTC,2018-11-14 05:28:22 UTC,casual,"",2,0,true,"Auckland, NZ",-36.8553929916,174.7670533789,10,,,10,open,false,,,Aloes,Aloe arborescens,Candelabra Aloe,Plantae,81518
7270796,21bca9c3-0f66-4782-ad05-fb9d01f3b195,2017-07-30,2017-07-30,,Auckland,2017-07-30 01:53:48 UTC,2017-07-30 01:54:46 UTC,casual,"",0,0,true,Auckland Central,-36.850862,174.768841,5,,,5,,false,,,Diospyros whyteana,Diospyros whyteana,Bladder Nut,Plantae,541445
7283395,0354b717-627e-4f1b-859d-1967b64a33e2,2017-07-30,2017-07-30,,Auckland,2017-07-30 21:07:16 UTC,2017-07-30 21:09:13 UTC,casual,Shrub,0,0,true,Auckland Central,-36.848468,174.771437,8,,,8,,false,,,Diospyros whyteana,Diospyros whyteana,Bladder Nut,Plantae,541445
7283454,a8d60555-1a71-45cb-9391-33f110d4686d,2017-07-30,2017-07-30,,Auckland,2017-07-30 21:10:21 UTC,2017-07-30 21:13:22 UTC,casual,Shrub,0,0,true,Auckland Central,-36.848468,174.771437,8,,,8,,false,,,Dysoxylum pachyphyllum,Dysoxylum pachyphyllum,,Plantae,472656
7283462,fc270c23-4b2b-4db4-a1c4-992373ff3824,2017-07-30,2017-07-30,,Auckland,2017-07-30 21:11:01 UTC,2017-07-30 21:16:23 UTC,casual,Shrub,0,0,true,Auckland Central,-36.848468,174.771437,8,,,8,,false,,,Dysoxylum pachyphyllum,Dysoxylum pachyphyllum,,Plantae,472656
7454312,1befd70f-aef7-4f13-b0b2-4acb71ade9bb,2017-08-12,2017-08-12,,Auckland,2017-08-12 00:41:10 UTC,2017-08-12 00:45:01 UTC,casual,"",0,0,true,Auckland Central,-36.851101,174.768791,7,,,7,,false,,,Agapetes serpens,Agapetes serpens,,Plantae,411295
7454409,01b0fb9b-32bf-4294-a10e-912ab383a47b,2017-08-12,2017-08-12,,Auckland,2017-08-12 00:48:25 UTC,2017-08-12 00:51:22 UTC,casual,"Garden plant, shrub",0,0,true,Auckland Central,-36.850928,174.772972,6,,,6,,false,,,Winter honeysuckle,Lonicera fragrantissima,Winter honeysuckle,Plantae,164763
7468697,6f76d4ad-3fe8-4bbc-8545-14c5fda35277,2017-08-13,2017-08-13,,Auckland,2017-08-13 00:47:48 UTC,2020-03-23 19:29:21 UTC,casual,"",2,0,true,Auckland Central,-36.852304,174.770734,2,,,2,,false,,,Snow Poppy,Eomecon chionantha,Snow Poppy,Plantae,401662
7954339,02667409-7f58-4c72-b557-9166b20abf44,2017-09-16,2017-09-16,,Auckland,2017-09-17 00:11:24 UTC,2020-12-05 18:01:59 UTC,casual,"Garden plant, shrub",1,0,true,Auckland Central,-36.849115,174.769841,3,,,3,,false,,,Brown Sage,Salvia aurea,Brown Sage,Plantae,380967
7967894,5a19f4a5-5528-4653-9c82-e1d9a2a06204,2017-09-17,2017-09-17,,Auckland,2017-09-17 21:18:24 UTC,2018-10-03 21:22:13 UTC,casual,"",1,0,true,Auckland Central,-36.848953,174.770276,6,,,6,,false,,,Peacock Moraea,Moraea villosa,Peacock Moraea,Plantae,120331
7968345,96350d43-595f-459a-9578-36612935cafa,2017-09-17,2017-09-17,,Auckland,2017-09-17 21:44:12 UTC,2017-09-17 21:44:14 UTC,casual,"",0,0,true,Auckland Central,-36.848953,174.770276,6,,,6,,false,,,Scarlet Freesia,Freesia laxa,Scarlet Kammetjie,Plantae,345417
8137862,9a2b4026-e88c-4271-a474-e1d7ce361121,2017-08-28 5:51:16 下午 GMT+08:00,2017-08-28,2017-08-28 09:51:16 UTC,Perth,2017-09-27 15:34:17 UTC,2025-07-11 03:43:07 UTC,needs_id,"",2,0,false,"Auckland, NZ",-36.8511924744,174.7687530518,,,,,open,false,gps,gps,Fuchsia,Fuchsia,Section Fuchsia,Plantae,1039661
8177905,7a2c012d-1688-41f9-ad9c-274705fdb6b3,2017-09-30,2017-09-30,,Auckland,2017-09-30 01:25:36 UTC,2022-11-09 02:54:44 UTC,casual,Shrub,1,0,true,Auckland Central,-36.851317,174.770327,4,,,4,,false,,,Burkwood viburnum,Viburnum × burkwoodii,Burkwood viburnum,Plantae,410711
8177915,806a4381-9397-4a64-816b-2a8ead10d3e8,2017-09-30,2017-09-30,,Auckland,2017-09-30 01:27:54 UTC,2017-09-30 01:28:09 UTC,casual,Shrub,0,0,true,Auckland Central,-36.851401,174.770268,4,,,4,,false,,,Viburnum japonicum,Viburnum japonicum,Japanese viburnum,Plantae,474121
8177923,ce754d02-a90a-4d7f-811f-d96dfff7d57d,2017-09-30,2017-09-30,,Auckland,2017-09-30 01:29:31 UTC,2017-09-30 02:33:18 UTC,casual,"",0,0,true,Auckland Central,-36.848953,174.770276,6,,,6,,false,,,Scarlet freesia,Freesia laxa,Scarlet Kammetjie,Plantae,345417
8178682,bfe7932a-04d4-4f2b-bc35-6cc7c4997c72,2017-09-30,2017-09-30,,Auckland,2017-09-30 02:34:10 UTC,2017-09-30 02:34:43 UTC,casual,"",0,0,true,Auckland Central,-36.848953,174.770276,6,,,6,,false,,,Hoop-petticoat Daffodil,Narcissus bulbocodium,hoop-petticoat daffodil,Plantae,57413
8178713,1b5540ef-7695-4043-8891-9efc41e4adfb,2017-09-30,2017-09-30,,Auckland,2017-09-30 02:36:40 UTC,2017-10-07 00:35:50 UTC,casual,"",0,0,true,Auckland Central,-36.848953,174.770276,6,,,6,,false,,,Orthrosanthus,Orthrosanthus,,Plantae,148011
8304120,50166402-71b2-4f62-a66f-e9573c775f1a,2017-10-08,2017-10-08,,Auckland,2017-10-08 00:42:28 UTC,2019-10-05 23:39:39 UTC,casual,"Garden plant, tree",0,0,true,Auckland Central,-36.851247,174.771677,3,,,3,,false,,,Woolly Bottlebrush,Greyia radlkoferi,Woolly Bottlebrush,Plantae,185515
8392739,f1f09ceb-37d9-4fda-93b1-2712249b9ff2,2017-10-14,2017-10-14,,Auckland,2017-10-14 00:58:25 UTC,2017-10-14 00:58:46 UTC,casual,"Garden plant, shrub",0,0,true,Auckland Central,-36.852699,174.770913,4,,,4,,false,,,Kohleria hirsuta,Kohleria hirsuta,,Plantae,336057
8405770,b965ce92-a25e-4e5a-a00c-94a1ce0b155f,2017-10-14,2017-10-14,,Auckland,2017-10-14 23:11:17 UTC,2017-10-14 23:12:45 UTC,casual,"Garden plant, tree",0,0,true,Auckland Central,-36.851969,174.770658,13,,,13,,false,,,Stachyurus praecox,Stachyurus praecox,Early spiketail,Plantae,448007
8406023,7a931042-abb0-4371-b44d-0fa7025dbbe1,2017-10-15,2017-10-15,,Auckland,2017-10-14 23:31:44 UTC,2021-08-09 17:58:44 UTC,casual,Garden plant,0,0,true,Auckland Central,-36.84959,174.77008,12,,,12,,false,,,Parsnip palm,Daucus decipiens,Parsnip palm,Plantae,912871
8406065,26ed81dd-1647-46cb-b032-ee93a1db808a,2017-10-15,2017-10-15,,Auckland,2017-10-14 23:35:50 UTC,2017-10-14 23:36:38 UTC,casual,"Garden plant, shrub",0,0,true,Auckland Central,-36.850976,174.772454,13,,,13,,false,,,Florida Anise,Illicium floridanum,Florida Anise,Plantae,164050
8406091,74099788-5ae2-4deb-8ca7-1eda1cf76cb8,2017-10-15,2017-10-15,,Auckland,2017-10-14 23:38:21 UTC,2021-11-13 00:06:25 UTC,casual,Garden plant,1,0,true,Auckland Central,-36.850976,174.772454,13,,,13,open,false,,,Koheriki,Scandia rosifolia,Koheriki,Plantae,405826
8406166,23e28359-8f5f-4e7b-9ff0-da5a59ec3cea,2017-10-15,2017-10-15,,Auckland,2017-10-14 23:46:20 UTC,2017-10-14 23:46:57 UTC,casual,Garden plant,0,0,true,Auckland Central,-36.851131,174.772735,10,,,10,,false,,,Calibrachoa,Calibrachoa,million bells,Plantae,59033
8406191,4c3921ce-c9dd-4466-909d-4126c83beda6,2017-10-15,2017-10-15,,Auckland,2017-10-14 23:48:28 UTC,2023-07-03 06:32:59 UTC,casual,Garden plant,1,0,true,Auckland Central,-36.848953,174.770276,6,,,6,,false,,,Tubular corn-lily,Ixia paniculata,Butt Ixia,Plantae,129760
8406221,4a354646-726c-43af-9879-973a1d45972b,2017-10-15,2017-10-15,,Auckland,2017-10-14 23:51:15 UTC,2017-10-14 23:51:48 UTC,casual,"Garden plant, shrub",0,0,true,Auckland Central,-36.850941,174.7724,8,,,8,,false,,,Pennantia,Pennantia,,Plantae,185246
8406257,6279b7d9-7639-4210-a747-bf85ce763643,2017-10-15,2017-10-15,,Auckland,2017-10-14 23:54:00 UTC,2017-10-15 23:01:49 UTC,casual,"Garden plant, shrub",0,0,true,Auckland Central,-36.85342,174.769166,6,,,6,,false,,,northern highbush blueberry,Vaccinium corymbosum,Northern highbush blueberry,Plantae,52740
8406318,925ad650-d145-4b91-ac9a-3ca9cf8cbb28,2017-10-15,2017-10-15,,Auckland,2017-10-14 23:58:21 UTC,2020-06-27 10:22:36 UTC,casual,"Garden plant, tree",1,0,true,Auckland Central,-36.853477,174.769186,2,,,2,,false,,,Hard Beech,Nothofagus truncata,Hard Beech,Plantae,410114
8408792,4d1a3b13-9469-4b93-94b6-a92e66e526f1,2017-10-15,2017-10-15,,Auckland,2017-10-15 03:43:38 UTC,2017-10-16 09:52:12 UTC,casual,"Garden plant, shrub",1,0,true,Auckland Central,-36.85116,174.770865,7,,,7,,false,,,Bartlettina sordida,Bartlettina sordida,Blue Mist Flower,Plantae,289658
8425387,2d27a9a7-d59f-48bc-99ad-3ffcd2907989,2017-10-16 1:36:43 pm GMT+13:00,2017-10-16,2017-10-16 00:36:43 UTC,Nuku'alofa,2017-10-16 11:08:21 UTC,2018-12-23 21:57:06 UTC,casual,"",0,0,true,"20 Waterloo Quadrant, Auckland, 1010, New Zealand",-36.8496780396,174.7707672119,,,,,,false,gps,gps,Sawara cypress,Chamaecyparis pisifera,Sawara cypress,Plantae,123925
8483917,9ec5a52d-05a8-4fe8-a65c-e6307460e9f8,2017-10-21,2017-10-21,,Auckland,2017-10-21 00:45:16 UTC,2017-10-21 00:46:02 UTC,casual,"Garden plant, tree",0,0,true,Auckland Central,-36.849278,174.769565,5,,,5,,false,,,Black wattle,Callicoma serratifolia,Callicoma,Plantae,321039
8484031,3fe5b4ab-e15e-4ba7-974f-aea0c441f961,2017-10-21,2017-10-21,,Auckland,2017-10-21 00:53:14 UTC,2017-10-23 21:31:11 UTC,casual,"Garden plant, tree",0,0,true,"Grafton, Auckland",-36.855599,174.768065,5,,,5,,false,,,Rothmannia globosa,Rothmannia globosa,Bell-Gardenia,Plantae,431565
8485928,5212cd5d-322b-47b0-98a9-1aa7a9fa9998,2017-10-21,2017-10-21,,Auckland,2017-10-21 04:11:46 UTC,2017-10-26 06:54:06 UTC,casual,"",2,0,true,Auckland Central,-36.851534,174.771813,10,,,10,,false,,,Onion Orchid,Microtis unifolia,Maikaika,Plantae,353958
8486020,c5294d34-368a-44c1-b618-8eb828015d6a,2017-10-21,2017-10-21,,Auckland,2017-10-21 04:20:58 UTC,2017-10-24 20:29:07 UTC,casual,Garden plant,0,0,true,Auckland Central,-36.85218,174.771741,7,,,7,,false,,,Pink rock orchid,Dendrobium kingianum,pink rock orchid,Plantae,83578
8498384,7764dab3-5246-44bc-8eae-ca19ac74390e,2017-10-21,2017-10-21,,Auckland,2017-10-22 00:52:36 UTC,2024-07-01 15:05:09 UTC,casual,Pollen cones,1,0,true,Auckland Central,-36.852544,174.772113,7,,,7,,false,,,Matai,Prumnopitys taxifolia,Mataī,Plantae,135506
8498431,90dabd69-9872-4b5d-a70b-ea3d7d47da18,2017-10-21,2017-10-21,,Auckland,2017-10-22 00:55:55 UTC,2017-10-22 00:57:00 UTC,casual,"Garden plant, shrub",0,0,true,Auckland Central,-36.851099,174.772778,7,,,7,,false,,,Stachyurus praecox,Stachyurus praecox,Early spiketail,Plantae,448007
8580942,7000069d-bdec-4c51-a098-034e8ac424c7,2017-10-28,2017-10-28,,Auckland,2017-10-27 22:27:34 UTC,2017-10-27 22:28:06 UTC,casual,Garden plant,0,0,true,Auckland Central,-36.850731,174.770434,4,,,4,,false,,,Gasteria carinata,Gasteria carinata,Keeled Oxtongue,Plantae,479482
8582122,02162de5-6258-4b07-af21-82efcdb63459,2017-10-28,2017-10-28,,Auckland,2017-10-28 00:38:45 UTC,2024-02-20 21:52:32 UTC,casual,"",0,0,true,Auckland Central,-36.851128,174.769788,5,,,5,,false,,,Three Kings milk tree,Paratrophis smithii,Three Kings milk tree,Plantae,407146
8582166,47667ad1-4b97-4ac3-bac4-a9856c19133b,2017-10-28,2017-10-28,,Auckland,2017-10-28 00:46:41 UTC,2018-08-18 03:05:51 UTC,casual,"",0,0,true,Auckland Central,-36.852591,174.769372,6,,,6,,false,,,Tara,Tara spinosa,Tara,Plantae,768539
8582263,0892f13c-d34f-42f4-ba57-caf7a47652ef,2017-10-28,2017-10-28,,Auckland,2017-10-28 00:56:12 UTC,2018-12-01 04:25:42 UTC,casual,"",1,0,true,Auckland Central,-36.852433,174.768551,7,,,7,,false,,,Grevilleas,Grevillea,Grevilleas,Plantae,64515
8582960,9f5eb306-bc59-4d21-915d-f277354bd650,2017-10-28,2017-10-28,,Auckland,2017-10-28 02:03:34 UTC,2017-10-28 22:06:35 UTC,casual,"",1,0,true,Auckland Central,-36.848863,174.769064,5,,,5,,false,,,Keeled-fruited Cornsalad,Valerianella carinata,Keeled-fruited Cornsalad,Plantae,79478
8583009,68ca4607-0d54-42d5-898b-5b4a12c9bf74,2017-10-28,2017-10-28,,Auckland,2017-10-28 02:09:39 UTC,2017-10-28 02:10:53 UTC,casual,"",0,0,true,Auckland Central,-36.848953,174.770276,6,,,6,,false,,,Romulea,Romulea,Froetangs,Plantae,59939
8583031,78b75d0e-2109-42b7-ba64-1b01343b374e,2017-10-28,2017-10-28,,Auckland,2017-10-28 02:11:32 UTC,2017-10-28 23:39:18 UTC,casual,"",0,0,true,Auckland Central,-36.848953,174.770276,6,,,6,,false,,,Jovellana violacea,Jovellana violacea,,Plantae,513928
8583097,15162e6d-e99e-4544-936b-c80bd5df3158,2017-10-28,2017-10-28,,Auckland,2017-10-28 02:23:32 UTC,2017-10-28 02:25:25 UTC,casual,Tree,0,0,true,Auckland Central,-36.849576,174.771265,10,,,10,,false,,,Sacred Fig,Ficus religiosa,Sacred fig,Plantae,127514
8583160,9b88651e-a797-401d-bb15-1023405c4260,2017-10-28,2017-10-28,,Auckland,2017-10-28 02:30:10 UTC,2025-07-08 17:36:55 UTC,casual,"Garden plant, shrub",1,0,true,Auckland Central,-36.850014,174.771389,25,,,25,,false,,,Trochodendron aralioides,Trochodendron aralioides,Cartwheel Tree,Plantae,429716
8583218,6fb78f62-58d9-4eb1-8f4e-9e5ab8bdd9fd,2017-10-28,2017-10-28,,Auckland,2017-10-28 02:41:38 UTC,2017-11-01 01:17:15 UTC,casual,"Climber, garden plant, shrub",0,0,true,Auckland Central,-36.849795,174.77063,12,,,12,,false,,,Lavender trumpet vine,Bignonia callistegioides,Argentine trumpet vine,Plantae,543859
8584186,21ab7084-0de3-4743-a62a-5d9cf2351258,2017-10-28,2017-10-28,,Auckland,2017-10-28 04:30:37 UTC,2022-07-31 21:43:13 UTC,casual,"",0,1,true,Auckland Central,-36.852098,174.770697,5,,,5,,false,,,Pinellia,Pinellia ternata,Crowdipper,Plantae,166883
8584222,aa4b7ba1-701d-4c88-9926-9763477d14b7,2017-10-28,2017-10-28,,Auckland,2017-10-28 04:35:52 UTC,2017-10-28 04:36:55 UTC,casual,Tree,0,0,true,Auckland Central,-36.85128,174.770639,3,,,3,,false,,,Japanese zelkova,Zelkova serrata,Japanese zelkova,Plantae,129055
8584870,2a949d8f-0aec-45b0-95a9-85ff4e5b8419,2017-10-28,2017-10-28,,Auckland,2017-10-28 06:28:57 UTC,2017-10-28 06:41:03 UTC,casual,Shrub,1,0,true,Auckland Central,-36.85162,174.771274,5,,,5,,false,,,Mairehau,Leionema nudum,Mairehau,Plantae,380862
8584907,4f3abc0e-6f62-4567-9533-b35d6c27f51c,2017-10-28,2017-10-28,,Auckland,2017-10-28 06:35:08 UTC,2017-10-28 22:13:23 UTC,casual,"",1,0,true,Auckland Central,-36.851984,174.771153,3,,,3,,false,,,Onion Orchid,Microtis unifolia,Maikaika,Plantae,353958
8584937,fbb090b7-3016-4a92-bb1b-17734c741b93,2017-10-28,2017-10-28,,Auckland,2017-10-28 06:43:33 UTC,2022-11-06 22:33:19 UTC,casual,"",0,1,true,Auckland Central,-36.851984,174.771153,3,,,3,,false,,,Dwergmispel,Cotoneaster horizontalis,Wall cotoneaster,Plantae,53771
8672777,6f22e86e-972c-4220-bec7-d9483b3fb791,2017-11-04,2017-11-04,,Auckland,2017-11-04 02:46:05 UTC,2019-11-07 10:01:53 UTC,casual,"Garden plant, shrub",1,0,true,Auckland Central,-36.849544,174.769554,13,,,13,,false,,,Estrobilante,Strobilanthes auriculata dyeriana,Persian shield,Plantae,780930
8686480,843f00cb-31b2-43db-bbcc-70a2783201dc,2017-11-05,2017-11-05,,Auckland,2017-11-04 23:48:13 UTC,2017-11-04 23:48:41 UTC,casual,"Garden plant, shrub",0,0,true,Auckland Central,-36.849437,174.770305,6,,,6,,false,,,Mountain laurel,Kalmia latifolia,mountain laurel,Plantae,49397
8686531,4b72bd8e-5b3f-468d-b3c8-49a5e80cbaac,2017-11-05,2017-11-05,,Auckland,2017-11-04 23:53:16 UTC,2024-02-20 21:52:33 UTC,casual,"Garden plant, shrub",0,0,true,Auckland Central,-36.849932,174.771566,22,,,22,,false,,,Three Kings milk tree,Paratrophis smithii,Three Kings milk tree,Plantae,407146
8686649,319812bc-b8d4-42b5-8992-2dd606fe32f9,2017-11-05,2017-11-05,,Auckland,2017-11-05 00:02:18 UTC,2021-08-02 22:34:46 UTC,casual,"Garden plant, shrub",1,0,true,Auckland Central,-36.851392,174.770514,11,,,11,,false,,,Beauty Bush,Kolkwitzia amabilis,Beauty Bush,Plantae,52501
8686717,51dbf36e-8f98-4936-9319-6c65d9c729eb,2017-11-05,2017-11-05,,Auckland,2017-11-05 00:09:34 UTC,2017-11-05 00:09:36 UTC,casual,"Garden plant, shrub",0,0,true,Auckland Central,-36.850825,174.772847,3,,,3,,false,,,Thunbergia natalensis,Thunbergia natalensis,Bluebell Clockvine,Plantae,146767
8686740,34749333-1a08-4a49-b037-61083be8424d,2017-11-05,2017-11-05,,Auckland,2017-11-05 00:11:54 UTC,2017-11-05 00:27:07 UTC,research,"Climber, garden plant, shrub",2,0,false,Auckland Central,-36.8509,174.772965,6,,,6,,false,,,Five-leaf akebia,Akebia quinata,Five-leaf akebia,Plantae,126249
8770565,83178856-919f-41f1-8bc1-10cfdab7e7d5,2017-11-12,2017-11-12,,Auckland,2017-11-12 03:44:11 UTC,2021-09-01 21:33:44 UTC,research,"",2,0,false,Auckland Central,-36.851207,174.76891,27,,,27,,false,,,largeflower pink-sorrel,Oxalis debilis,Largeflower pink-sorrel,Plantae,61963
8842974,c645834e-303b-4f08-97f3-86425d621ee8,2017-11-18,2017-11-18,,Auckland,2017-11-18 00:11:38 UTC,2017-11-18 02:56:25 UTC,casual,"Climber, garden plant, shrub",1,0,true,Auckland Central,-36.849069,174.768833,2,,,2,,false,,,Cup of gold,Solandra maxima,golden chalice vine,Plantae,124349
8842998,ce6f96c5-43ba-430c-88cc-7b29034eec0e,2017-11-18,2017-11-18,,Auckland,2017-11-18 00:15:30 UTC,2017-11-26 02:01:59 UTC,research,"",2,0,false,Auckland Central,-36.849026,174.768951,3,,,3,,false,,,caper spurge,Euphorbia lathyris,caper spurge,Plantae,77114
8843058,13d53426-ada2-4fc4-a8ac-09b1977d49b4,2017-11-18,2017-11-18,,Auckland,2017-11-18 00:20:51 UTC,2018-06-19 21:10:41 UTC,casual,"",0,0,true,Auckland Central,-36.849145,174.770337,4,,,4,,false,,,Mullumbimby Plum,Davidsonia jerseyana,Mullumbimby plum,Plantae,488894
8925885,7654159b-95e3-4a14-83da-c950e22ede40,2017-11-25,2017-11-25,,Auckland,2017-11-25 04:34:40 UTC,2018-11-23 09:21:39 UTC,casual,Garden plant,3,0,true,Auckland Central,-36.850434,174.770069,19,,,19,,false,,,Sapphire tower,Puya alpestris,Sapphire tower,Plantae,431518
9024137,8bab078d-6054-4306-937f-2ef1d103c16d,2017-12-03,2017-12-03,,Auckland,2017-12-03 01:07:34 UTC,2026-02-23 22:14:41 UTC,casual,Tree,0,0,true,Auckland Central,-36.851453,174.771489,5,,,5,,false,,,Queensland silver wattle,Acacia podalyriifolia,Queensland silver wattle,Plantae,75252
9024257,dc15f0c1-0610-46ff-9907-92df2a177f21,2017-12-03,2017-12-03,,Auckland,2017-12-03 01:18:07 UTC,2025-09-14 16:13:18 UTC,casual,"",0,0,true,Auckland Central,-36.852354,174.771026,4,,,4,,false,,,Scyphularia pentaphylla,Davallia pentaphylla,,Plantae,1613534
9024492,6bccbd5f-af39-4908-a231-e145b92f1022,2017-12-03,2017-12-03,,Auckland,2017-12-03 01:37:50 UTC,2021-04-16 12:10:32 UTC,casual,Tree,0,0,true,Auckland Central,-36.852295,174.77072,9,,,9,,false,,,Trident Maple,Acer buergerianum,Trident maple,Plantae,337792
9024552,fdf7b34a-02e6-499e-8e0d-3eb83c4a4157,2017-12-03,2017-12-03,,Auckland,2017-12-03 01:42:16 UTC,2017-12-03 01:44:24 UTC,casual,"",0,0,true,Auckland Central,-36.852026,174.769297,8,,,8,,false,,,White fig,Ficus virens,White fig,Plantae,129546
9027143,72e99888-c2e4-42ab-bdcf-67ff23abacd0,2017-12-03,2017-12-03,,Auckland,2017-12-03 05:34:21 UTC,2017-12-03 05:34:50 UTC,casual,"",0,0,true,Auckland Central,-36.849576,174.771265,10,,,10,,false,,,Happy tree (Chinese happy tree),Camptotheca acuminata,Chinese happy tree,Plantae,135426
9027264,47c4fc03-2b4c-4f86-96e4-e1ee12b3972a,2017-12-03,2017-12-03,,Auckland,2017-12-03 05:44:00 UTC,2017-12-11 18:27:07 UTC,casual,"",1,0,true,Auckland Central,-36.850816,174.770466,7,,,7,,false,,,Delosperma echinatum,Delosperma echinatum,Hedgehog Sheepfig,Plantae,424112
9107306,f3c6a859-1232-487f-82ed-476b5ab96d93,2017-12-10,2017-12-10,,Auckland,2017-12-10 04:56:44 UTC,2017-12-10 05:06:49 UTC,casual,"Host plant, tree",0,0,true,Auckland Central,-36.850252,174.769812,7,,,7,,false,,,Pigeonwood,Hedycarya arborea,Pigeonwood,Plantae,402414
9166885,c3684160-2b34-4a77-9445-78ee552007cb,2017-12-16,2017-12-16,,Auckland,2017-12-15 23:21:28 UTC,2017-12-15 23:48:24 UTC,casual,"",0,0,true,Auckland Central,-36.848546,174.771282,3,,,3,,false,,,Yellow bauhinia,Bauhinia tomentosa,Yellow bauhinia,Plantae,340307
9167021,2584989c-c9e3-4bb0-8b27-8f7530974e83,2017-12-16,2017-12-16,,Auckland,2017-12-15 23:42:23 UTC,2020-09-20 11:10:33 UTC,casual,Tree,0,0,true,Auckland Central,-36.848546,174.771282,3,,,3,,false,,,Ice-cream-bean,Inga edulis,Ice cream bean,Plantae,209926
9168499,7b76881e-1556-4776-b45e-cfb929eb1884,2017-12-16,2017-12-16,,Auckland,2017-12-16 03:43:16 UTC,2019-11-07 10:01:55 UTC,casual,"",1,0,true,Auckland Central,-36.849544,174.769554,13,,,13,,false,,,Estrobilante,Strobilanthes auriculata dyeriana,Persian shield,Plantae,780930
9168520,c3b365b3-7efb-4078-a5b7-e822de7894fb,2017-12-16,2017-12-16,,Auckland,2017-12-16 03:49:22 UTC,2024-11-15 07:05:16 UTC,casual,Climber,0,0,true,Auckland Central,-36.850983,174.772186,4,,,4,,false,,,Tecomanthe,Tecomanthe,,Plantae,344236
9168535,1d10fda1-c3e2-41d4-8637-19447d6acd67,2017-12-16,2017-12-16,,Auckland,2017-12-16 03:52:26 UTC,2017-12-16 03:52:28 UTC,casual,Climber,0,0,true,Auckland Central,-36.850924,174.772182,3,,,3,,false,,,Star jasmine,Trachelospermum jasminoides,Star jasmine,Plantae,169856
9168836,0cc853e8-cf3c-4553-b7df-6d055909239c,2017-12-16,2017-12-16,,Auckland,2017-12-16 04:46:55 UTC,2025-06-22 23:24:43 UTC,casual,"",2,0,true,Auckland Central,-36.852505,174.771072,3,,,3,open,false,,,Medlar,Crataegus germanica,Medlar,Plantae,1367002
9168860,16feca7c-179b-459d-9ee7-d9551adf491d,2017-12-16,2017-12-16,,Auckland,2017-12-16 04:50:51 UTC,2017-12-17 20:29:35 UTC,research,"",1,0,false,Auckland Central,-36.851636,174.771282,5,,,5,,false,,,Garden pink-sorrel,Oxalis latifolia,Fishtail oxalis,Plantae,61839
9168894,3c26de86-8af4-4f24-b5b6-7072be8303aa,2017-12-16,2017-12-16,,Auckland,2017-12-16 04:56:13 UTC,2017-12-16 04:57:41 UTC,casual,Tree,0,0,true,Auckland Central,-36.851319,174.770595,10,,,10,open,false,,,Canadian serviceberry,Amelanchier canadensis,Canadian serviceberry,Plantae,133382
9168913,db0a7c57-d54d-44f0-8b0a-055ed15effbe,2017-12-16,2017-12-16,,Auckland,2017-12-16 04:59:35 UTC,2017-12-16 05:00:27 UTC,casual,Shrub,0,0,true,Auckland Central,-36.851319,174.770595,10,,,10,,false,,,Japanese barberry,Berberis thunbergii,Japanese barberry,Plantae,58727
9173446,56a6a39b-0207-4cec-a1a9-3eee972da58f,2017-12-17,2017-12-17,,Auckland,2017-12-16 22:11:46 UTC,2022-07-31 21:43:30 UTC,casual,"",1,1,true,Auckland Central,-36.849782,174.771577,11,,,11,,false,,,Pinellia,Pinellia ternata,Crowdipper,Plantae,166883
9173481,fcb82f02-f0e8-42f0-8359-f5ddbe58be54,2017-12-17,2017-12-17,,Auckland,2017-12-16 22:22:02 UTC,2017-12-16 22:22:34 UTC,casual,"Climber, garden plant, shrub",0,0,true,Auckland Central,-36.8496,174.770229,4,,,4,,false,,,Mackaya bella,Mackaya bella,River bells,Plantae,403681
9173537,f257e805-3934-4a24-a7c6-eebb8fb80a5a,2017-12-17,2017-12-17,,Auckland,2017-12-16 22:24:54 UTC,2017-12-20 08:34:29 UTC,casual,Garden plant,1,0,true,Auckland Central,-36.84951,174.770292,8,,,28476,,false,,,King fern,Ptisana salicina,King fern,Plantae,410562
9237139,862be903-dc4a-4ce4-a1d1-c01f0ddcecab,2017-12-23,2017-12-23,,Auckland,2017-12-23 00:35:29 UTC,2017-12-23 00:37:57 UTC,casual,"Garden plant, shrub",0,0,true,Auckland Central,-36.850908,174.772548,7,,,7,,false,,,Heimia salicifolia,Heimia salicifolia,sun opener,Plantae,157498
9237179,7d1c2bfb-7479-47a8-9472-3ba7a9c0a75a,2017-12-23,2017-12-23,,Auckland,2017-12-23 00:41:10 UTC,2024-01-17 07:31:07 UTC,casual,"Garden plant, tree",2,0,true,Auckland Central,-36.851335,174.773117,4,,,4,open,false,,,Alectryon excelsus grandis,Alectryon excelsus grandis,Three Kings Titoki,Plantae,411919
9261868,ee49f50b-93e6-4ee1-b69e-74805ebb2a54,2017-12-26,2017-12-26,,Auckland,2017-12-26 02:30:05 UTC,2017-12-26 02:35:02 UTC,casual,"",0,0,true,Auckland Central,-36.852394,174.772231,8,,,8,,false,,,Cape Lance-leaf,Metrosideros angustifolia,Cape lance-leaf,Plantae,428239
9261969,35e51d89-e5d6-4f2d-9f35-546862429696,2017-12-26,2017-12-26,,Auckland,2017-12-26 02:39:57 UTC,2017-12-26 03:04:56 UTC,casual,"Climber, garden plant, shrub",0,0,true,Auckland Central,-36.852394,174.772231,8,,,8,,false,,,Clematises,Clematis,Clematis and leatherflowers,Plantae,49877
9262356,53808187-d8cb-4b46-9b97-bffed9958ab5,2017-12-26,2017-12-26,,Auckland,2017-12-26 03:28:00 UTC,2024-07-25 05:37:30 UTC,casual,"Garden plant, tree",0,0,true,"23A Alten Rd, Auckland Central",-36.851921,174.77321,4,,,4,open,false,,,Paper mulberry,Broussonetia papyrifera,Paper mulberry,Plantae,128032
9270332,64e21229-c722-4724-86ec-de40fff5285f,2017-12-27,2017-12-27,,Auckland,2017-12-27 02:56:48 UTC,2019-02-21 20:50:35 UTC,casual,"Garden plant, shrub",0,0,true,Auckland Central,-36.850831,174.768929,7,,,28476,open,false,,,Elingamita johnsonii,Elingamita johnsonii,,Plantae,183570
9270354,6fe3cce5-558e-4792-8fc7-06f32ab041db,2017-12-27,2017-12-27,,Auckland,2017-12-27 02:59:30 UTC,2021-06-07 10:33:14 UTC,casual,"Garden plant, shrub",2,0,true,Auckland Central,-36.850831,174.768929,7,,,7,,false,,,Mountain Horopito,Pseudowintera colorata,Mountain Horopito,Plantae,71054
9270482,e6de0d07-cc14-414e-a977-2c9a5fde6f07,2017-12-27,2017-12-27,,Auckland,2017-12-27 03:16:11 UTC,2017-12-27 03:16:58 UTC,casual,"",0,0,true,Auckland Central,-36.848953,174.770276,6,,,6,,false,,,Dierama,Dierama,Hairbells,Plantae,141032
9346551,7480d8f7-4330-441a-a2f5-0d679852dceb,2018-01-03,2018-01-03,,Auckland,2018-01-02 20:14:42 UTC,2018-01-02 20:15:35 UTC,casual,"",0,0,true,Auckland Central,-36.851862,174.770646,8,,,8,,false,,,Japanese angelica tree,Aralia elata,Japanese angelica tree,Plantae,158549
9376033,a8e2a245-8155-4221-a1fe-c8f355e842a9,2018-01-06,2018-01-06,,Auckland,2018-01-05 22:36:25 UTC,2018-01-05 22:36:53 UTC,casual,Garden plant,0,0,true,Auckland Central,-36.851438,174.770355,9,,,9,,false,,,Bloodlily,Scadoxus multiflorus,Bloodlily,Plantae,81489
9452106,a5582c37-cf45-4119-ac42-d5880fc664db,2018-01-13,2018-01-13,,Auckland,2018-01-12 21:51:20 UTC,2022-07-31 21:43:35 UTC,casual,"",1,0,true,Auckland Central,-36.852312,174.772351,7,,,7,open,false,,,toatoa,Phyllocladus,Celery-pine,Plantae,54691
9452160,e64bb12f-6522-432c-81d0-36593142ed3f,2018-01-13,2018-01-13,,Auckland,2018-01-12 21:56:07 UTC,2018-01-12 21:57:21 UTC,casual,"",0,0,true,Auckland Central,-36.852149,174.772308,5,,,5,,false,,,Crinum,Crinum,Swamplilies,Plantae,62928
9454924,15fe5582-c277-42ca-acbe-f538b677d578,2018-01-13,2018-01-13,,Auckland,2018-01-13 03:22:54 UTC,2018-01-13 19:23:24 UTC,casual,"Garden plant, tree",1,0,true,Auckland Central,-36.848586,174.771459,15,,,15,,false,,,Guanacaste,Schizolobium parahyba,Brazilian fern tree,Plantae,52443
9454979,9e86ef1d-9f28-4aa0-9459-c47bc0950ba2,2018-01-13,2018-01-13,,Auckland,2018-01-13 03:30:38 UTC,2018-01-13 03:43:20 UTC,casual,"Garden plant, tree",0,0,true,Auckland Central,-36.848597,174.771206,6,,,6,,false,,,Tipu,Tipuana tipu,Tipu,Plantae,121263
9902940,aaa50155-b126-4aac-b260-12d569eb531e,2018-02-18,2018-02-18,,Auckland,2018-02-18 05:21:31 UTC,2019-07-14 16:23:43 UTC,casual,Garden plant,3,0,true,Auckland Central,-36.8519,174.769246,5,,,5,,false,,,Wandering Jew,Tradescantia zebrina,inchplant,Plantae,169883
9930441,8ad9a75b-aab7-4a6f-8947-84831199d34c,2018-02-20,2018-02-20,,Auckland,2018-02-20 05:53:39 UTC,2018-06-19 21:11:59 UTC,casual,"Garden plant, tree",0,0,true,Auckland Central,-36.849145,174.770337,4,,,4,,false,,,Mullumbimby Plum,Davidsonia jerseyana,Mullumbimby plum,Plantae,488894
9969898,49fd0b7c-3afc-4028-8f9c-33d148d26005,2018-02-24,2018-02-24,,Auckland,2018-02-23 21:13:07 UTC,2018-02-23 21:15:45 UTC,casual,"Garden plant, tree",0,0,true,Auckland Central,-36.849367,174.770376,6,,,28476,open,false,,,Howea belmoreana,Howea belmoreana,Sentry palm,Plantae,365341
9969944,51d92f7a-b719-46bb-a394-f7c0954f6fb2,2018-02-24,2018-02-24,,Auckland,2018-02-23 21:20:40 UTC,2024-09-14 21:14:42 UTC,casual,Garden plant,1,0,true,Auckland Central,-36.848974,174.770325,6,,,6,,false,,,Scarborough Lily,Cyrtanthus elatus,Scarborough lily,Plantae,401233
9973069,c707860c-cbc4-4d29-8ead-e79804292c33,2018-02-24,2018-02-24,,Auckland,2018-02-24 01:56:07 UTC,2020-01-05 14:46:43 UTC,casual,Garden plant,1,0,true,Auckland Central,-36.852311,174.772257,12,,,12,,false,,,Clerodendrum thomsoniae,Clerodendrum thomsoniae,Bleeding glorybower,Plantae,278703
9973094,2b72c1a1-568f-4366-b38d-a6dd30640ad0,2018-02-24,2018-02-24,,Auckland,2018-02-24 01:59:17 UTC,2018-05-30 15:14:49 UTC,casual,"",1,0,true,Auckland Central,-36.852239,174.772414,9,,,9,,false,,,Ensete ventricosum,Ensete ventricosum,Abyssinian banana,Plantae,140998
9973317,eaf9fe5b-be99-411a-adea-7840c805ed1e,2018-02-24,2018-02-24,,Auckland,2018-02-24 02:20:48 UTC,2018-02-24 02:25:29 UTC,casual,Garden plant,0,0,true,Auckland Central,-36.850903,174.772496,6,,,6,,false,,,Mussaenda frondosa,Mussaenda frondosa,wild mussaenda,Plantae,427222
10014606,febeacc5-85a6-462f-a9fb-a5cb8793eb0f,2018-02-27,2018-02-27,,Auckland,2018-02-27 05:26:21 UTC,2018-02-27 05:26:24 UTC,casual,"Garden plant, tree",0,0,true,Auckland Central,-36.849278,174.769565,5,,,5,,false,,,Schrebera alata,Schrebera alata,Wing-Leaved Wooden-Pea,Plantae,538727
10062611,fc34be80-21ec-4efc-a4c9-e96e3f6c31a4,2018-03-03,2018-03-03,,Auckland,2018-03-03 01:46:00 UTC,2018-03-03 01:53:37 UTC,casual,"Garden plant, tree",0,0,true,Auckland Central,-36.851388,174.770555,6,,,6,,false,,,Silk floss tree,Ceiba speciosa,Silk floss tree,Plantae,154290
10173506,25b9a6bd-0ba9-4eba-b6c5-65015780be54,2018-03-11,2018-03-11,,Auckland,2018-03-10 22:59:54 UTC,2018-05-15 23:59:06 UTC,casual,Garden plant,2,0,true,Auckland Central,-36.850376,174.770048,8,,,8,,false,,,Haemanthus coccineus,Haemanthus coccineus,Spotted Bloodlily,Plantae,410993
10173630,99fdc3b7-a5d5-4723-b4cc-7fc2b97522d1,2018-03-11,2018-03-11,,Auckland,2018-03-10 23:07:15 UTC,2018-05-15 23:58:55 UTC,casual,Garden plant,2,0,true,Auckland Central,-36.850134,174.769726,5,,,5,,false,,,Haemanthus coccineus,Haemanthus coccineus,Spotted Bloodlily,Plantae,410993
10174088,242b89b5-d475-426b-bb14-2a249c5c175c,2018-03-11,2018-03-11,,Auckland,2018-03-10 23:31:42 UTC,2018-03-31 08:13:12 UTC,casual,Garden plant,0,0,true,Auckland Central,-36.850487,174.770708,11,,,11,open,false,,,Macrozamia communis,Macrozamia communis,burrawang,Plantae,135902
10174326,4d4d4469-46c9-468e-bbc1-889b2223398c,2018-03-11,2018-03-11,,Auckland,2018-03-10 23:46:07 UTC,2018-03-10 23:47:48 UTC,casual,"Garden plant, shrub",0,0,true,Auckland Central,-36.85088,174.772964,4,,,4,open,false,,,Raukumara,Brachyglottis perdicioides,Raukumara,Plantae,189877
10174390,5bbac443-7542-421d-92c5-d250c9d9a6ce,2018-03-11,2018-03-11,,Auckland,2018-03-10 23:49:21 UTC,2025-10-21 21:11:25 UTC,casual,"Garden plant, tree",2,0,true,Auckland Central,-36.851105,174.772803,5,,,5,open,false,,,Red Buckeye,Aesculus pavia,Red Buckeye,Plantae,81708
10268579,bc60507a-64cb-446d-8070-0999c1e07dfc,2018-03-17,2018-03-17,,Auckland,2018-03-17 04:09:39 UTC,2024-11-16 07:32:38 UTC,casual,"Garden plant, shrub",2,0,true,Auckland Central,-36.851282,174.770796,5,,,5,open,false,,,mountain toatoa,Phyllocladus alpinus,mountain toatoa,Plantae,447042
10268605,027c7c1c-2601-4cb7-a55e-a0c70bf9fd36,2018-03-17,2018-03-17,,Auckland,2018-03-17 04:13:30 UTC,2018-03-17 04:14:29 UTC,casual,Garden plant,0,0,true,Auckland Central,-36.850786,174.770488,9,,,9,,false,,,Euphorbia trigona,Euphorbia trigona,African Milk Weed,Plantae,322318
10268638,3b9ffb00-575c-4fd4-b521-61d6c95a1294,2018-03-17,2018-03-17,,Auckland,2018-03-17 04:16:46 UTC,2018-03-31 06:22:26 UTC,casual,"Garden plant, tree",1,0,true,Auckland Central,-36.850947,174.770681,3,,,3,,false,,,Colletia paradoxa,Colletia paradoxa,Anchor plant,Plantae,430868
10268700,367a8abd-773b-4509-b5f0-e79c7dd60407,2018-03-17,2018-03-17,,Auckland,2018-03-17 04:20:32 UTC,2025-09-12 17:27:15 UTC,casual,"Garden plant, tree",2,0,true,Auckland Central,-36.850742,174.771559,2,,,2,open,false,,,goldenrain tree,Koelreuteria paniculata,golden rain tree,Plantae,58320
10268712,ea4adfaf-f97b-49f7-832d-dc8ec516bfe0,2018-03-17,2018-03-17,,Auckland,2018-03-17 04:23:39 UTC,2018-03-17 04:24:37 UTC,casual,"Garden plant, tree",0,0,true,Auckland Central,-36.850947,174.770681,3,,,3,,false,,,Trifoliate Orange,Citrus trifoliata,trifoliate orange,Plantae,200071
10268733,4f36edc2-be7d-4c07-8d1d-a19a250d3d18,2018-03-17,2018-03-17,,Auckland,2018-03-17 04:27:14 UTC,2018-03-21 04:21:32 UTC,casual,Garden plant,2,0,true,Auckland Central,-36.849471,174.770072,10,,,10,open,false,,,Ramarama,Lophomyrtus bullata,Ramarama,Plantae,411138
10268801,5afd3f39-a238-4a1b-a448-323f372d13a6,2018-03-17,2018-03-17,,Auckland,2018-03-17 04:34:14 UTC,2018-03-17 04:34:30 UTC,casual,"",0,0,true,Auckland Central,-36.848546,174.771282,3,,,3,,false,,,Yellow Bauhinia,Bauhinia tomentosa,Yellow bauhinia,Plantae,340307
10381183,dc300bce-56c9-47ef-b741-3583bfdd6fa3,2018-03-24,2018-03-24,,Auckland,2018-03-23 21:24:01 UTC,2022-03-31 14:31:53 UTC,casual,"",2,0,true,Auckland Central,-36.850793,174.770509,6,,,6,,false,,,Sausage daisy,Baculellum articulatum,Sausage daisy,Plantae,1371078
10515772,fd88cabd-674a-4f7d-8884-267a8ecdcba3,2018-03-31,2018-03-31,,Auckland,2018-03-30 23:01:51 UTC,2018-03-30 23:05:28 UTC,casual,Garden plant,0,0,true,Auckland Central,-36.849494,174.770165,16,,,16,,false,,,Blue Ginger,Dichorisandra thyrsiflora,Blue ginger,Plantae,427503
10515804,d07cbcba-8785-47b3-8d95-70c9ecc4d506,2018-03-31,2018-03-31,,Auckland,2018-03-30 23:03:21 UTC,2018-03-30 23:06:51 UTC,casual,Garden plant,0,0,true,Auckland Central,-36.849494,174.770165,16,,,16,,false,,,Firespike,Odontonema tubaeforme,Firespike,Plantae,281140
10557910,89fc357b-a24e-4744-a08b-cd8fa9269d31,2018-04-02,2018-04-02,,Auckland,2018-04-01 23:50:23 UTC,2020-09-10 22:26:43 UTC,casual,Garden plant,0,0,true,Auckland Central,-36.852369,174.771019,2,,,2,,false,,,Pyrrosia lingua,Pyrrosia lingua,tongue fern,Plantae,428723
10563941,71cecd3f-0f47-42a6-8fff-840055e242d5,2018-04-02,2018-04-02,,Auckland,2018-04-02 04:46:42 UTC,2018-04-02 04:48:25 UTC,casual,"Garden plant, shrub",0,0,true,"Grafton, Auckland",-36.855445,174.767994,3,,,3,,false,,,Bush Allamanda,Allamanda schottii,Bush Allamanda,Plantae,327732
10563952,4c8e6dc0-a432-4bc1-be2a-7e7f606695b7,2018-04-02,2018-04-02,,Auckland,2018-04-02 04:47:26 UTC,2018-04-02 04:47:41 UTC,casual,"Garden plant, shrub",0,0,true,"Grafton, Auckland",-36.855445,174.767994,3,,,3,,false,,,Diospyros whyteana,Diospyros whyteana,Bladder Nut,Plantae,541445
10564064,8ba3d4b5-cdf8-44c9-abcb-d055532aa9b4,2018-04-02,2018-04-02,,Auckland,2018-04-02 04:52:35 UTC,2018-04-02 04:53:22 UTC,casual,"Garden plant, shrub",0,0,true,Auckland Central,-36.852758,174.769651,12,,,12,,false,,,Japanese Barberry,Berberis thunbergii,Japanese barberry,Plantae,58727
10564132,d06241c1-214b-4ecd-a4bb-efaf91020e05,2018-04-02,2018-04-02,,Auckland,2018-04-02 04:58:26 UTC,2018-04-02 21:51:19 UTC,casual,Garden plant,0,0,true,Auckland Central,-36.852551,174.77229,16,,,16,,false,,,East Indian fig tree,Ficus benghalensis,Indian banyan,Plantae,54880
10564194,ff06ec59-7431-459e-a756-347397345a82,2018-04-02,2018-04-02,,Auckland,2018-04-02 05:03:13 UTC,2018-04-02 05:04:04 UTC,casual,"Garden plant, tree",0,0,true,Auckland Central,-36.850904,174.772996,9,,,9,,false,,,Pecan,Carya illinoinensis,pecan,Plantae,67593
10564240,bee5d714-9708-4591-9580-471048faf0d2,2018-04-02,2018-04-02,,Auckland,2018-04-02 05:07:05 UTC,2018-04-02 05:07:58 UTC,casual,"Climber, garden plant, shrub",0,0,true,Auckland Central,-36.851002,174.772242,4,,,4,,false,,,Mandevilla,Mandevilla,Rocktrumpets,Plantae,186006
10564286,b59bae20-9cd3-4079-8bd6-f23b616fff1e,2018-04-02,2018-04-02,,Auckland,2018-04-02 05:11:00 UTC,2020-01-18 16:04:06 UTC,casual,"Garden plant, shrub",0,0,true,Auckland Central,-36.851282,174.773147,9,,,9,,false,,,Colquhounia coccinea,Colquhounia coccinea,Himalayan Mint Shrub,Plantae,400975
10697047,1ce1a58c-0b16-44d9-92a9-5cd4f1e24677,2018-03-22 11:20:19 AM NZDT,2018-03-22,2018-03-21 22:20:19 UTC,Wellington,2018-04-08 06:51:49 UTC,2021-06-04 19:53:51 UTC,casual,"",0,0,true,"1993 Symonds St, Auckland, 1010, New Zealand",-36.8534926,174.7685954,20,,,20,,false,,,,Pyrus communis,Common Pear,Plantae,63951
10830434,b279be6f-3179-44bd-912f-428790de7fb7,2018-04-13,2018-04-13,,Auckland,2018-04-12 23:15:51 UTC,2018-04-13 07:05:00 UTC,casual,Juvenile,1,0,true,Auckland Central,-36.851427,174.772637,4,,,4,,false,,,Matai,Prumnopitys taxifolia,Mataī,Plantae,135506
10841963,e25de760-5c5d-467e-a0ad-44022218d057,2018-04-13,2018-04-13,,Auckland,2018-04-13 05:11:22 UTC,2018-04-13 21:42:23 UTC,casual,"",2,0,true,Auckland Central,-36.849773,174.771451,11,,,11,,false,,,Rose Maidenhair-fern,Adiantum hispidulum,Rough Maidenhair Fern,Plantae,158020
10842226,6b906f60-5564-44a0-bc77-a264f93114a7,2018-04-13,2018-04-13,,Auckland,2018-04-13 05:21:07 UTC,2018-04-13 21:41:43 UTC,casual,"",1,0,true,Auckland Central,-36.849773,174.771451,11,,,11,,false,,,Sweet Fern,Pteris macilenta,Sweet Fern,Plantae,405378
11101141,86272eb2-5381-4d94-80a4-d664da204d97,2018/04/18 2:43 PM NZST,2018-04-18,2018-04-18 02:43:00 UTC,Wellington,2018-04-18 05:24:20 UTC,2018-04-18 06:01:46 UTC,research,"",1,0,false,"Auckland, 1010, New Zealand",-36.8534163378,174.7716413272,62,,,62,,false,,,Gravel Groundsel,Senecio skirrhodon,Gravel Groundsel,Plantae,406024
11101207,9fdb4935-38c7-4388-b87b-ae44ed9ba262,2018/04/18 2:46 PM NZST,2018-04-18,2018-04-18 02:46:00 UTC,Wellington,2018-04-18 05:25:58 UTC,2018-04-18 05:59:35 UTC,research,"",1,0,false,"Auckland, 1010, New Zealand",-36.8533714392,174.7716896084,56,,,56,,false,,,bugweed,Solanum mauritianum,Woolly nightshade,Plantae,133287
11101365,3c2ab2e6-159c-413a-8eea-45439a32d7bc,2018/04/18 2:48 PM NZST,2018-04-18,2018-04-18 02:48:00 UTC,Wellington,2018-04-18 05:31:06 UTC,2021-02-10 02:15:53 UTC,research,"",1,0,false,"Auckland, 1010, New Zealand",-36.8533027604,174.7718827281,52,,,52,,false,,,Lesser Hawkbit,Leontodon saxatilis saxatilis,Lesser Hawkbit,Plantae,60975
11101473,d3205742-0442-4ed4-acc9-0ea4781b540a,2018/04/18 2:50 PM NZST,2018-04-18,2018-04-18 02:50:00 UTC,Wellington,2018-04-18 05:33:27 UTC,2018-04-20 10:37:56 UTC,research,"",1,0,false,"Auckland, 1010, New Zealand",-36.8532512509,174.77177544,56,,,56,,false,,,Plume Albizia,Paraserianthes lophantha,Brush wattle,Plantae,139851
11101654,9503a690-fd70-4069-9b9e-f185718fc9e2,2018/04/18 2:54 PM NZST,2018-04-18,2018-04-18 02:54:00 UTC,Wellington,2018-04-18 05:38:01 UTC,2018-04-18 06:02:46 UTC,research,"",1,0,false,"Stanley St, Auckland, New Zealand",-36.852324074,174.7727624943,60,,,60,,false,,,small-leaf spiderwort,Tradescantia fluminensis,Tradescantia,Plantae,79382
11101715,52097594-3bbe-4b28-a03b-bc9ddcebfd86,2018/04/18 2:55 PM NZST,2018-04-18,2018-04-18 02:55:00 UTC,Wellington,2018-04-18 05:39:36 UTC,2026-02-25 21:54:51 UTC,research,"",2,0,false,"Auckland, 1010, New Zealand",-36.8520321827,174.7729126992,50,,,50,,false,,,blue morning glory,Ipomoea indica,blue morning glory,Plantae,77496
11101791,24ca8fb4-f458-4aaf-b180-d24d5987f782,2018/04/18 2:56 PM NZST,2018-04-18,2018-04-18 02:56:00 UTC,Wellington,2018-04-18 05:41:59 UTC,2018-04-18 06:59:16 UTC,research,"",1,0,false,"Auckland, 1010, New Zealand",-36.8522382278,174.7728912598,56,,,56,,false,,,glossy privet,Ligustrum lucidum,tree privet,Plantae,77740
11102272,2478a5a3-b868-4023-a241-6dab52d00fdd,2018/04/18 2:57 PM NZST,2018-04-18,2018-04-18 02:57:00 UTC,Wellington,2018-04-18 05:55:06 UTC,2023-04-22 10:27:16 UTC,research,"",1,0,false,"Auckland, 1010, New Zealand",-36.8524442692,174.772612305,48,,,48,,false,,,Yellow ginger,Hedychium flavescens,Yellow ginger,Plantae,77347
11102389,2ddc0a10-9c29-4d2f-85b7-f6926c6732d1,2018/04/18 2:59 PM NZST,2018-04-18,2018-04-18 02:59:00 UTC,Wellington,2018-04-18 05:59:21 UTC,2021-06-11 17:36:14 UTC,research,"",1,0,false,"Auckland, 1010, New Zealand",-36.8522897325,174.7726337499,65,,,65,,false,,,mastuerzo,Tropaeolum majus,garden nasturtium,Plantae,54329
11102430,1031546d-66b7-4bd7-b8ae-2e8b97cbfeaa,2018/04/18 3:00 PM NZST,2018-04-18,2018-04-18 03:00:00 UTC,Wellington,2018-04-18 06:00:45 UTC,2021-08-09 17:38:41 UTC,research,"",1,0,false,"Auckland, 1010, New Zealand",-36.8525816232,174.7727410388,71,,,71,,false,,,Bear's breeches,Acanthus mollis,Bear's breeches,Plantae,70045
11102485,2a1278c5-2278-42e1-8cdc-117b7883e633,2018/04/18 3:03 PM NZST,2018-04-18,2018-04-18 03:03:00 UTC,Wellington,2018-04-18 06:02:48 UTC,2025-07-12 07:31:54 UTC,research,"",2,0,false,"Auckland, 1010, New Zealand",-36.8524957739,174.7725693753,54,,,54,,false,,,purpletop vervain,Verbena incompta,purpletop vervain,Plantae,559793
11102789,b75d5f5a-fd48-4be2-a5bc-8224681554a4,2018/04/18 3:21 PM NZST,2018-04-18,2018-04-18 03:21:00 UTC,Wellington,2018-04-18 06:12:38 UTC,2019-08-21 06:43:30 UTC,research,"",2,0,false,"Auckland, 1010, New Zealand",-36.8535603077,174.7716037775,35,,,35,,false,,,white ramping-fumitory,Fumaria capreolata,white-flower fumitory,Plantae,57852
11102846,24e98f83-3fcf-43ae-9888-665db2309c94,2018/04/18 3:26 PM NZST,2018-04-18,2018-04-18 03:26:00 UTC,Wellington,2018-04-18 06:14:41 UTC,2018-11-14 08:20:41 UTC,research,"",1,0,false,"Grafton, Auckland, New Zealand",-36.8536662247,174.7705590959,54,,,54,,false,,,tuber ladder fern,Nephrolepis cordifolia,ladder fern,Plantae,48233
11102889,cb2b86ea-efbe-4206-97ce-326954c3444a,2018/04/18 3:28 PM NZST,2018-04-18,2018-04-18 03:28:00 UTC,Wellington,2018-04-18 06:16:23 UTC,2024-02-12 02:32:12 UTC,casual,"",2,0,true,"Grafton, Auckland, New Zealand",-36.8537835113,174.7705094328,48,,,48,,false,,,Virginia Creeper,Parthenocissus quinquefolia,Virginia creeper,Plantae,50278
11102952,a5bf1d70-eb43-4231-9b16-959d722b6b44,2018/04/18 3:32 PM NZST,2018-04-18,2018-04-18 03:32:00 UTC,Wellington,2018-04-18 06:18:08 UTC,2025-07-12 07:32:29 UTC,research,"",1,0,false,"Grafton, Auckland, New Zealand",-36.8540238898,174.7702734022,43,,,43,,false,,,Late cotoneaster,Cotoneaster coriaceus,Late cotoneaster,Plantae,411074
11288150,cca8adcb-fd93-476d-bfa5-3a85a73cce69,2018-04-22,2018-04-22,,Auckland,2018-04-21 22:10:30 UTC,2018-04-21 22:13:04 UTC,casual,"Garden plant, tree",0,0,true,Auckland Central,-36.849026,174.769061,6,,,28476,open,false,,,Howea belmoreana,Howea belmoreana,Sentry palm,Plantae,365341
11289347,351d2c3a-f513-436b-864a-4c7ba0d033ee,2018-04-22,2018-04-22,,Auckland,2018-04-21 22:35:33 UTC,2018-11-13 02:45:47 UTC,needs_id,"",1,0,false,Auckland Central,-36.851188,174.768746,6,,,6,,false,,,Crystalworts,Riccia,Crystalworts,Plantae,53014
11462814,b62c4f98-1124-47d6-9088-854913ba6b41,2018-04-27 9:59:52 AM NZST,2018-04-27,2018-04-26 21:59:52 UTC,Wellington,2018-04-26 22:00:18 UTC,2018-07-18 09:59:01 UTC,casual,"",2,0,true,"3A Symonds St, Auckland, 1010, New Zealand",-36.85093488,174.77082279,13,,,13,,false,,,Karamu,Coprosma robusta,Karamū,Plantae,366661
11462840,bfdf94cc-913f-4093-83a3-c1fb34ae3862,2018-04-27 10:00:46 AM NZST,2018-04-27,2018-04-26 22:00:46 UTC,Wellington,2018-04-26 22:01:27 UTC,2018-07-18 09:59:07 UTC,casual,"",2,0,true,"Auckland, NZ",-36.8508556,174.77062938,7,,,7,,false,gps,gps,Mahoe,Melicytus ramiflorus ramiflorus,Māhoe,Plantae,412824
11462919,d41aaa97-add6-4cd1-80df-c8d60d1f9e7b,2018-04-27 10:03:52 AM NZST,2018-04-27,2018-04-26 22:03:52 UTC,Wellington,2018-04-26 22:04:19 UTC,2018-07-18 09:59:20 UTC,casual,"",2,0,true,"44 Symonds St, Grafton, Auckland 1010, New Zealand",-36.85077485,174.77071718,24,,,24,,false,,,Karo,Pittosporum crassifolium,Karo,Plantae,78590
11463084,e9cb6996-ec89-4f59-b1d4-5b339b2ca614,2018-04-27 10:10:52 AM NZST,2018-04-27,2018-04-26 22:10:52 UTC,Wellington,2018-04-26 22:12:06 UTC,2018-07-18 09:59:24 UTC,casual,"",3,0,true,"Disability Services, Auckland, 1010, New Zealand",-36.85030541,174.76985437,9,,,9,,false,,,Pigeonwood,Hedycarya arborea,Pigeonwood,Plantae,402414
11463268,edc3f441-c4f2-4181-adc0-e602af2732b2,2018-04-27 10:18:00 AM NZST,2018-04-27,2018-04-26 22:18:00 UTC,Wellington,2018-04-26 22:19:11 UTC,2018-07-18 09:59:37 UTC,casual,"",1,0,true,"Disability Services, Auckland, 1010, New Zealand",-36.8501429,174.7696086,19,,,19,,false,,,speedwells,Pseudoveronica,,Plantae,738628
11463352,59d2e355-e420-4f3b-93fe-f9a23e8fbbd1,2018-04-27 10:21:14 AM NZST,2018-04-27,2018-04-26 22:21:14 UTC,Wellington,2018-04-26 22:21:39 UTC,2020-02-27 23:13:28 UTC,research,"",1,0,false,"12-24 Princes St, Grafton, Auckland 1010, New Zealand",-36.84987707,174.76969506,47,,,47,,false,,,Puka,Griselinia lucida,Puka,Plantae,408842
11539913,8402685b-1cd9-450d-8d19-9df03c2ef0ca,2018-04-27 10:24:45 AM NZST,2018-04-27,2018-04-26 22:24:45 UTC,Wellington,2018-04-27 21:14:50 UTC,2020-02-27 23:13:31 UTC,casual,"",0,0,true,"22 Princes St, Auckland, 1010, New Zealand",-36.8499301,174.76926164,8,,,8,,false,,,,Melicope simplex,Poataniwha,Plantae,366690
11539925,a30e9f40-4375-491d-9b09-e3711f156db1,2018-04-27 10:25:37 AM NZST,2018-04-27,2018-04-26 22:25:37 UTC,Wellington,2018-04-27 21:14:59 UTC,2024-11-16 07:32:35 UTC,casual,"",1,0,true,"22 Princes St, Auckland, 1010, New Zealand",-36.84998934,174.76930735,9,,,9,open,false,,,celery pine,Phyllocladus trichomanoides,Tānekaha,Plantae,54687
11539936,84373f1e-c4cb-4bf2-952a-68e6764d66aa,2018-04-27 10:26:52 AM NZST,2018-04-27,2018-04-26 22:26:52 UTC,Wellington,2018-04-27 21:15:08 UTC,2020-02-27 23:13:38 UTC,casual,"",2,0,true,"22 Princes St, Auckland, 1010, New Zealand",-36.8500067,174.76931713,11,,,11,,false,,,Kowhai,Sophora,kōwhai,Plantae,70037
11539946,755edeb5-7e2d-4d5e-96e6-8e02c8ba483c,2018-04-27 10:29:00 AM NZST,2018-04-27,2018-04-26 22:29:00 UTC,Wellington,2018-04-27 21:15:18 UTC,2020-02-27 23:13:45 UTC,casual,"",0,0,true,"24 Princes St, Grafton, Auckland 1010, New Zealand",-36.85048566,174.76917237,10,,,10,,false,,,,Veronica,Speedwells and Hebes,Plantae,51611
12143399,77b87350-8d7c-44c8-a5df-ea9e3d4c78b7,2018-05-05,2018-05-05,,Auckland,2018-05-04 23:06:20 UTC,2018-05-05 22:00:50 UTC,research,"Mural flora, saxicolous",1,0,false,Auckland Central,-36.851344,174.772072,,,,,open,false,,,black maidenhair fern,Adiantum capillus-veneris,black maidenhair fern,Plantae,63916
12144143,0a0869b3-7da5-4b5f-bbd4-5b2dc559b713,2018-05-05,2018-05-05,,Auckland,2018-05-04 23:37:33 UTC,2018-05-05 22:00:26 UTC,casual,"",1,0,true,Auckland Central,-36.850115,174.769603,3,,,3,,false,,,King fern,Ptisana salicina,King fern,Plantae,410562
12144822,bd5a8411-a341-4697-99ee-df1993fe47a5,2018-05-05,2018-05-05,,Auckland,2018-05-05 00:01:41 UTC,2023-03-14 15:32:19 UTC,casual,Garden plant,0,0,true,Auckland Central,-36.849216,174.770327,12,,,12,,false,,,Oxalis flava fabifolia,Oxalis flava fabifolia,Pealeaf Palm Sorrel,Plantae,600479
12181833,28780755-fc43-4636-b56f-c2c74985eedf,2018-05-06,2018-05-06,,Auckland,2018-05-06 01:41:13 UTC,2018-05-06 01:59:46 UTC,casual,Tree,1,0,true,Auckland Central,-36.850683,174.769361,3,,,3,,false,,,Narrow leaved maire,Nestegis montana,Narrow leaved maire,Plantae,409655
12183072,d51fcaae-f99f-422e-bd9e-2b7eeb22e824,2018-05-06,2018-05-06,,Auckland,2018-05-06 02:24:59 UTC,2018-05-26 02:02:01 UTC,casual,"",1,0,true,Auckland Central,-36.849784,174.771491,13,,,13,,false,,,Dianella bambusifolia,Dianella bambusifolia,,Plantae,369569
12281469,18604255-71dc-4bd4-8363-bfa47591d03e,2018-05-09,2018-05-09,,Auckland,2018-05-09 00:34:57 UTC,2022-11-06 23:37:33 UTC,casual,"",0,0,true,Auckland Central,-36.850414,174.769688,8,,,8,,false,,,Tweezaadlobbigen,Cotoneaster,Cotoneasters,Plantae,53376
12281750,c8e29dba-4b75-4be1-83b2-8462302cf81d,2018-05-09,2018-05-09,,Auckland,2018-05-09 00:45:41 UTC,2024-08-01 06:12:45 UTC,research,"",3,0,false,"Auckland, New Zealand",-36.85031,174.769679,5,,,5,,false,,,Waxweed Pennywort,Hydrocotyle heteromeria,waxweed pennywort,Plantae,402581
12285190,aa3ba7c6-cd1c-4e15-9ef2-c41a74ee7e3d,2018-05-09 2:55:50 下午 GMT+12:00,2018-05-09,2018-05-09 02:55:50 UTC,Auckland,2018-05-09 02:56:29 UTC,2019-06-19 01:52:28 UTC,needs_id,"",0,0,false,"7 Grafton Rd, Auckland, 1010新西兰",-36.8529362071,174.7705392888,6,,,6,,false,,,firethorns,Pyracantha,firethorns,Plantae,54052
12814427,cf7337ef-99dd-4c67-9172-2e362bbcffed,2018-05-26,2018-05-26,,Auckland,2018-05-26 00:54:31 UTC,2022-08-24 11:19:18 UTC,casual,Fertile,3,0,true,Auckland Central,-36.85246,174.76875,11,,,11,,false,,,Rough Maidenhair Fern,Adiantum hispidulum,Rough Maidenhair Fern,Plantae,158020
12814610,0ddc7d33-5b17-4457-a857-59ed318f3a0d,2018-05-26,2018-05-26,,Auckland,2018-05-26 01:02:55 UTC,2018-05-26 01:05:46 UTC,casual,Tree,0,0,true,Auckland Central,-36.851388,174.770555,6,,,6,,false,,,Silk Floss Tree,Ceiba speciosa,Silk floss tree,Plantae,154290
12814871,9d94a8c2-fe31-4c25-ada2-91d107d786e1,2018-05-26,2018-05-26,,Auckland,2018-05-26 01:12:11 UTC,2018-07-19 08:48:54 UTC,casual,"",1,0,true,Auckland Central,-36.851453,174.771489,5,,,5,,false,,,Queensland silver wattle,Acacia podalyriifolia,Queensland silver wattle,Plantae,75252
12815048,6a7b3eb4-5b69-4c6a-9f8d-3b5f1f343100,2018-05-26,2018-05-26,,Auckland,2018-05-26 01:19:50 UTC,2022-03-31 14:31:52 UTC,casual,"",2,0,true,Auckland Central,-36.850793,174.770509,6,,,6,,false,,,Sausage daisy,Baculellum articulatum,Sausage daisy,Plantae,1371078
12815250,88d1c2c1-69f7-4e60-a224-cd04d59f7bed,2018-05-26,2018-05-26,,Auckland,2018-05-26 01:26:50 UTC,2018-05-26 20:08:56 UTC,research,"",2,0,false,Auckland Central,-36.850133,174.769825,5,,,5,,false,,,skeleton fork fern,Psilotum nudum,skeleton fork fern,Plantae,167517
12815301,8a8fb85c-c810-4b6e-90ee-3cfee6dd88c1,2018-05-26,2018-05-26,,Auckland,2018-05-26 01:29:21 UTC,2018-05-26 01:54:23 UTC,research,"",1,0,false,Auckland Central,-36.850133,174.769825,5,,,5,,false,,,Dianella bambusifolia,Dianella bambusifolia,,Plantae,369569
13285918,d975e316-8f20-4103-aece-313c2ad571af,2018-06-10,2018-06-10,,Auckland,2018-06-10 03:56:47 UTC,2018-06-10 09:47:59 UTC,casual,"Garden plant, tree",1,0,true,Auckland Central,-36.848546,174.771282,3,,,3,,false,,,Ice-cream-bean,Inga edulis,Ice cream bean,Plantae,209926
13472901,8b2381c0-6d74-402e-b85e-0b667a4106ba,2018-06-16,2018-06-16,,Auckland,2018-06-16 05:34:16 UTC,2018-06-16 05:34:20 UTC,casual,"Leafless, tree",0,0,true,Auckland Central,-36.851388,174.770555,6,,,6,,false,,,Silk Floss Tree,Ceiba speciosa,Silk floss tree,Plantae,154290
13687405,a8a8a63a-ddd3-4877-8fdf-d3c29357c795,2018-06-23,2018-06-23,,Auckland,2018-06-23 01:18:52 UTC,2018-06-23 01:22:36 UTC,casual,"Garden plant, shrub",0,0,true,Auckland Central,-36.849959,174.771453,11,,,11,open,false,,,Pittosporum pimeleoides pimeleoides,Pittosporum pimeleoides pimeleoides,,Plantae,413004
13719471,2c8bf738-8df7-4f39-8215-f4f2cb12b461,2018-06-24,2018-06-24,,Auckland,2018-06-23 23:51:17 UTC,2018-07-19 08:33:16 UTC,casual,Tree,2,0,true,Auckland Central,-36.850374,174.77067,8,,,8,,false,,,Beilschmiedia tawa,Beilschmiedia tawa,Tawa,Plantae,366613
13722180,74b893fb-f3b7-4cdb-9956-ae501e035f46,2018-06-24,2018-06-24,,Auckland,2018-06-24 01:24:24 UTC,2024-01-17 07:30:39 UTC,casual,Tree,2,0,true,Auckland Central,-36.850374,174.77067,8,,,8,open,false,,,Three Kings Titoki,Alectryon excelsus grandis,Three Kings Titoki,Plantae,411919
13722458,8c80dba4-2dc5-4151-b181-77abd36b45d6,2018-06-24,2018-06-24,,Auckland,2018-06-24 01:36:54 UTC,2018-07-18 09:20:37 UTC,casual,"Garden plant, shrub",1,0,true,Auckland Central,-36.851117,174.770099,8,,,8,,false,,,Cytisus scoparius andreanus,Cytisus scoparius andreanus,,Plantae,56066
13725389,d75c32f8-9e8d-4072-b0b2-13fc489358f8,2018-06-24,2018-06-24,,Auckland,2018-06-24 03:31:11 UTC,2025-09-14 16:14:50 UTC,casual,Fertile,1,0,true,Auckland Central,-36.852354,174.771026,4,,,4,,false,,,Davallia pentaphylla,Davallia pentaphylla,,Plantae,1613534
13725590,0b6377b0-4b0c-4d88-b5f8-28336fd09315,2018-06-24,2018-06-24,,Auckland,2018-06-24 03:40:33 UTC,2018-06-24 03:44:06 UTC,casual,Cones,0,0,true,Auckland Central,-36.852354,174.771026,4,,,4,,false,,,Zamia Family,Zamiaceae,zamia family,Plantae,64623
13763979,9ebdaece-e60b-4d6c-9dc0-670328076069,2018-06-25,2018-06-25,,Auckland,2018-06-25 05:27:26 UTC,2018-06-25 05:29:53 UTC,casual,Tree,0,0,true,Auckland Central,-36.849726,174.771512,18,,,18,,false,,,Tawa,Beilschmiedia tawa,Tawa,Plantae,366613
13900704,a49b94ef-43fa-4120-9b28-e8450737da32,2018-06-30,2018-06-30,,Auckland,2018-06-30 02:06:00 UTC,2018-06-30 02:13:50 UTC,casual,Garden plant,0,0,true,Auckland Central,-36.85236,174.77101,6,,,6,,false,,,Dioon,Dioon,,Plantae,129814
13903009,e9d5ef68-7d91-48e7-88c8-b0113c24e0e3,2018-06-30,2018-06-30,,Auckland,2018-06-30 03:40:27 UTC,2018-07-15 10:17:39 UTC,casual,Shrub,1,0,true,Auckland Central,-36.851482,174.771212,4,,,4,,false,,,Hutu,Ascarina lucida,Hutu,Plantae,409830
14125134,8c77931c-0ee6-4d7a-b6b2-1f1e5c3db683,2018-07-07,2018-07-07,,Auckland,2018-07-07 05:27:38 UTC,2018-10-28 01:12:37 UTC,casual,Garden plant,1,0,true,Auckland Central,-36.849432,174.768967,5,,,5,,false,,,Cape Aloe,Aloe ferox,Cape Aloe,Plantae,124412
14156937,ce5a6841-6996-45ff-b2de-2200f18e13cc,2018-07-08,2018-07-08,,Auckland,2018-07-08 04:18:07 UTC,2020-05-19 08:01:59 UTC,casual,"",1,0,true,Auckland Central,-36.853553,174.769094,7,,,7,,false,,,strawberry-guava,Psidium cattleyanum,strawberry-guava,Plantae,278242
14156959,d4eb1f77-d10a-4f14-ae26-3a756652e185,2018-07-08,2018-07-08,,Auckland,2018-07-08 04:19:37 UTC,2018-10-28 01:04:11 UTC,casual,"",0,0,true,Auckland Central,-36.853553,174.769094,7,,,7,,false,,,Mullumbimby Plum,Davidsonia jerseyana,Mullumbimby plum,Plantae,488894
14157202,42ef4472-029c-4d0d-ad9b-faa5c0204942,2018-07-08,2018-07-08,,Auckland,2018-07-08 04:25:24 UTC,2026-01-07 00:55:46 UTC,casual,"",0,0,true,"Grafton, Auckland",-36.855401,174.768295,21,,,21,,false,,,Chinese Mahonia,Berberis fortunei,Chinese mahonia,Plantae,924055
14157212,d03fece6-4c70-4137-9684-a3b2dea367cb,2018-07-08,2018-07-08,,Auckland,2018-07-08 04:26:01 UTC,2018-10-28 01:03:29 UTC,casual,"",1,0,true,"Grafton, Auckland",-36.855401,174.768295,21,,,21,,false,,,Orange Jasmine,Murraya paniculata,Orange Jasmine,Plantae,287316
14332780,25e12c0f-7cdc-4c26-86a5-786d882f46d4,2018-07-14,2018-07-14,,Auckland,2018-07-14 00:37:35 UTC,2019-11-07 10:01:45 UTC,casual,"Garden plant, shrub",1,0,true,Auckland Central,-36.849544,174.769554,13,,,13,,false,,,Estrobilante,Strobilanthes auriculata dyeriana,Persian shield,Plantae,780930
14555104,8b861dff-9f84-4b96-a242-d58059a33820,2018-07-21,2018-07-21,,Auckland,2018-07-20 22:32:30 UTC,2018-07-21 06:11:30 UTC,research,Weed,1,0,false,Auckland Central,-36.849489,174.76916,2,,,2,,false,,,Italian arum,Arum italicum,Italian arum,Plantae,61168
14853526,152401bb-1cab-438a-aa93-643f07c531a3,2018-07-29,2018-07-29,,Auckland,2018-07-28 22:38:14 UTC,2018-10-28 00:51:51 UTC,casual,Garden plant,0,0,true,Auckland Central,-36.850924,174.77243,5,,,5,,false,,,Blue Daisy,Felicia amelloides,Coastal Blue Felicia,Plantae,146915
15008211,9f51be8f-67a4-4e3a-921c-45c470223a74,2018/08/01 3:47 PM NZST,2018-08-01,2018-08-01 03:47:00 UTC,Wellington,2018-08-01 04:40:26 UTC,2018-08-01 04:40:26 UTC,casual,"",0,0,true,"Auckland, 1010, New Zealand",-36.8511365226,174.7697741581,2,,,2,,false,,,Manoao,Manoao colensoi,manoao,Plantae,135858
15080913,71a16c83-cd33-4cb0-8167-87d4e11551e6,2018/08/01 3:54 PM NZST,2018-08-01,2018-08-01 03:54:00 UTC,Wellington,2018-08-03 19:05:35 UTC,2018-08-06 10:14:42 UTC,casual,"",1,0,true,"Auckland, 1010, New Zealand",-36.8503073591,174.7707259655,4,,,28476,open,false,,,Three Kings Titoki,Alectryon excelsus grandis,Three Kings Titoki,Plantae,411919
15081159,f57d4dc7-9193-4e29-a9ee-5495dde50a3e,2018/08/01 4:07 PM NZST,2018-08-01,2018-08-01 04:07:00 UTC,Wellington,2018-08-03 19:15:27 UTC,2024-11-16 07:32:28 UTC,casual,"",1,0,true,"Auckland, 1010, New Zealand",-36.8512663634,174.770779296,2,,,2,open,false,,,mountain toatoa,Phyllocladus alpinus,mountain toatoa,Plantae,447042
15304018,b804cad1-4cbf-417b-85bf-873615090e3b,2018-08-11,2018-08-11,,Auckland,2018-08-10 23:38:29 UTC,2020-01-08 15:05:06 UTC,casual,"Leafless, tree",1,0,true,Auckland Central,-36.851292,174.7706,7,,,7,,false,,,Parrotia persica,Parrotia persica,Persian ironwood,Plantae,464251
15310910,befcd0d3-f4c0-421e-b130-8cd199c6980a,2018-08-11,2018-08-11,,Auckland,2018-08-11 05:52:26 UTC,2018-08-11 06:24:06 UTC,research,"",1,0,false,Auckland Central,-36.850967,174.76964,9,,,9,,false,,,velvet groundsel,Roldana petasitis,velvet groundsel,Plantae,345097
15335028,57e6bf5b-2ec9-4075-88c9-85cfd6e6a450,2018-08-12,2018-08-12,,Auckland,2018-08-12 00:25:27 UTC,2021-11-09 07:55:12 UTC,research,Epiphyte,4,0,false,Auckland Central,-36.853206,174.769147,4,,,4,,false,,,New Zealand Bamboo Orchid,Earina mucronata,Peka-a-waka,Plantae,401597
15408588,78ff8dea-76e8-4bf8-b325-4e59de2c2e47,Tue Aug 14 2018 14:01:34 GMT+1200 (GMT+12),2018-08-14,2018-08-14 02:01:34 UTC,Auckland,2018-08-14 02:06:31 UTC,2018-09-03 08:09:32 UTC,casual,"",2,0,true,"University of Auckland, Auckland, Auckland, NZ",-36.8513746085,174.7704974656,37,,,37,,false,,,Mountain Horopito,Pseudowintera colorata,Mountain Horopito,Plantae,71054
15903115,51f2b088-fe89-45e3-bcc8-6d00106b9144,Sat Aug 25 2018 16:18:42 GMT+1200 (GMT+12),2018-08-25,2018-08-25 04:18:42 UTC,Auckland,2018-08-26 06:55:52 UTC,2018-08-26 08:05:18 UTC,casual,"",3,1,true,"Auckland, NZ",-36.849045564,174.771008145,34,,,34,,false,,,Titoki,Alectryon excelsus,Tītoki,Plantae,399464
16337667,02f8b2c4-97f9-49cd-bb0f-321e72833311,2018-09-09,2018-09-09,,Auckland,2018-09-09 00:00:05 UTC,2019-03-11 19:40:44 UTC,casual,"Garden plant, leafless",1,0,true,Auckland Central,-36.849348,174.769592,9,,,9,open,false,,,eastern redbud,Cercis canadensis,eastern redbud,Plantae,48502
16347226,ebf87228-e995-4720-ae9e-e4f8c593cf91,2018-09-09 4:32:06 pm GMT+12:00,2018-09-09,2018-09-09 04:32:06 UTC,Auckland,2018-09-09 06:52:30 UTC,2019-10-27 03:49:14 UTC,needs_id,"",0,0,false,"Music School, Auckland, 1010, New Zealand",-36.8510281574,174.7723074071,15,,,15,,false,,,,Oxalis,Woodsorrels,Plantae,47758
16347336,a74b80fa-c637-4908-af99-64e212032320,2018-09-09 3:56:41 pm GMT+12:00,2018-09-09,2018-09-09 03:56:41 UTC,Auckland,2018-09-09 06:59:05 UTC,2021-06-14 09:38:08 UTC,research,"",2,0,false,"27 Alten Rd, Auckland, 1010, New Zealand",-36.85226854,174.7732621,6,,,6,,false,,,white ramping-fumitory,Fumaria capreolata,white-flower fumitory,Plantae,57852
16347338,eb54693a-49b0-4858-b9dd-e0a8cba7840b,2018-09-09 3:57:18 pm GMT+12:00,2018-09-09,2018-09-09 03:57:18 UTC,Auckland,2018-09-09 06:59:26 UTC,2025-07-13 03:45:25 UTC,needs_id,"",2,1,false,"27 Alten Rd, Auckland, 1010, New Zealand",-36.85227146,174.77329906,4,,,4,,false,,,Mallows,Malva,Mallows,Plantae,55978
16377709,16592495-058b-4740-9534-c18467729eb8,Mon Sep 10 2018 14:13:28 GMT+1200 (GMT+12),2018-09-10,2018-09-10 02:13:28 UTC,Auckland,2018-09-10 02:20:47 UTC,2018-09-10 08:52:20 UTC,casual,"",1,0,true,"University of Auckland, Auckland, Auckland, NZ",-36.8504861404,174.7697363103,22,,,22,,false,,,Taraire,Beilschmiedia tarairi,Taraire,Plantae,399962
16377744,32478714-db82-41fb-b903-d5516f508bd2,Mon Sep 10 2018 14:13:53 GMT+1200 (GMT+12),2018-09-10,2018-09-10 02:13:53 UTC,Auckland,2018-09-10 02:22:26 UTC,2025-03-30 22:09:13 UTC,casual,"",1,0,true,"University of Auckland, Auckland, Auckland, NZ",-36.8516326792,174.7712355465,18,,,18,open,false,,,Hutu,Ascarina lucida,Hutu,Plantae,409830
16781568,339971c0-d1c5-4f00-ba77-a0fe87130fdc,2018-09-22,2018-09-22,,Auckland,2018-09-22 02:15:09 UTC,2018-10-25 20:48:38 UTC,casual,"",1,0,true,Auckland Central,-36.848953,174.770276,6,,,6,,false,,,Peacock Moraea,Moraea villosa,Peacock Moraea,Plantae,120331
16781708,22dd796a-981c-444c-9e2f-42d5829abef6,2018-09-22,2018-09-22,,Auckland,2018-09-22 02:19:42 UTC,2020-06-23 18:10:47 UTC,casual,"",1,0,true,Auckland Central,-36.848953,174.770276,6,,,6,,false,,,Fairybells,Melasphaerula graminea,Fairybells,Plantae,734969
17205140,c0bd6c54-4703-4f57-9d29-e64814324824,2018/10/02 12:31 PM NZDT,2018-10-02,2018-10-01 23:31:00 UTC,Wellington,2018-10-05 02:24:38 UTC,2019-06-11 04:37:45 UTC,casual,"",1,0,true,"Auckland, 1010, New Zealand",-36.8527057417,174.7687451541,2,,,2,,false,,,Parkinson's Rata,Metrosideros parkinsonii,Parkinson's Rātā,Plantae,403883
17387507,4e48879f-579b-4d87-8f43-93b2f4cb8aea,2018/10/10 3:26 PM NZDT,2018-10-10,2018-10-10 02:26:00 UTC,Wellington,2018-10-10 20:27:23 UTC,2018-10-11 20:07:40 UTC,research,"",3,0,false,"Auckland, 1010, New Zealand",-36.8503898552,174.7701375115,2,,,2,,false,,,Onion Orchid,Microtis unifolia,Maikaika,Plantae,353958
17387623,b2374549-845e-4d9c-a2db-a95b0e155b78,2018/10/10 3:23 PM NZDT,2018-10-10,2018-10-10 02:23:00 UTC,Wellington,2018-10-10 20:31:11 UTC,2018-10-12 22:50:42 UTC,casual,"",1,0,true,"Auckland, 1010, New Zealand",-36.8500203998,174.7701085394,8,,,8,,false,,,Poataniwha,Melicope simplex,Poataniwha,Plantae,366690
17816960,41876605-f316-4045-9e30-302ee4b211c5,2018-10-25,2018-10-25,,Auckland,2018-10-25 05:44:20 UTC,2018-10-25 05:59:30 UTC,casual,"",0,0,true,Auckland Central,-36.851541,174.768484,2,,,2,,false,,,Spanish Broom,Spartium junceum,Spanish Broom,Plantae,47406
17842434,00947875-e0ba-473e-8ff6-2c7365250db7,2018/10/26 1:05 PM NZDT,2018-10-26,2018-10-26 00:05:00 UTC,Wellington,2018-10-26 01:57:41 UTC,2024-11-11 17:45:28 UTC,casual,"",0,0,true,"Auckland, 1010, New Zealand",-36.849649,174.770675,,,,,open,false,,,South African Coral Tree,Erythrina afra,Coast Coral Tree,Plantae,1588191
17842584,3f26661f-b464-4b21-a8e4-479ff0d7c754,2018/10/26 12:02 PM NZDT,2018-10-26,2018-10-25 23:02:00 UTC,Wellington,2018-10-26 02:07:59 UTC,2018-10-26 02:07:59 UTC,casual,"",0,0,true,"Auckland, 1010, New Zealand",-36.8513211479,174.7708538625,4,,,4,open,false,,,Pomaderris phylicifolia,Pomaderris phylicifolia,Narrow-Leaf Pomaderris,Plantae,366718
18294947,0031cfe3-7aca-418b-8d33-cf95e552de35,2018-11-10,2018-11-10,,Auckland,2018-11-10 00:01:30 UTC,2024-11-11 17:45:32 UTC,casual,"Garden plant, tree",0,0,true,Auckland Central,-36.849696,174.770713,8,,,8,open,false,,,South African Coral Tree,Erythrina afra,Coast Coral Tree,Plantae,1588191
18295075,1d2f96b8-9f46-4701-b1ae-f087a39b9092,2018-11-10,2018-11-10,,Auckland,2018-11-10 00:11:53 UTC,2025-07-08 17:36:51 UTC,casual,"",1,0,true,Auckland Central,-36.849911,174.771502,9,,,9,,false,,,Trochodendron aralioides,Trochodendron aralioides,Cartwheel Tree,Plantae,429716
18295286,b1bf3e29-49d4-4e25-a3c2-09a30f0741a3,2018-11-10,2018-11-10,,Auckland,2018-11-10 00:26:24 UTC,2025-10-21 20:41:20 UTC,casual,"Garden plant, tree",2,0,true,Auckland Central,-36.851143,174.772821,5,,,5,open,false,,,Red Buckeye,Aesculus pavia,Red Buckeye,Plantae,81708
18504712,67ee3d51-e07b-496b-bfc0-2b3758df290b,2018/11/20 10:40 AM NZDT,2018-11-20,2018-11-19 21:40:00 UTC,Wellington,2018-11-19 22:32:43 UTC,2019-02-21 23:54:41 UTC,casual,"",0,0,true,"Auckland, 1010, New Zealand",-36.850811,174.768955,,,,28476,open,false,,,Elingamita johnsonii,Elingamita johnsonii,,Plantae,183570
18504741,479807b1-e108-449e-96b8-dfd37772b0b7,2018/11/20 10:40 AM NZDT,2018-11-20,2018-11-19 21:40:00 UTC,Wellington,2018-11-19 22:34:32 UTC,2018-12-08 22:12:15 UTC,casual,"",1,0,true,"Auckland, 1010, New Zealand",-36.8508251006,174.7689782622,4,,,4,,false,,,Mountain Horopito,Pseudowintera colorata,Mountain Horopito,Plantae,71054
18748077,bd91e7a8-1892-4d32-aa3b-844bf91e79a4,2018-12-01,2018-12-01,,Auckland,2018-12-01 03:36:36 UTC,2018-12-04 20:28:10 UTC,casual,Garden plant,1,0,true,Auckland Central,-36.850434,174.770069,19,,,19,,false,,,Sapphire tower,Puya alpestris,Sapphire tower,Plantae,431518
18748899,7f8c8a19-d723-4895-9a00-5bd53ebf704d,2018-12-01,2018-12-01,,Auckland,2018-12-01 04:21:56 UTC,2018-12-01 22:02:24 UTC,casual,Tree,1,0,true,Auckland Central,-36.852433,174.768551,7,,,7,,false,,,Grevilleas,Grevillea,Grevilleas,Plantae,64515
18766541,dbe2ce4d-3de1-49a9-8c47-a0791a7b5a43,2018-12-02,2018-12-02,,Auckland,2018-12-02 01:07:20 UTC,2018-12-02 01:09:21 UTC,casual,"",0,0,true,Auckland Central,-36.851388,174.770555,6,,,6,,false,,,Silk Floss Tree,Ceiba speciosa,Silk floss tree,Plantae,154290
18766685,f2e087b5-b9db-4021-89f0-d58fafeb571e,2018-12-02,2018-12-02,,Auckland,2018-12-02 01:14:31 UTC,2021-10-13 22:15:17 UTC,needs_id,"",2,0,false,Auckland Central,-36.848953,174.770276,6,,,6,,false,,,Froetangs,Romulea,Froetangs,Plantae,59939
18766806,60b66d1a-89d9-4be4-83eb-29f9eeb9e7f8,2018-12-02,2018-12-02,,Auckland,2018-12-02 01:21:46 UTC,2019-03-13 17:04:13 UTC,research,Field ID,1,0,false,Auckland Central,-36.852919,174.772347,7,,,7,open,false,,,rabbitfoot grass,Polypogon monspeliensis,rabbitfoot grass,Plantae,57197
18766865,bcdf583d-bf6c-4628-81da-762cbee024b6,2018-12-02,2018-12-02,,Auckland,2018-12-02 01:27:52 UTC,2018-12-02 01:28:47 UTC,casual,"Climber, garden plant, shrub",0,0,true,Auckland Central,-36.850918,174.772625,7,,,7,,false,,,Argentine Trumpet Vine,Bignonia callistegioides,Argentine trumpet vine,Plantae,543859
18766921,75306e21-a64b-4f85-ba4a-a0556a957406,2018-12-02,2018-12-02,,Auckland,2018-12-02 01:32:41 UTC,2018-12-02 01:43:57 UTC,casual,"Climber, garden plant, shrub",0,0,true,Auckland Central,-36.850983,174.772186,4,,,4,,false,,,Tecomanthe hillii,Tecomanthe hillii,,Plantae,469643
18767339,a2c94c53-ae96-4b19-b2a9-f2ca30dda944,2018-12-02,2018-12-02,,Auckland,2018-12-02 01:56:18 UTC,2025-12-19 08:41:06 UTC,casual,"",0,0,true,Auckland Central,-36.850949,174.77244,10,,,10,,false,,,Oxalis brasiliensis,Oxalis brasiliensis,Brazilian woodsorrel,Plantae,380916
18767541,42a5f42d-e3d3-4065-980a-18f0dc5b5526,2018-12-02,2018-12-02,,Auckland,2018-12-02 02:07:50 UTC,2018-12-02 02:12:42 UTC,casual,Tree,0,0,true,Auckland Central,-36.851354,174.771662,6,,,6,,false,,,Coachwood,Ceratopetalum apetalum,coachwood,Plantae,184259
18886628,75c8a173-fb0c-4cf5-9b57-a19223aa9262,2018-12-08,2018-12-08,,Auckland,2018-12-07 23:55:34 UTC,2018-12-07 23:57:43 UTC,casual,"",0,0,true,Auckland Central,-36.84945,174.770332,3,,,3,,false,,,River Bells,Mackaya bella,River bells,Plantae,403681
18886818,b46252a1-1484-424f-b1ec-86b512aa74dc,2018-12-08,2018-12-08,,Auckland,2018-12-08 00:08:07 UTC,2018-12-08 00:09:06 UTC,casual,"",0,0,true,Auckland Central,-36.850815,174.770461,7,,,7,,false,,,Hedgehog Sheepfig,Delosperma echinatum,Hedgehog Sheepfig,Plantae,424112
18886849,bffc9cc1-6207-4dd5-8ee8-9f6b8f2d5656,2018-12-08,2018-12-08,,Auckland,2018-12-08 00:12:05 UTC,2018-12-08 04:54:14 UTC,casual,"",1,0,true,Auckland Central,-36.85104,174.770327,7,,,7,,false,,,Licorice plant,Helichrysum petiolare,Licorice plant,Plantae,77361
18904147,a530e4e4-5ee5-4052-bd15-53136d534575,2018-12-09,2018-12-09,,Auckland,2018-12-08 21:42:03 UTC,2020-06-27 10:22:29 UTC,casual,Tree,1,0,true,Auckland Central,-36.853442,174.76926,6,,,6,,false,,,Hard Beech,Nothofagus truncata,Hard Beech,Plantae,410114
18904312,1ed22d84-7737-4c41-9e7e-a4108f1a9e61,2018-12-09,2018-12-09,,Auckland,2018-12-08 21:50:21 UTC,2018-12-08 21:52:42 UTC,casual,"",0,0,true,"Grafton, Auckland",-36.855167,174.768409,6,,,6,,false,,,River Bells,Mackaya bella,River bells,Plantae,403681
18904905,b6d59991-c673-4697-abf9-1b731a09d0ff,2018-12-09,2018-12-09,,Auckland,2018-12-08 22:23:42 UTC,2018-12-08 22:27:26 UTC,casual,"",0,0,true,"Grafton, Auckland",-36.855599,174.768065,5,,,5,,false,,,Rothmannia globosa,Rothmannia globosa,Bell-Gardenia,Plantae,431565
18904936,f310fd46-4d57-4895-aef1-d14ecb64df2e,2018-12-09,2018-12-09,,Auckland,2018-12-08 22:25:59 UTC,2018-12-08 22:27:02 UTC,casual,"",0,0,true,"Grafton, Auckland",-36.855401,174.768295,21,,,21,,false,,,Orange Jasmine,Murraya paniculata,Orange Jasmine,Plantae,287316
18907450,5ee9071e-c134-449a-8ea6-14d8fa9a63fe,2018-12-09,2018-12-09,,Auckland,2018-12-09 00:26:45 UTC,2018-12-09 00:35:02 UTC,casual,"Climber, garden plant, shrub",0,0,true,Auckland Central,-36.850139,174.769787,4,,,4,,false,,,Easter Lily Vine,Beaumontia grandiflora,Easter lily vine,Plantae,428002
18907777,92a00260-d1b2-4130-9478-d1ee8171a5ba,2018-12-09,2018-12-09,,Auckland,2018-12-09 00:45:57 UTC,2018-12-10 08:17:49 UTC,casual,"",1,0,true,Auckland Central,-36.851128,174.770099,3,,,3,,false,,,Cytisus scoparius andreanus,Cytisus scoparius andreanus,,Plantae,56066
19037564,9b9f4b18-3899-4066-9b64-d7e43c4521e8,2018-12-16,2018-12-16,,Auckland,2018-12-15 23:37:01 UTC,2018-12-15 23:38:20 UTC,casual,"",0,0,true,Auckland Central,-36.850795,174.770477,4,,,4,,false,,,Aloe juvenna,Aloe juvenna,tiger tooth aloe,Plantae,512266
19159544,1caaa45b-78f7-4cb9-8b8d-2325e9d6c967,2018-12-23,2018-12-23,,Auckland,2018-12-22 21:53:41 UTC,2024-12-08 09:12:37 UTC,casual,"Syconia, tree",0,0,true,Auckland Central,-36.852111,174.771039,4,,,4,open,false,,,Ficus auriculata,Ficus auriculata,Elephant ear fig,Plantae,361868
19159773,6016ef7a-e141-4c45-9c71-3a0a72191381,2018-12-23,2018-12-23,,Auckland,2018-12-22 22:07:57 UTC,2019-04-19 00:29:32 UTC,casual,Tree,0,0,true,Auckland Central,-36.852516,174.770907,3,,,3,open,false,,,European Hornbeam,Carpinus betulus,European Hornbeam,Plantae,55801
19159965,d60e9d67-e600-46f8-87be-fb642e89e59b,2018-12-23,2018-12-23,,Auckland,2018-12-22 22:14:05 UTC,2018-12-22 22:15:47 UTC,casual,"",0,0,true,Auckland Central,-36.852516,174.770907,3,,,3,,false,,,Common Rock-Rose,Helianthemum nummularium,Common Rock-rose,Plantae,84278
19161003,8b9b7ad4-fc44-4404-94d8-b7967e05d39e,2018-12-23,2018-12-23,,Auckland,2018-12-22 23:10:19 UTC,2021-11-09 07:37:49 UTC,research,Epiphyte,2,0,false,Auckland Central,-36.853206,174.769147,4,,,4,,false,,,New Zealand Bamboo Orchid,Earina mucronata,Peka-a-waka,Plantae,401597
19223803,c7d26ce8-4648-4b0d-986b-dcaa08454a78,2018-12-26,2018-12-26,,Auckland,2018-12-26 03:00:11 UTC,2026-01-24 19:26:36 UTC,casual,"",0,0,true,Auckland Central,-36.850224,174.770094,6,,,6,,false,,,Rubus pentalobus,Rubus rolfei,creeping Taiwan bramble,Plantae,129061
19281140,eb88ed7f-06d2-4ac6-846e-886454ac1359,2018-12-29,2018-12-29,,Auckland,2018-12-29 03:13:16 UTC,2018-12-29 03:19:27 UTC,casual,Tree,0,0,true,Auckland Central,-36.851396,174.770654,5,,,5,,false,,,brush bloodwood,Baloghia inophylla,brush bloodwood,Plantae,369778
19281475,d6c53fb7-3d91-4a85-abd9-80c5667a8b0f,2018-12-29,2018-12-29,,Auckland,2018-12-29 03:39:20 UTC,2018-12-29 03:40:31 UTC,casual,Tree,0,0,true,Auckland Central,-36.851388,174.770555,6,,,6,,false,,,Silk Floss Tree,Ceiba speciosa,Silk floss tree,Plantae,154290
19486167,a5a51dd9-4e7e-469d-9752-9cf24c20740f,2019-01-07,2019-01-07,,Auckland,2019-01-07 06:45:23 UTC,2025-09-12 17:25:57 UTC,casual,Tree,1,0,true,Auckland Central,-36.850794,174.771479,8,,,8,open,false,,,Golden Rain Tree,Koelreuteria paniculata,golden rain tree,Plantae,58320
19566600,a7b3ce8d-2633-411d-bf85-a9d477d0213c,2019-01-11,2019-01-11,,Auckland,2019-01-11 06:18:36 UTC,2019-01-11 06:54:34 UTC,casual,"",1,0,true,Auckland Central,-36.848862,174.769807,8,,,8,,false,,,Rose-of-sharon,Hypericum calycinum,Rose-of-sharon,Plantae,77481
19576142,1ecfe8fc-3c5f-4193-b73f-456f83b193ab,2019-01-12,2019-01-12,,Auckland,2019-01-11 21:14:05 UTC,2020-05-19 08:01:25 UTC,casual,"",1,0,true,Auckland Central,-36.850232,174.770117,4,,,4,,false,,,Common guava,Psidium guajava,Common guava,Plantae,62859
19723518,da735336-9d4a-4584-a5d3-a03935855b97,2019-01-19,2019-01-19,,Auckland,2019-01-19 04:26:11 UTC,2019-01-19 04:27:14 UTC,casual,"Garden plant, shrub",0,0,true,Auckland Central,-36.850879,174.772902,4,,,4,,false,,,Brunfelsia undulata,Brunfelsia undulata,,Plantae,772035
20038926,d3ea31cd-9d8f-4748-98e0-5caffae99410,2019-02-03,2019-02-03,,Auckland,2019-02-02 21:47:09 UTC,2019-02-02 21:51:03 UTC,casual,"Field ID, tree",0,0,true,Auckland Central,-36.84916,174.770904,5,,,5,,false,,,Bay Laurel,Laurus nobilis,Bay laurel,Plantae,54759
20709351,eabc865a-166d-4c1b-8304-95c67e4a4bd0,2019-02-24,2019-02-24,,Auckland,2019-02-23 23:13:54 UTC,2020-03-30 03:18:59 UTC,research,Field ID,2,0,false,Auckland Central,-36.850506,174.770745,8,,,8,,false,,,Asian ponysfoot,Dichondra micrantha,Asian ponysfoot,Plantae,76650
21190122,5865900d-0cf3-4c14-8545-0ef31a63613d,Wed Mar 13 2019 12:36:01 GMT+1300 (GMT+13),2019-03-13,2019-03-12 23:36:01 UTC,Nuku'alofa,2019-03-12 23:37:22 UTC,2019-03-23 22:24:25 UTC,casual,"",0,0,true,"University of Auckland, Auckland, Auckland, NZ",-36.8514018125,174.7707926742,65,,,65,,false,,,,Sophora,kōwhai,Plantae,70037
21190127,54c00fab-9870-476c-8c45-8775a5f44e16,Wed Mar 13 2019 12:37:05 GMT+1300 (GMT+13),2019-03-13,2019-03-12 23:37:05 UTC,Nuku'alofa,2019-03-12 23:37:42 UTC,2019-03-13 08:10:59 UTC,research,"",1,0,false,"University of Auckland, Auckland, Auckland, NZ",-36.8510737969,174.7703529151,10,,,10,,false,,,Pohutukawa,Metrosideros excelsa,Pōhutukawa,Plantae,122905
21190138,e25a0f0b-a93b-4e7c-a99a-5d39dd8c33cd,2019-03-13 12:35:40 pm GMT+13:00,2019-03-13,2019-03-12 23:35:40 UTC,Nuku'alofa,2019-03-12 23:38:14 UTC,2019-03-12 23:38:34 UTC,needs_id,"",0,0,false,"Biology Building, Auckland, 1010, New Zealand",-36.8512564064,174.7707660313,4,,,4,,false,,,Small-leaved kowhai,Sophora microphylla,Small-leaved kowhai,Plantae,210947
21190161,896f71bc-f6b0-499a-b8a7-8b74472c0371,Wed Mar 13 2019 12:38:50 GMT+1300 (GMT+13),2019-03-13,2019-03-12 23:38:50 UTC,Nuku'alofa,2019-03-12 23:39:13 UTC,2019-03-12 23:39:24 UTC,needs_id,"",0,0,false,"University of Auckland, Auckland, Auckland, NZ",-36.8513584929,174.7707881198,200,,,200,,false,,,,Sophora,kōwhai,Plantae,70037
21190162,f28a2ff0-9f07-4f9b-9120-b6ad4f48aaf5,Wed Mar 13 2019 12:36:42 GMT+1300 (GMT+13),2019-03-13,2019-03-12 23:36:42 UTC,Nuku'alofa,2019-03-12 23:39:14 UTC,2019-03-13 03:29:46 UTC,casual,"",1,0,true,"University of Auckland, Auckland, Auckland, NZ",-36.8510585271,174.7702736606,8,,,8,,false,,,Pohutukawa,Metrosideros excelsa,Pōhutukawa,Plantae,122905
21190163,4ad8685e-9ec3-4361-ae06-575daf8e270a,Wed Mar 13 2019 12:36:59 GMT+1300 (GMT+13),2019-03-13,2019-03-12 23:36:59 UTC,Nuku'alofa,2019-03-12 23:39:16 UTC,2019-03-13 03:29:39 UTC,needs_id,"",3,0,false,"University of Auckland, Auckland, Auckland, NZ",-36.8510095266,174.770353806,9,,,9,,false,,,Rata and allies,Metrosideros,Rātā and allies,Plantae,60448
21190166,4d8f102f-6828-4bd2-83af-3c5d602f0c94,Wed Mar 13 2019 12:38:12 GMT+1300 (GMT+13),2019-03-13,2019-03-12 23:38:12 UTC,Nuku'alofa,2019-03-12 23:39:19 UTC,2019-03-12 23:57:01 UTC,casual,"",1,0,true,"University of Auckland, Auckland, Auckland, NZ",-36.8510396825,174.770385856,10,,,10,,false,,,Pohutukawa,Metrosideros excelsa,Pōhutukawa,Plantae,122905
21190224,1ab554c2-d60e-48ca-96c1-f0285c3b8528,Wed Mar 13 2019 12:41:11 GMT+1300 (GMT+13),2019-03-13,2019-03-12 23:41:11 UTC,Nuku'alofa,2019-03-12 23:41:28 UTC,2019-03-14 23:09:09 UTC,research,"",2,0,false,"University of Auckland, Auckland, Auckland, NZ",-36.8510442507,174.7704092415,10,,,10,,false,,,common ivy,Hedera helix,common ivy,Plantae,55882
21190234,2e9964ab-43a0-4e48-92ea-9023599fcae7,2019-03-13 12:43:20 PM NZDT,2019-03-13,2019-03-12 23:43:20 UTC,Wellington,2019-03-12 23:41:44 UTC,2019-03-12 23:54:18 UTC,casual,"",1,0,true,"Elam B, Auckland, 1010, New Zealand",-36.8509873366,174.7703041574,8,,,8,,false,,,Pohutukawa,Metrosideros excelsa,Pōhutukawa,Plantae,122905
21190241,4f470494-a579-4c91-84ee-a310a24b00f6,Wed Mar 13 2019 12:40:10 GMT+1300 (GMT+13),2019-03-13,2019-03-12 23:40:10 UTC,Nuku'alofa,2019-03-12 23:42:14 UTC,2019-03-12 23:42:39 UTC,needs_id,"",0,0,false,"University of Auckland, Auckland, Auckland, NZ",-36.8510252238,174.770479398,10,,,10,,false,,,,Fraxinus angustifolia oxycarpa,,Plantae,82884
21190296,79a59b41-acc9-40d8-8394-6e9e9f7bef5e,2019-03-13 12:34:27 pm NZDT,2019-03-13,2019-03-12 23:34:27 UTC,Wellington,2019-03-12 23:44:10 UTC,2019-03-12 23:44:10 UTC,casual,"",0,0,true,"Old Choral Hall, Auckland, 1010, New Zealand",-36.8514426,174.7705455,45,,,45,,false,,,Small-leaved kowhai,Sophora microphylla,Small-leaved kowhai,Plantae,210947
21194941,b396b501-4375-44a5-92cd-ff74b8477439,Wed Mar 13 2019 16:23:27 GMT+1300 (GMT+13),2019-03-13,2019-03-13 03:23:27 UTC,Nuku'alofa,2019-03-13 03:24:35 UTC,2019-03-13 09:02:17 UTC,casual,"",0,0,true,"University of Auckland, Auckland, Auckland, NZ",-36.8510776945,174.770658335,12,,,12,open,false,,,,Nerium oleander,oleander,Plantae,47563
21194973,879b9c95-9fbb-4e79-808e-84cae02666d3,Wed Mar 13 2019 16:24:15 GMT+1300 (GMT+13),2019-03-13,2019-03-13 03:24:15 UTC,Nuku'alofa,2019-03-13 03:26:16 UTC,2024-10-30 00:05:57 UTC,needs_id,"",0,0,false,"University of Auckland, Auckland, Auckland, NZ",-36.8510444602,174.7704887019,30,,,30,,false,,,,Hedera canariensis,Canary Islands Ivy,Plantae,64113
21195094,ed7da7d3-c042-4357-bba5-c1f41001712a,Wed Mar 13 2019 16:29:53 GMT+1300 (GMT+13),2019-03-13,2019-03-13 03:29:53 UTC,Nuku'alofa,2019-03-13 03:29:57 UTC,2019-05-10 11:13:45 UTC,needs_id,"",0,0,false,"University of Auckland, Auckland, Auckland, NZ",-36.8511632318,174.7705787236,10,,,10,,false,,,,Tracheophyta,Vascular Plants,Plantae,211194
21195097,4514a5bb-c110-4caf-956f-381b974700de,Wed Mar 13 2019 16:29:02 GMT+1300 (GMT+13),2019-03-13,2019-03-13 03:29:02 UTC,Nuku'alofa,2019-03-13 03:30:01 UTC,2025-01-28 14:53:14 UTC,needs_id,"",3,0,false,"Old Choral Hall, Auckland, Auckland, NZ",-36.8512441143,174.7703451913,65,,,65,open,false,,,dicots,Magnoliopsida,dicots [paraphyletic],Plantae,47124
21195127,369ebac8-424e-42e5-8db2-c7879ee8c16c,2019-03-13 4:28:59 PM GMT+13:00,2019-03-13,2019-03-13 03:28:59 UTC,Nuku'alofa,2019-03-13 03:30:40 UTC,2024-10-30 00:06:03 UTC,research,"",2,0,false,"Auckland, NZ",-36.8510033333,174.77059,4,,,4,,false,,,Canary Islands Ivy,Hedera canariensis,Canary Islands Ivy,Plantae,64113
21195145,160bcaba-cb3e-4462-8407-2f729fbcb028,Wed Mar 13 2019 16:23:35 GMT+1300 (GMT+13),2019-03-13,2019-03-13 03:23:35 UTC,Nuku'alofa,2019-03-13 03:31:24 UTC,2019-03-30 06:23:52 UTC,needs_id,"",1,0,false,"University of Auckland, Auckland, Auckland, NZ",-36.8511988726,174.7704429357,65,,,65,,false,,,Rata and allies,Metrosideros,Rātā and allies,Plantae,60448
21195175,b851e98c-5d41-4558-b5b3-d856652e0697,2019-03-13 4:24:58 PM NZDT,2019-03-13,2019-03-13 03:24:58 UTC,Wellington,2019-03-13 03:33:32 UTC,2024-02-21 02:07:56 UTC,research,"",1,0,false,"Old Choral Hall, Auckland, 1010, New Zealand",-36.8513501499,174.7705194835,4,,,4,,false,,,Coprosma × cunninghamii,Coprosma × cunninghamii,Karamingi,Plantae,1534449
21195179,709ac207-c035-4366-a800-d84727288441,2019-03-13 4:27:23 PM NZDT,2019-03-13,2019-03-13 03:27:23 UTC,Wellington,2019-03-13 03:33:43 UTC,2024-10-30 00:06:01 UTC,research,"",3,0,false,"Biology Building, Auckland, 1010, New Zealand",-36.8511573436,174.7706545974,4,,,4,,false,,,Canary Islands Ivy,Hedera canariensis,Canary Islands Ivy,Plantae,64113
21195184,1079a646-2708-42b8-8934-905ab8c426a8,2019-03-13 4:27:41 PM NZDT,2019-03-13,2019-03-13 03:27:41 UTC,Wellington,2019-03-13 03:33:53 UTC,2019-03-13 09:01:53 UTC,needs_id,"",0,0,false,"Biology Building, Auckland, 1010, New Zealand",-36.8511573436,174.7706545974,4,,,4,,false,,,,Angiospermae,Flowering Plants,Plantae,47125
21195187,2596af2c-a580-47c6-96c6-ce4498cf8df9,2019-03-13 4:28:03 PM NZDT,2019-03-13,2019-03-13 03:28:03 UTC,Wellington,2019-03-13 03:34:04 UTC,2019-05-10 11:26:00 UTC,casual,"",0,0,true,"Biology Building, Auckland, 1010, New Zealand",-36.8511019668,174.7706416663,4,,,4,open,false,,,,Nerium oleander,oleander,Plantae,47563
21195212,5633e9db-cab2-4c28-8284-222312a2ff16,Wed Mar 13 2019 16:30:47 GMT+1300 (GMT+13),2019-03-13,2019-03-13 03:30:47 UTC,Nuku'alofa,2019-03-13 03:35:22 UTC,2019-03-30 06:21:34 UTC,casual,"",1,0,true,"University of Auckland, Auckland, Auckland, NZ",-36.8510858249,174.7703508196,10,,,10,,false,,,Pohutukawa,Metrosideros excelsa,Pōhutukawa,Plantae,122905
21195214,54d51cf0-cc1b-4197-92a6-739d983747e0,2019-03-13 4:34:05 p.m. GMT+13:00,2019-03-13,2019-03-13 03:34:05 UTC,Nuku'alofa,2019-03-13 03:35:24 UTC,2019-10-10 08:53:28 UTC,casual,"",1,0,true,"Biology Building, Auckland, 1010, New Zealand",-36.85115763,174.77056652,8,,,8,,false,,,Pohutukawa,Metrosideros excelsa,Pōhutukawa,Plantae,122905
21195284,667c149e-c179-4132-bfea-65fdc5518d4e,2019-03-13 4:37:50 PM GMT+13:00,2019-03-13,2019-03-13 03:37:50 UTC,Nuku'alofa,2019-03-13 03:40:29 UTC,2019-03-13 08:52:11 UTC,research,"",2,0,false,"Auckland, NZ",-36.851055,174.7705283333,4,,,4,,false,,,Licorice plant,Helichrysum petiolare,Licorice plant,Plantae,77361
21195320,b7842ba3-1e1d-44ed-9b0a-4393254f1010,2019-03-13 4:40:50 PM GMT+13:00,2019-03-13,2019-03-13 03:40:50 UTC,Nuku'alofa,2019-03-13 03:42:30 UTC,2019-03-13 10:14:04 UTC,casual,"",2,0,true,"Auckland, NZ",-36.8507566667,174.770305,3,,,3,,false,,,Coprosma,Coprosma,Coprosma,Plantae,70254
21195347,8bb3a609-2bed-4df3-ba43-5fdfcf2373bc,2019-03-13 4:43:01 PM GMT+13:00,2019-03-13,2019-03-13 03:43:01 UTC,Nuku'alofa,2019-03-13 03:44:11 UTC,2019-03-14 05:58:55 UTC,needs_id,"",0,0,false,"Auckland, NZ",-36.851095,174.7699816667,4,,,4,,false,,,,Angiospermae,Flowering Plants,Plantae,47125
21195375,afa62b84-3cff-49f3-9258-c2b7af8a93f7,2019-03-13 4:44:51 PM GMT+13:00,2019-03-13,2019-03-13 03:44:51 UTC,Nuku'alofa,2019-03-13 03:45:50 UTC,2019-03-14 05:58:25 UTC,needs_id,"",0,0,false,"Auckland, NZ",-36.8510533333,174.7701866667,3,,,3,,false,,,,Angiospermae,Flowering Plants,Plantae,47125
21195511,9fe8a304-ebfc-480d-8762-3e30b528d22a,2019-03-13 4:46:37 PM GMT+13:00,2019-03-13,2019-03-13 03:46:37 UTC,Nuku'alofa,2019-03-13 03:49:21 UTC,2019-03-14 05:57:58 UTC,needs_id,"",0,0,false,"Auckland, NZ",-36.8510533333,174.7702033333,2,,,2,,false,,,,Angiospermae,Flowering Plants,Plantae,47125
21195530,18bff7a0-54e2-493e-8e0e-8130c019125a,2019-03-13 4:49:46 PM GMT+13:00,2019-03-13,2019-03-13 03:49:46 UTC,Nuku'alofa,2019-03-13 03:50:50 UTC,2019-03-13 04:53:19 UTC,needs_id,"",0,0,false,"Auckland, NZ",-36.8506216667,174.7703466667,2,,,2,,false,,,,Gleditsia triacanthos,honey locust,Plantae,54797
21195583,a41b79d5-6038-400f-9e12-6b031a223455,2019-03-13 4:51:10 PM GMT+13:00,2019-03-13,2019-03-13 03:51:10 UTC,Nuku'alofa,2019-03-13 03:52:15 UTC,2019-03-13 04:48:00 UTC,needs_id,"",0,0,false,"Auckland, NZ",-36.8511366667,174.7702833333,2,,,2,,false,,,,Euphorbia,Spurges,Plantae,51822
21195634,1271ede1-c156-4d2a-90b8-8bbaa3c17b9e,2019-03-13 4:53:11 PM GMT+13:00,2019-03-13,2019-03-13 03:53:11 UTC,Nuku'alofa,2019-03-13 03:53:37 UTC,2022-11-09 11:34:46 UTC,casual,"",1,0,true,"Auckland, NZ",-36.8510533333,174.7701916667,3,,,3,open,false,,,Woolly grevillea,Grevillea lanigera,Woolly grevillea,Plantae,135351
21195647,6a6dbf9a-a9d9-46aa-86df-a727b5b69ff3,2019-03-13 4:54:14 PM GMT+13:00,2019-03-13,2019-03-13 03:54:14 UTC,Nuku'alofa,2019-03-13 03:54:41 UTC,2019-04-19 02:22:20 UTC,needs_id,"",1,0,false,"Auckland, NZ",-36.8509133333,174.7702483333,4,,,4,,false,,,Euphorbia subg. Esula,Esula,,Plantae,785083
21195684,53031846-6445-44d1-9ac6-cfb96cccf986,2019-03-13 4:55:25 PM GMT+13:00,2019-03-13,2019-03-13 03:55:25 UTC,Nuku'alofa,2019-03-13 03:56:22 UTC,2019-03-13 05:14:28 UTC,casual,"",2,0,true,"Auckland, NZ",-36.8512166667,174.7702416667,2,,,2,,false,,,common lantana,Lantana camara,Lantana,Plantae,50333
21209988,c797f624-65fe-44a3-8c34-a06d98a2a411,2019-03-13 4:25:41 PM NZDT,2019-03-13,2019-03-13 03:25:41 UTC,Wellington,2019-03-13 18:50:56 UTC,2024-10-30 00:05:58 UTC,research,"",2,0,false,"Biology Building, Auckland, 1010, New Zealand",-36.8510831,174.7706809,19,,,19,,false,,,Canary Islands Ivy,Hedera canariensis,Canary Islands Ivy,Plantae,64113
21213333,452cb8f2-575e-4916-818d-327293961c5f,Wed Mar 13 2019 16:23:27 GMT+1300 (GMT+13),2019-03-13,2019-03-13 03:23:27 UTC,Nuku'alofa,2019-03-13 20:44:46 UTC,2019-03-20 07:05:55 UTC,casual,"",1,0,true,"University of Auckland, Auckland, Auckland, NZ",-36.8507224823,174.7696727685,20,,,20,,false,,,oleander,Nerium,oleanders,Plantae,47564
21217953,27720285-ed6f-4072-b351-87fef3f1be8c,Thu Mar 14 2019 12:41:50 GMT+1300 (GMT+13),2019-03-14,2019-03-13 23:41:50 UTC,Nuku'alofa,2019-03-13 23:42:14 UTC,2019-03-14 13:57:01 UTC,research,"",2,0,false,"University of Auckland, Auckland, Auckland, NZ",-36.8511141977,174.770374708,10,,,10,open,false,,,夾竹桃,Nerium oleander,oleander,Plantae,47563
21221643,06fb4019-be3e-48be-a6ea-deb043b00e55,Thu Mar 14 2019 15:32:02 GMT+1300 (GMT+13),2019-03-14,2019-03-14 02:32:02 UTC,Nuku'alofa,2019-03-14 02:32:15 UTC,2019-03-14 05:52:36 UTC,research,"",2,0,false,"University of Auckland, Auckland, Auckland, NZ",-36.8524569109,174.7687440718,65,,,65,,false,,,Kawakawa,Piper excelsum,Kawakawa,Plantae,404899
21221655,7180375f-06a9-45cb-ab07-ab1c9c3796c7,Thu Mar 14 2019 15:32:48 GMT+1300 (GMT+13),2019-03-14,2019-03-14 02:32:48 UTC,Nuku'alofa,2019-03-14 02:32:54 UTC,2019-03-19 15:51:16 UTC,needs_id,"",1,0,false,"University of Auckland, Auckland, Auckland, NZ",-36.8526909175,174.768654071,10,,,10,,false,,,Korokio,Corokia,Korokio,Plantae,184013
21221657,2c9e8635-0496-493b-b41f-4c2ac7967677,Thu Mar 14 2019 15:32:31 GMT+1300 (GMT+13),2019-03-14,2019-03-14 02:32:31 UTC,Nuku'alofa,2019-03-14 02:33:04 UTC,2019-03-14 05:21:20 UTC,needs_id,"",0,0,false,"University of Auckland, Auckland, Auckland, NZ",-36.8526435597,174.7690455897,30,,,30,,false,,,,Corokia,Korokio,Plantae,184013
21223276,079685c6-f25d-4793-8e78-86011759899e,Thu Mar 14 2019 16:45:37 GMT+1300 (GMT+13),2019-03-14,2019-03-14 03:45:37 UTC,Nuku'alofa,2019-03-14 03:46:53 UTC,2019-03-14 03:47:13 UTC,casual,"",0,0,false,"University of Auckland, Auckland, Auckland, NZ",-36.8524321876,174.7684821489,65,,,65,,false,,,,Pinus,pines,Plantae,47561
21241439,9c2e68f2-8460-4595-b6cd-7c9e3f418f0a,Fri Mar 15 2019 11:11:25 GMT+1300 (GMT+13),2019-03-15,2019-03-14 22:11:25 UTC,Nuku'alofa,2019-03-14 22:12:23 UTC,2019-03-14 22:12:23 UTC,casual,"",0,0,false,"University of Auckland, Auckland, Auckland, NZ",-36.8502383333,174.769745,30,,,30,,false,,,,Coprosma areolata,thin leaved coprosma,Plantae,401022
21243731,57d420f7-c79c-4916-b01f-a189444a7417,Fri Mar 15 2019 12:41:09 GMT+1300 (GMT+13),2019-03-15,2019-03-14 23:41:09 UTC,Nuku'alofa,2019-03-14 23:41:23 UTC,2019-03-15 08:37:22 UTC,research,"",3,1,false,"University of Auckland, Auckland, Auckland, NZ",-36.8509192465,174.7706955076,52,,,52,,false,,,Mahoe,Melicytus ramiflorus,Māhoe,Plantae,197063
21243734,a1147c3c-c67b-4e9e-be8e-3e3ca13b5b2b,2019-03-15 12:38:49 PM NZDT,2019-03-15,2019-03-14 23:38:49 UTC,Wellington,2019-03-14 23:41:31 UTC,2019-03-15 05:38:48 UTC,research,"",1,0,false,"Thomas Building, Auckland, 1010, New Zealand",-36.850905145,174.770777096,32,,,32,,false,,,Mahoe,Melicytus ramiflorus,Māhoe,Plantae,197063
21243745,19b9b44b-c1b4-4b85-b818-faa1224365e4,Fri Mar 15 2019 12:41:33 GMT+1300 (GMT+13),2019-03-15,2019-03-14 23:41:33 UTC,Nuku'alofa,2019-03-14 23:41:56 UTC,2019-03-15 06:22:32 UTC,research,"",1,0,false,"University of Auckland, Auckland, Auckland, NZ",-36.850908472,174.7706241665,65,,,65,,false,,,Mahoe,Melicytus ramiflorus,Māhoe,Plantae,197063
21243760,b4031ca8-fafb-4641-bccb-dafacb850b02,Fri Mar 15 2019 12:42:00 GMT+1300 (GMT+13),2019-03-15,2019-03-14 23:42:00 UTC,Nuku'alofa,2019-03-14 23:42:34 UTC,2021-08-01 06:38:29 UTC,research,"",2,0,false,"University of Auckland, Auckland, Auckland, NZ",-36.850881516,174.7707264127,10,,,10,,false,,,Mahoe,Melicytus ramiflorus,Māhoe,Plantae,197063
21243771,dd56ed41-88dc-40ae-a838-ab8b17f0b3eb,Fri Mar 15 2019 12:41:30 GMT+1300 (GMT+13),2019-03-15,2019-03-14 23:41:30 UTC,Nuku'alofa,2019-03-14 23:43:13 UTC,2023-06-25 08:10:02 UTC,casual,"",2,0,true,"University of Auckland, Auckland, Auckland, NZ",-36.8509883853,174.7707515584,10,,,10,,false,,,Red matipo,Myrsine australis,Māpou,Plantae,210946
21243776,e20a1e32-ac70-41be-87b5-6ed505476e4c,Fri Mar 15 2019 12:42:28 GMT+1300 (GMT+13),2019-03-15,2019-03-14 23:42:28 UTC,Nuku'alofa,2019-03-14 23:43:21 UTC,2019-03-15 05:29:01 UTC,research,"",1,0,false,"University of Auckland, Auckland, Auckland, NZ",-36.8509020517,174.7705837527,30,,,30,,false,,,Karamu,Coprosma robusta,Karamū,Plantae,366661
21243789,b822b748-feb6-48d6-b727-1f9b2d5c7317,2019-03-15 12:42:25 PM NZDT,2019-03-15,2019-03-14 23:42:25 UTC,Wellington,2019-03-14 23:43:48 UTC,2019-03-14 23:59:59 UTC,research,"",1,0,false,"Thomas Building, Auckland, 1010, New Zealand",-36.850897,174.7707855,19,,,19,,false,,,Red matipo,Myrsine australis,Māpou,Plantae,210946
21243790,bb37a6e7-21e8-462c-a7d7-90acaf57a404,Fri Mar 15 2019 12:43:14 GMT+1300 (GMT+13),2019-03-15,2019-03-14 23:43:14 UTC,Nuku'alofa,2019-03-14 23:43:50 UTC,2023-06-25 08:10:01 UTC,casual,"",3,0,true,"University of Auckland, Auckland, Auckland, NZ",-36.8509084219,174.7707515584,10,,,10,,false,,,Red matipo,Myrsine australis,Māpou,Plantae,210946
21243796,e3f5e6d7-0de4-4418-9df9-faa18040c710,Fri Mar 15 2019 12:43:43 GMT+1300 (GMT+13),2019-03-15,2019-03-14 23:43:43 UTC,Nuku'alofa,2019-03-14 23:43:59 UTC,2019-03-15 08:39:25 UTC,research,"",3,1,false,"University of Auckland, Auckland, Auckland, NZ",-36.850915337,174.7707333697,10,,,10,,false,,,Mahoe,Melicytus ramiflorus,Māhoe,Plantae,197063
21243803,9acabf0a-ce03-4b6c-88bc-3afc712d3eef,Fri Mar 15 2019 12:40:27 GMT+1300 (GMT+13),2019-03-15,2019-03-14 23:40:27 UTC,Nuku'alofa,2019-03-14 23:44:04 UTC,2019-03-14 23:59:37 UTC,research,"",1,0,false,"University of Auckland, Auckland, Auckland, NZ",-36.850964003,174.770716507,36,,,36,,false,,,Red matipo,Myrsine australis,Māpou,Plantae,210946
21243833,42e3499f-cd10-4564-9b30-8f7289ffff77,Fri Mar 15 2019 12:42:46 GMT+1300 (GMT+13),2019-03-15,2019-03-14 23:42:46 UTC,Nuku'alofa,2019-03-14 23:45:10 UTC,2024-09-25 05:00:59 UTC,needs_id,"",3,0,false,"University of Auckland, Grafton, Auckland, NZ",-36.8550933936,174.7665053872,57,,,57,,false,,,Coprosma,Coprosma,Coprosma,Plantae,70254
21243836,15712df5-2674-4e17-a66b-c39638e0bd9f,Fri Mar 15 2019 12:44:50 GMT+1300 (GMT+13),2019-03-15,2019-03-14 23:44:50 UTC,Nuku'alofa,2019-03-14 23:45:18 UTC,2019-03-14 23:59:30 UTC,research,"",1,0,false,"University of Auckland, Auckland, Auckland, NZ",-36.8508880825,174.7706768254,49,,,49,,false,,,Red matipo,Myrsine australis,Māpou,Plantae,210946
21243841,94997d8c-e525-4571-a61d-a5813b703766,Fri Mar 15 2019 12:43:37 GMT+1300 (GMT+13),2019-03-15,2019-03-14 23:43:37 UTC,Nuku'alofa,2019-03-14 23:45:23 UTC,2022-06-28 09:03:49 UTC,casual,"",1,0,true,"University of Auckland, Auckland, Auckland, NZ",-36.8509616889,174.7707922106,10,,,10,,false,,,Mahoe,Melicytus ramiflorus,Māhoe,Plantae,197063
21243877,4feef6da-79a8-45cd-8183-9fb2c3ec1731,2019-03-15 12:45:05 PM NZDT,2019-03-15,2019-03-14 23:45:05 UTC,Wellington,2019-03-14 23:46:46 UTC,2019-03-15 08:43:18 UTC,casual,"",1,0,true,"Thomas Building, Auckland, 1010, New Zealand",-36.850811244,174.770799629,6,,,6,open,false,,,Pomegranate,Punica granatum,pomegranate,Plantae,58300
21243878,e518c5e4-6258-4952-97a8-4781004b003c,2019-03-15 12:41:54 PM NZDT,2019-03-15,2019-03-14 23:41:54 UTC,Wellington,2019-03-14 23:46:47 UTC,2019-03-15 08:37:05 UTC,research,"",3,1,false,"Biology Building, Auckland, 1010, New Zealand",-36.8508968,174.7706676,19,,,19,,false,,,Mahoe,Melicytus ramiflorus,Māhoe,Plantae,197063
21244001,3be376d7-2c0d-4fb0-986f-9dc3dea88bab,Fri Mar 15 2019 12:49:26 GMT+1300 (GMT+13),2019-03-15,2019-03-14 23:49:26 UTC,Nuku'alofa,2019-03-14 23:50:32 UTC,2019-03-15 07:09:50 UTC,research,"",2,0,false,"University of Auckland, Auckland, Auckland, NZ",-36.8509238027,174.7707604432,10,,,10,,false,,,Mahoe,Melicytus ramiflorus,Māhoe,Plantae,197063
21244002,edf4fee1-9c5b-49de-8425-b9e84494307f,Fri Mar 15 2019 12:49:55 GMT+1300 (GMT+13),2019-03-15,2019-03-14 23:49:55 UTC,Nuku'alofa,2019-03-14 23:50:35 UTC,2019-03-16 03:58:00 UTC,casual,"",1,0,true,"University of Auckland, Auckland, Auckland, NZ",-36.8508674344,174.7708010955,10,,,10,,false,,,Kawakawa,Piper excelsum,Kawakawa,Plantae,404899
21244016,81de161d-01e8-4928-9dea-88d96536b7fc,2019-03-15 12:48:59 PM NZDT,2019-03-15,2019-03-14 23:48:59 UTC,Wellington,2019-03-14 23:51:12 UTC,2025-09-30 19:15:29 UTC,casual,"",3,0,true,"Biology Building, Auckland, 1010, New Zealand",-36.851048185,174.770795363,2,,,2,open,false,,,necklacepods,Sophora,kōwhai,Plantae,70037
21365572,b9e049c2-f984-4553-ab5e-d865ddd3e061,Wed Mar 13 2019 16:25:18 GMT+1300 (GMT+13),2019-03-13,2019-03-13 03:25:18 UTC,Nuku'alofa,2019-03-18 20:02:51 UTC,2020-09-10 20:53:57 UTC,research,"",2,0,false,"University of Auckland, Auckland, Auckland, NZ",-36.8512757169,174.7704252509,10,,,10,open,false,,,oleander,Nerium oleander,oleander,Plantae,47563
21496693,42f78fee-53b3-405e-8c88-7e12148f1fb6,2019-03-13 12:35:15 PM NZDT,2019-03-13,2019-03-12 23:35:15 UTC,Wellington,2019-03-22 22:28:57 UTC,2019-03-23 04:14:33 UTC,casual,"",1,0,true,"Biology Building, Auckland, 1010, New Zealand",-36.8510252012,174.7704449421,1,,,1,,false,,,Pohutukawa,Metrosideros excelsa,Pōhutukawa,Plantae,122905
21496917,4264b738-2371-4cda-9c56-f3d3dc822745,Wed Mar 13 2019 12:37:07 GMT+1300 (GMT+13),2019-03-13,2019-03-12 23:37:07 UTC,Nuku'alofa,2019-03-22 22:35:34 UTC,2019-10-09 20:36:01 UTC,research,"",2,0,false,"University of Auckland, Auckland, Auckland, NZ",-36.8511871828,174.7703017337,65,,,65,open,false,,,Adelfa asiática blanca y rosa,Nerium oleander,oleander,Plantae,47563
21499059,14e7d7ef-3500-4a1b-9558-c4fd47fe8255,2019-03-23,2019-03-23,,Auckland,2019-03-22 23:53:35 UTC,2019-03-23 02:27:03 UTC,casual,Field ID,1,0,true,Auckland Central,-36.850422,174.770134,8,,,8,,false,,,Haemanthus coccineus,Haemanthus coccineus,Spotted Bloodlily,Plantae,410993
21506420,04a4e003-28fc-4310-adaf-b76723266f12,2019/03/23 7:43 AM NZDT,2019-03-23,2019-03-22 18:43:00 UTC,Auckland,2019-03-23 05:09:00 UTC,2022-09-23 23:24:31 UTC,needs_id,"",0,0,false,"Auckland, 1010, New Zealand",-36.8493554444,174.7702892778,,,,,open,false,,,Ceodes brunoniana,Ceodes brunoniana,Parapara,Plantae,400629
21530844,90c03da4-046c-4be7-8b8b-b0f6ba7573fc,2019-03-15 12:38:19 pm GMT+13:00,2019-03-15,2019-03-14 23:38:19 UTC,Nuku'alofa,2019-03-23 22:06:52 UTC,2019-03-23 23:23:30 UTC,research,"",1,0,false,"Thomas Building, Auckland, 1010, New Zealand",-36.8508842239,174.7707231028,6,,,6,,false,,,Mahoe,Melicytus ramiflorus,Māhoe,Plantae,197063
21534467,6b34a868-0541-4954-b6b2-3a4b9fa66ebb,2019-03-15 12:43:36 PM NZDT,2019-03-15,2019-03-14 23:43:36 UTC,Wellington,2019-03-23 23:26:44 UTC,2019-03-24 00:42:50 UTC,research,"",1,0,false,"Biology Building, Auckland, 1010, New Zealand",-36.8508969806,174.7707100678,17,,,17,,false,,,Mahoe,Melicytus ramiflorus,Māhoe,Plantae,197063
21539404,ab34ae24-357e-4736-b11b-ce0b69f4cf21,2019-03-24,2019-03-24,,Auckland,2019-03-24 01:42:14 UTC,2019-03-24 01:43:51 UTC,casual,Tree,0,0,true,Auckland Central,-36.851388,174.770555,6,,,6,,false,,,Silk Floss Tree,Ceiba speciosa,Silk floss tree,Plantae,154290
21727601,a2e8a22c-0885-4f60-9e21-ef02c597220a,Fri Mar 29 2019 18:39:24 GMT+1300 (GMT+13),2019-03-29,2019-03-29 05:39:24 UTC,Nuku'alofa,2019-03-29 05:43:55 UTC,2025-11-27 01:10:37 UTC,needs_id,"",1,0,false,"Auckland, NZ",-36.8514707219,174.7707785481,10,,,10,,false,,,Colicwood,Myrsine,Colicwood,Plantae,70257
21727603,00bb47c0-a5de-4ee7-bdfb-2d3be7ec03cd,Fri Mar 29 2019 18:39:50 GMT+1300 (GMT+13),2019-03-29,2019-03-29 05:39:50 UTC,Nuku'alofa,2019-03-29 05:44:15 UTC,2021-01-22 20:05:07 UTC,casual,"",3,0,true,"Auckland, NZ",-36.8512717355,174.7709888501,10,,,10,open,false,,,Myrsine,Myrsine,Colicwood,Plantae,70257
21754107,1842b24d-c730-45a7-a442-a3247ab95162,2019-03-30,2019-03-30,,Auckland,2019-03-29 22:17:01 UTC,2019-03-29 22:17:56 UTC,casual,Field ID,0,0,true,Auckland Central,-36.850193,174.770005,7,,,7,,false,,,Beautyberry,Callicarpa,Beautyberries,Plantae,49195
21754627,6d4e8fb3-93cb-4862-b764-a3f6b243c61a,2019-03-30,2019-03-30,,Auckland,2019-03-29 22:31:06 UTC,2019-03-29 22:32:38 UTC,casual,Field ID,0,0,true,Auckland Central,-36.850932,174.772462,9,,,9,,false,,,Medinilla,Medinilla,,Plantae,68320
21859501,8b2fb1c5-e6f3-462c-b03c-4c666f2d8694,Mon Apr 01 2019 16:01:23 GMT+1300 (GMT+13),2019-04-01,2019-04-01 03:01:23 UTC,Nuku'alofa,2019-04-01 03:01:47 UTC,2019-04-02 08:45:19 UTC,casual,"",1,0,true,"University of Auckland, Auckland, Auckland, NZ",-36.8556772108,174.7664879923,26,,,26,,false,,,Swan-neck Agave,Agave attenuata,Swan-neck Agave,Plantae,209357
22350676,b195035d-011b-4b06-aef0-372a877439d0,Mon Apr 01 2019 16:06:35 GMT+1300 (GMT+13),2019-04-01,2019-04-01 03:06:35 UTC,Nuku'alofa,2019-04-12 00:24:04 UTC,2019-04-12 16:27:56 UTC,research,"",1,0,false,"13Q Whitaker Place, Grafton, Auckland, NZ",-36.8577191159,174.7661874271,42,,,42,,false,,,lady's eardrops,Fuchsia boliviana,lady's eardrops,Plantae,54712
22350682,e878670e-f488-47cd-876c-7048b95ac8b8,Fri Apr 12 2019 12:23:49 GMT+1200 (GMT+12),2019-04-12,2019-04-12 00:23:49 UTC,Auckland,2019-04-12 00:24:24 UTC,2022-11-06 23:56:45 UTC,needs_id,"",1,0,false,"58 Symonds Street, Grafton, Auckland, NZ",-36.8555091421,174.7669663762,40,,,40,,false,,,Cotoneasters,Cotoneaster glaucophyllus,large-leaf cotoneaster,Plantae,204128
22739022,fd5bb3d4-027b-4f26-b44d-b86dd905eb05,2019-04-20,2019-04-20,,Auckland,2019-04-20 02:51:11 UTC,2021-03-17 21:12:33 UTC,casual,Field ID,0,0,true,Auckland Central,-36.852385,174.772379,10,,,10,,false,,,Pandanus furcatus,Pandanus furcatus,Himalayan screw-pine,Plantae,544373
22739403,ac44b41b-6a8d-478d-82cb-8bbce9c5c318,2019-04-20,2019-04-20,,Auckland,2019-04-20 02:59:28 UTC,2023-03-14 15:31:37 UTC,casual,Field ID,0,1,true,Auckland Central,-36.849216,174.770327,12,,,12,,false,,,Pealeaf Palm Sorrel,Oxalis flava fabifolia,Pealeaf Palm Sorrel,Plantae,600479
22739490,708d3bbd-f6a1-401b-b1f8-32511870b648,2019-04-20,2019-04-20,,Auckland,2019-04-20 03:01:48 UTC,2020-03-16 06:37:43 UTC,casual,Field ID,0,0,true,Auckland Central,-36.849216,174.770327,12,,,12,,false,,,Skewleaf Sorrel,Oxalis obliquifolia,Skewleaf Sorrel,Plantae,591238
22739494,7423adc9-a4d9-41a6-ab2e-f8d247046b13,2019-04-20,2019-04-20,,Auckland,2019-04-20 03:02:05 UTC,2019-04-20 03:12:09 UTC,casual,Field ID,0,0,true,Auckland Central,-36.849216,174.770327,12,,,12,,false,,,Crocus,Crocus,Crocuses,Plantae,55770
23026999,b84f44b8-02e2-496f-90a5-974b8f417c8f,2019-04-25,2019-04-25,,Auckland,2019-04-25 00:25:43 UTC,2019-04-25 00:35:12 UTC,casual,Field ID,0,0,true,Auckland Central,-36.848562,174.771272,9,,,9,,false,,,Yellow Bauhinia,Bauhinia tomentosa,Yellow bauhinia,Plantae,340307
23027326,b6f40533-335f-4fc2-b23d-6e2abaf00459,2019-04-25,2019-04-25,,Auckland,2019-04-25 00:32:31 UTC,2019-04-25 00:38:39 UTC,casual,Field ID,0,0,true,Auckland Central,-36.848528,174.77138,11,,,11,,false,,,Brazilian Fern Tree,Schizolobium parahyba,Brazilian fern tree,Plantae,52443
23028131,78762436-cb4b-44c6-bc9f-fd2b3f9baf9b,2019-04-25,2019-04-25,,Auckland,2019-04-25 00:53:07 UTC,2019-04-25 01:03:38 UTC,casual,Field ID,0,0,true,Auckland Central,-36.848528,174.77138,11,,,11,,false,,,Pennantia endlicheri,Pennantia endlicheri,,Plantae,525027
23029017,83cad14f-d2af-424f-9f23-03080af4f1e4,2019-04-25,2019-04-25,,Auckland,2019-04-25 01:14:44 UTC,2019-04-25 01:14:49 UTC,casual,Field ID,0,0,true,Auckland Central,-36.849638,174.770134,7,,,7,,false,,,Blue Ginger,Dichorisandra thyrsiflora,Blue ginger,Plantae,427503
23029424,4f583ff6-c93b-4eff-b1f0-afa1919eb590,2019-04-25,2019-04-25,,Auckland,2019-04-25 01:24:48 UTC,2019-04-25 06:32:24 UTC,casual,Field ID,1,0,true,Auckland Central,-36.848893,174.769844,3,,,3,,false,,,Dianella bambusifolia,Dianella bambusifolia,,Plantae,369569
23029639,9bf7f340-074d-4c0b-9428-40e257ec9e0e,2019-04-25,2019-04-25,,Auckland,2019-04-25 01:30:55 UTC,2021-05-13 14:21:58 UTC,casual,Field ID,1,0,true,Auckland Central,-36.850322,174.76968,6,,,6,,false,,,Taraire,Beilschmiedia tarairi,Taraire,Plantae,399962
23030129,e07d4ebf-d7ce-47a7-83f0-694c614234e0,2019-04-25,2019-04-25,,Auckland,2019-04-25 01:42:16 UTC,2021-08-01 03:49:43 UTC,casual,Field ID,1,0,true,Auckland Central,-36.850177,174.770005,11,,,11,,false,,,tea,Camellia sinensis,tea,Plantae,123005
24466337,c957b43d-e5d7-47f4-acc7-f44c8bf3ebf8,2019-03-13 4:31:44 PM NZDT,2019-03-13,2019-03-13 03:31:44 UTC,Wellington,2019-05-03 20:59:13 UTC,2019-05-04 01:07:29 UTC,casual,"",1,0,true,"Elam B, Auckland, 1010, New Zealand",-36.8510435087,174.7702946096,8,,,8,,false,,,Fraxinus angustifolia oxycarpa,Fraxinus angustifolia oxycarpa,,Plantae,82884
24472917,7646e170-fec3-4450-96dc-dc92ec9324d2,2019-03-14 12:41:12 PM NZDT,2019-03-14,2019-03-13 23:41:12 UTC,Wellington,2019-05-03 22:43:07 UTC,2019-05-10 08:27:05 UTC,casual,"",0,0,true,"Auckland, NZ",-36.85099357,174.77039164,10,,,10,,false,gps,gps,,Hedera,ivies,Plantae,55883
24540730,f02c4f5d-8f68-449d-a6d5-11916ea69b1b,2019-03-13 12:36:14 PM NZDT,2019-03-13,2019-03-12 23:36:14 UTC,Wellington,2019-05-04 21:21:06 UTC,2023-09-29 10:45:31 UTC,casual,"",3,0,true,"Elam B, Auckland, 1010, New Zealand",-36.8509464953,174.7701778096,8,,,8,open,false,,,Rātā and allies,Metrosideros,Rātā and allies,Plantae,60448
24557196,cd400e4b-ddec-41bd-830e-55bd5d125f13,2019-03-14 12:41:49 PM NZDT,2019-03-14,2019-03-13 23:41:49 UTC,Wellington,2019-05-05 01:06:35 UTC,2021-07-03 19:48:39 UTC,casual,"",0,0,true,"Biology Building, Auckland, 1010, New Zealand",-36.85108931,174.77042179,9,,,9,open,false,,,,Nerium oleander,oleander,Plantae,47563
24559268,c4b79b45-1334-4c52-a499-29086ab3bb5c,Wed Mar 13 2019 12:35:26 GMT+1300 (GMT+13),2019-03-13,2019-03-12 23:35:26 UTC,Nuku'alofa,2019-05-05 01:39:02 UTC,2019-05-10 10:03:45 UTC,needs_id,"",0,0,false,"University of Auckland, Auckland, Auckland, NZ",-36.8510972662,174.7708384787,10,,,10,,false,,,,Sophora microphylla,Small-leaved kowhai,Plantae,210947
24763115,1ead8704-b7ce-4111-8633-e1e011e2971f,Wed May 08 2019 13:12:05 GMT+1200 (GMT+12),2019-05-08,2019-05-08 01:12:05 UTC,Auckland,2019-05-08 01:12:23 UTC,2019-05-08 01:24:49 UTC,research,"",1,0,false,"University of Auckland, Auckland, Auckland, NZ",-36.852575331,174.7689750978,30,,,30,,false,,,Kawakawa,Piper excelsum,Kawakawa,Plantae,404899
24764700,033ab48b-2f06-47b8-a7b9-487592929aec,2019-05-08 1:48:14 PM NZST,2019-05-08,2019-05-08 01:48:14 UTC,Wellington,2019-05-08 01:49:21 UTC,2019-05-08 01:49:22 UTC,casual,"",0,0,false,"Old Choral Hall, Auckland, 1010, New Zealand",-36.8514318576,174.7706067758,8,,,8,open,false,,,Canadian serviceberry,Amelanchier canadensis,Canadian serviceberry,Plantae,133382
24967162,4457b2ba-874d-4194-aaeb-d30503748bca,Sun May 12 2019 09:05:10 GMT+1200 (GMT+12),2019-05-12,2019-05-11 21:05:10 UTC,Auckland,2019-05-11 23:57:26 UTC,2019-05-11 23:57:43 UTC,casual,"",0,0,true,"University of Auckland, Auckland, Auckland, NZ",-36.851095,174.7697,10,,,10,open,false,,,,Manoao colensoi,manoao,Plantae,135858
24969610,1f29a930-0cdb-4ef6-b3ea-5577e704783e,Sun May 12 2019 09:01:07 GMT+1200 (GMT+12),2019-05-12,2019-05-11 21:01:07 UTC,Auckland,2019-05-12 00:39:49 UTC,2022-05-10 10:02:08 UTC,casual,"",0,0,true,"2 Alfred Street, Auckland, Auckland, NZ",-36.8514466667,174.7689666667,10,,,10,,false,,,,Astelia trinervia,Kauri Grass,Plantae,399808
24969727,0d8ae517-f519-4dd7-9dc5-5426a60fe06f,Sun May 12 2019 08:56:03 GMT+1200 (GMT+12),2019-05-12,2019-05-11 20:56:03 UTC,Auckland,2019-05-12 00:42:14 UTC,2019-05-15 01:47:11 UTC,casual,"",1,0,true,"University of Auckland, Auckland, Auckland, NZ",-36.8506366667,174.7694383333,10,,,10,,false,,,Prostrate kowhai,Sophora prostrata,Prostrate kowhai,Plantae,406089
24969781,9fd54939-4829-4ff3-b06e-d4405676a27f,Sun May 12 2019 08:59:15 GMT+1200 (GMT+12),2019-05-12,2019-05-11 20:59:15 UTC,Auckland,2019-05-12 00:43:34 UTC,2019-05-15 01:47:20 UTC,casual,"",1,0,true,"University of Auckland, Auckland, Auckland, NZ",-36.851155,174.76883,10,,,10,,false,,,Korokio,Corokia,Korokio,Plantae,184013
24969895,a848a088-a5d8-4988-98b4-015eb026b839,Sun May 12 2019 09:11:06 GMT+1200 (GMT+12),2019-05-12,2019-05-11 21:11:06 UTC,Auckland,2019-05-12 00:46:05 UTC,2019-05-15 01:47:00 UTC,casual,"",1,0,true,"University of Auckland, Auckland, Auckland, NZ",-36.8502666667,174.7698833333,10,,,10,,false,,,Pigeonwood,Hedycarya arborea,Pigeonwood,Plantae,402414
24969923,9d7a08bf-29c3-4681-b049-2ace94217cbd,Sun May 12 2019 09:15:59 GMT+1200 (GMT+12),2019-05-12,2019-05-11 21:15:59 UTC,Auckland,2019-05-12 00:47:03 UTC,2019-05-15 01:47:01 UTC,casual,"",1,0,true,"University of Auckland, Auckland, Auckland, NZ",-36.8500033333,174.769425,65,,,65,,false,,,Poataniwha,Melicope simplex,Poataniwha,Plantae,366690
25244027,db5f9f86-e03a-445e-860b-3eb0ac4c25cb,2019-05-17 1:27:04 PM NZST,2019-05-17,2019-05-17 01:27:04 UTC,Wellington,2019-05-17 01:27:31 UTC,2021-11-15 19:06:39 UTC,casual,"",2,0,true,"University of Auckland, Auckland, 1010, New Zealand",-36.8505092196,174.7703050365,7,,,7,open,false,,,Mission Prickly-pear,Opuntia ficus-indica,Indian fig,Plantae,64119
25244197,726e9cd6-83a8-4a96-a28c-95567dafc574,2019-05-17 1:28:52 PM NZST,2019-05-17,2019-05-17 01:28:52 UTC,Wellington,2019-05-17 01:33:07 UTC,2019-05-17 01:38:48 UTC,casual,"",1,0,true,"Thomas Building, Auckland, 1010, New Zealand",-36.850674841,174.7707510464,4,,,4,open,false,,,Sago cycad,Cycas revoluta,Sago cycad,Plantae,129783
25244781,275bedc3-4cd5-44f7-85e1-2d208752765d,2019-05-17 1:48:36 PM NZST,2019-05-17,2019-05-17 01:48:36 UTC,Wellington,2019-05-17 01:49:33 UTC,2019-06-07 18:04:06 UTC,casual,"",1,0,true,"Old Government House, Auckland, 1010, New Zealand",-36.8499794006,174.7710571289,,,,,open,false,gps,gps,baldcypress,Taxodium distichum,baldcypress,Plantae,49666
25244858,c692763d-04a5-4ed4-b6a1-1bd0602c0266,2019-05-17 1:51:10 PM NZST,2019-05-17,2019-05-17 01:51:10 UTC,Wellington,2019-05-17 01:51:47 UTC,2024-03-26 08:43:41 UTC,casual,"",4,0,true,"University of Auckland Foundation, Auckland, 1010, New Zealand",-36.8499877523,174.7712941541,4,,,4,open,false,,,rimu,Dacrydium cupressinum,rimu,Plantae,52382
25245125,afe52cda-7e3f-412a-a51e-5759ec072c86,2019-05-17 1:55:09 PM NZST,2019-05-17,2019-05-17 01:55:09 UTC,Wellington,2019-05-17 01:58:28 UTC,2019-05-17 03:14:54 UTC,casual,"",1,0,true,"Old Government House, Auckland, 1010, New Zealand",-36.8499103513,174.7708471477,15,,,15,,false,,,Norfolk Island Pine,Araucaria heterophylla,Norfolk Island Pine,Plantae,127890
25245185,b40c5248-8a89-4d18-80a5-7b17fde8ad9b,2019-05-17 2:00:02 PM NZST,2019-05-17,2019-05-17 02:00:02 UTC,Wellington,2019-05-17 02:00:29 UTC,2019-05-17 03:06:59 UTC,research,"",1,0,false,"Old Government House, Auckland, 1010, New Zealand",-36.8500393102,174.7710732009,4,,,4,,false,,,Kawakawa,Piper excelsum,Kawakawa,Plantae,404899
25245247,12c340ae-9c5b-4465-8fa1-6818612240ca,2019-05-17 2:02:25 PM NZST,2019-05-17,2019-05-17 02:02:25 UTC,Wellington,2019-05-17 02:02:52 UTC,2019-05-20 10:26:09 UTC,casual,"",1,0,true,"University of Auckland Foundation, Auckland, 1010, New Zealand",-36.8497787409,174.7712480415,4,,,4,,false,,,ginkgo,Ginkgo biloba,ginkgo,Plantae,64350
25245690,5b3a18d8-4392-46ef-874b-6525d9eea50f,2019-05-17 2:12:35 PM NZST,2019-05-17,2019-05-17 02:12:35 UTC,Wellington,2019-05-17 02:13:46 UTC,2019-05-17 02:13:57 UTC,casual,"",0,0,true,"11 Parliament St, Auckland, 1010, New Zealand",-36.8495562905,174.7711226778,4,,,4,,false,,,sasanqua camellia,Camellia sasanqua,sasanqua camellia,Plantae,126549
25246027,1f6afa15-9334-4786-8c27-89cb8156ca3f,2019-05-17 2:23:59 PM NZST,2019-05-17,2019-05-17 02:23:59 UTC,Wellington,2019-05-17 02:24:30 UTC,2021-07-31 18:57:13 UTC,casual,"",2,0,true,"Opp 10 Waterloo Quadrant, Auckland, 1010, New Zealand",-36.8487709155,174.7703651188,4,,,4,open,false,,,kauri,Agathis australis,Kauri,Plantae,121718
25246224,b0ee5bbf-9af8-4491-8db6-b8cbbb18635c,2019-05-17 2:30:21 PM NZST,2019-05-17,2019-05-17 02:30:21 UTC,Wellington,2019-05-17 02:30:58 UTC,2025-05-18 18:03:37 UTC,casual,"",2,0,true,"12 Princes St, Auckland, 1010, New Zealand",-36.8495716467,174.769880674,4,,,4,open,false,,,koyamaki,Sciadopitys verticillata,koyamaki,Plantae,129057
25489369,02250ca5-8aba-44c2-a514-50589941f1b6,Mon May 20 2019 13:42:02 GMT+1200 (GMT+12),2019-05-20,2019-05-20 01:42:02 UTC,Auckland,2019-05-21 06:02:59 UTC,2019-05-21 06:42:24 UTC,research,"",2,0,false,"Auckland, NZ",-36.8536725641,174.7683667393,50,,,50,,false,,,枇杷,Eriobotrya japonica,Loquat,Plantae,76949
25762625,a107efd6-a355-415a-afa8-da8c6b222fd5,Sun May 12 2019 08:59:52 GMT+1200 (GMT+12),2019-05-12,2019-05-11 20:59:52 UTC,Auckland,2019-05-25 21:19:00 UTC,2019-06-03 07:09:16 UTC,casual,"",1,0,true,"The Clock Tower, Auckland, Auckland, NZ",-36.850145,174.76967,50,,,50,,false,,,White Maire,Nestegis lanceolata,White Maire,Plantae,366623
26159657,1888472f-7d28-4b9d-b4c9-b7957253b2ae,2019-06-01,2019-06-01,,Auckland,2019-06-01 05:44:53 UTC,2019-06-22 13:39:06 UTC,needs_id,Field ID,1,0,false,Auckland Central,-36.851155,174.76876,6,,,6,,false,,,錢蘚屬,Riccia,Crystalworts,Plantae,53014
27070165,4adf6722-cf46-4950-a6dd-39cee1b34fa2,2019-06-16,2019-06-16,,Auckland,2019-06-16 04:40:52 UTC,2024-09-09 20:08:27 UTC,research,"Field ID, gemmae",2,0,false,Auckland Central,-36.84998,174.76978,2,,,2,,false,,,common liverwort,Marchantia polymorpha,Common Liverwort,Plantae,56406
27417082,d26e330e-7c1e-4546-88d8-a5da4ee97a90,2019-06-22,2019-06-22,,Auckland,2019-06-22 04:50:09 UTC,2024-07-18 16:44:21 UTC,casual,Field ID,1,0,true,Auckland Central,-36.84925,174.770198,13,,,13,,false,,,Pamianthe peruviana,Pamianthe peruviana,,Plantae,431403
28264094,e5f55053-e6b1-477d-ae9f-50c67a74f776,2019-07-06,2019-07-06,,Auckland,2019-07-06 00:41:34 UTC,2024-08-26 09:30:24 UTC,needs_id,Field ID,1,0,false,Auckland Central,-36.850762,174.769584,4,,,4,,false,,,Crystalworts,Riccia,Crystalworts,Plantae,53014
28760813,1b07e050-d4c5-4791-ad4a-a410eb23604e,Sat Jun 29 2019 13:32:22 GMT+1200 (GMT+12),2019-06-29,2019-06-29 01:32:22 UTC,Auckland,2019-07-13 22:36:46 UTC,2023-06-02 02:46:05 UTC,casual,"",1,0,true,"University of Auckland, Auckland, Auckland, NZ",-36.8500283333,174.76973,5,,,5,,false,,,Kohekohe,Didymocheton spectabilis,Kohekohe,Plantae,1471799
29205804,6fd3e420-6fd6-4187-87d7-9f8fbbe642bc,2019-07-21,2019-07-21,,Auckland,2019-07-20 23:08:10 UTC,2022-03-09 10:13:49 UTC,research,"Field ID, gemmae cups",1,0,false,Auckland Central,-36.850925,174.769672,4,,,4,,false,,,Marchantia berteroana,Marchantia berteroana,Bonfire Liverwort,Plantae,327478
29206099,d547dd12-e6e2-43f6-ae22-526e2cc82041,2019-07-21,2019-07-21,,Auckland,2019-07-20 23:13:32 UTC,2019-08-09 14:14:54 UTC,needs_id,Field ID,1,0,false,Auckland Central,-36.850925,174.769672,4,,,4,,false,,,錢蘚屬,Riccia,Crystalworts,Plantae,53014
29206139,e1f7c85d-12e0-4f64-ad28-fbaea4396613,2019-07-21,2019-07-21,,Auckland,2019-07-20 23:14:14 UTC,2019-07-20 23:19:16 UTC,needs_id,Field ID,0,0,false,Auckland Central,-36.850925,174.769672,4,,,4,,false,,,Blue Crystalwort,Riccia crystallina,Blue crystalwort,Plantae,56414
29765382,6d0448df-4937-447c-a745-38dd84851cbc,2019-07-29,2019-07-29,,UTC,2019-07-29 04:08:55 UTC,2019-07-29 05:43:23 UTC,casual,"",1,0,true,Auckland,-36.8524626,174.7678677,,,,,,false,,,Houpara,Pseudopanax lessonii,Houpara,Plantae,405342
30081243,591b5851-9775-44fc-a49a-0cd52e15727c,2019-08-03,2019-08-03,,Auckland,2019-08-03 03:02:19 UTC,2019-08-03 19:08:50 UTC,casual,"",1,0,true,Auckland Central,-36.849519,174.769881,6,,,6,open,false,,,koyamaki,Sciadopitys verticillata,koyamaki,Plantae,129057
30081671,8992dad0-e6ba-444b-b0e9-b6aaca31fe5e,2019-08-03,2019-08-03,,Auckland,2019-08-03 03:11:53 UTC,2023-03-15 09:53:49 UTC,casual,"",3,0,true,Auckland Central,-36.849275,174.770316,6,,,6,,false,,,candycane woodsorrel,Oxalis versicolor,candycane woodsorrel,Plantae,119456
30649363,bd950785-4219-47d7-8fea-9900710eeba6,2019-07-14 3:07:34 pm GMT+12:00,2019-07-14,2019-07-14 03:07:34 UTC,Auckland,2019-08-11 22:56:43 UTC,2019-08-12 07:27:32 UTC,casual,"",0,0,true,"University of Auckland, Auckland CBD, Auckland 1010, New Zealand",-36.8517112732,174.7685852051,,,,,,false,gps,gps,,Camellia,Camellias,Plantae,83058
30649589,280bfa6f-0340-4fb6-a217-816387b25879,2019-07-14 3:04:47 pm GMT+12:00,2019-07-14,2019-07-14 03:04:47 UTC,Auckland,2019-08-11 23:00:18 UTC,2019-08-12 05:13:19 UTC,casual,"",1,0,true,"Alfred St/University General Library, Auckland CBD, Auckland 1010, New Zealand",-36.8517456055,174.7697143555,,,,,,false,gps,gps,Natal Lily,Clivia miniata,Natal Lily,Plantae,210194
30853987,98ca57c0-b5b5-4e5c-af95-b712d458d4ae,Thu Aug 15 2019 16:05:32 GMT+1200 (GMT+12),2019-08-15,2019-08-15 04:05:32 UTC,Auckland,2019-08-15 04:07:09 UTC,2019-12-22 22:50:40 UTC,casual,"",1,0,true,"University of Auckland, Auckland, Auckland, NZ",-36.849553005,174.7697732173,19,,,19,open,false,,,koyamaki,Sciadopitys verticillata,koyamaki,Plantae,129057
32245739,92024455-0166-4dac-b386-ef90df895ea9,2019-09-07,2019-09-07,,Auckland,2019-09-07 00:49:05 UTC,2019-09-07 00:52:22 UTC,needs_id,"Berm, field ID",0,0,false,Auckland Central,-36.850708,174.768867,3,,,3,,false,,,Blue Crystalwort,Riccia crystallina,Blue crystalwort,Plantae,56414
32248048,583ab6f8-92a6-488e-96bb-d2bbd689604f,2019-09-07,2019-09-07,,Auckland,2019-09-07 01:49:32 UTC,2024-08-26 09:29:05 UTC,needs_id,"Field ID, gemmae cups",3,0,false,Auckland Central,-36.851205,174.772251,7,,,7,,false,,,地錢屬,Marchantia,,Plantae,56394
32248233,6aff546f-83a8-4ab8-b4d6-7daa4b306e8f,2019-09-07,2019-09-07,,Auckland,2019-09-07 01:54:06 UTC,2020-01-19 17:31:42 UTC,casual,Field ID,0,0,true,Auckland Central,-36.851008,174.772972,7,,,7,,false,,,Akebia quinata,Akebia quinata,Five-leaf akebia,Plantae,126249
32248888,2aeae560-691f-4f2b-9a6c-072cc3775fdd,2019-09-07,2019-09-07,,Auckland,2019-09-07 02:14:39 UTC,2019-09-07 02:15:43 UTC,casual,Field ID,0,0,true,Auckland Central,-36.850865,174.772975,7,,,7,,false,,,Spring Starflower,Ipheion uniflorum,Spring starflower,Plantae,77493
32249157,78f3205a-8c3b-4882-a284-0b0c999f79e6,2019-09-07,2019-09-07,,Auckland,2019-09-07 02:22:42 UTC,2020-06-23 18:10:52 UTC,casual,Field ID,1,0,true,Auckland Central,-36.848871,174.770279,2,,,2,,false,,,Fairybells,Melasphaerula graminea,Fairybells,Plantae,734969
32249309,e9c88d1e-8768-4087-94c8-da98eff7660e,2019-09-07,2019-09-07,,Auckland,2019-09-07 02:27:07 UTC,2019-09-07 07:08:08 UTC,research,Field ID,1,0,false,Auckland Central,-36.848871,174.770279,2,,,2,,false,,,Hoop-petticoat Daffodil,Narcissus bulbocodium,hoop-petticoat daffodil,Plantae,57413
32309417,553b4c0e-db59-4655-97d4-49921488103c,2019-09-08,2019-09-08,,Auckland,2019-09-07 23:53:12 UTC,2019-09-08 01:08:35 UTC,casual,Field ID,0,0,true,Auckland Central,-36.852337,174.770964,3,,,3,,false,,,Corylopsis,Corylopsis,winterhazels,Plantae,184024
32315369,4971bc45-9d0f-4b2a-8417-ed54cffc58be,2019-09-08,2019-09-08,,Auckland,2019-09-08 01:32:36 UTC,2020-03-23 19:29:34 UTC,casual,Field ID,1,0,true,Auckland Central,-36.852333,174.770707,6,,,6,,false,,,Snow Poppy,Eomecon chionantha,Snow Poppy,Plantae,401662
32315831,da142f0c-230b-488e-88fa-07edaaaf6877,2019-09-08,2019-09-08,,Auckland,2019-09-08 01:41:32 UTC,2022-07-31 21:47:11 UTC,needs_id,Field ID,1,0,false,Auckland Central,-36.851441,174.771461,15,,,15,,false,,,kidney weed,Dichondra,ponysfoots,Plantae,61178
32316466,0a12d819-3dda-4c97-8fd8-4a65559e9491,2019-09-08,2019-09-08,,Auckland,2019-09-08 01:54:14 UTC,2019-09-08 01:58:27 UTC,casual,Field ID,0,0,true,Auckland Central,-36.851545,174.771532,8,,,8,,false,,,Bauera,Bauera,,Plantae,321034
32316795,12a83880-fe9d-4b43-a0f7-c9fa5589cbb9,2019-09-08,2019-09-08,,Auckland,2019-09-08 02:03:01 UTC,2019-09-08 04:41:19 UTC,research,Field ID,1,0,false,Auckland Central,-36.852145,174.770295,3,,,3,,false,,,Blue crystalwort,Riccia crystallina,Blue crystalwort,Plantae,56414
32317416,8f111690-0cc7-44a8-ba4e-023564920be3,2019-09-08,2019-09-08,,Auckland,2019-09-08 02:12:55 UTC,2020-06-27 10:22:09 UTC,casual,"Field ID, male flowers, tree",1,0,true,Auckland Central,-36.853381,174.769314,12,,,12,,false,,,Hard Beech,Nothofagus truncata,Hard Beech,Plantae,410114
32735345,8eb0c8fe-5764-40f6-a6eb-79a21afddcd9,2019-09-15,2019-09-15,,Auckland,2019-09-15 00:13:49 UTC,2019-09-15 01:13:06 UTC,research,"Field ID, host plant, weed",1,0,false,Auckland Central,-36.852519,174.772608,4,,,4,,false,,,sticky snakeroot,Ageratina adenophora,Mexican devil,Plantae,64114
32736622,219b1d12-b9f5-426e-8845-2c277a44025c,2019-09-15,2019-09-15,,Auckland,2019-09-15 00:38:00 UTC,2019-09-15 00:40:16 UTC,casual,Field ID,0,0,true,Auckland Central,-36.849988,174.771507,9,,,9,,false,,,Florida Anise,Illicium floridanum,Florida Anise,Plantae,164050
32736830,629c952a-e9ab-48ad-80b9-a14221a93e42,2019-09-15,2019-09-15,,Auckland,2019-09-15 00:42:30 UTC,2019-09-15 00:45:10 UTC,casual,Field ID,0,0,true,Auckland Central,-36.849893,174.771443,11,,,11,,false,,,Dianella bambusifolia,Dianella bambusifolia,,Plantae,369569
32737073,6d9f7428-52ff-43d0-9be6-68e38f036ac0,2019-09-15,2019-09-15,,Auckland,2019-09-15 00:47:41 UTC,2019-09-15 00:49:26 UTC,casual,Field ID,0,0,true,Auckland Central,-36.848953,174.770276,6,,,6,,false,,,Peacock Moraea,Moraea villosa,Peacock Moraea,Plantae,120331
33112831,6d10d69f-593a-4932-8bc2-bee8b53e1313,2019-09-21,2019-09-21,,Auckland,2019-09-21 04:36:31 UTC,2019-09-21 04:39:07 UTC,casual,"Field ID, garden plant",0,0,true,Auckland Central,-36.850971,174.772553,6,,,6,,false,,,Barberry Family,Berberidaceae,barberry family,Plantae,49289
33113119,52e900d1-ac6e-444d-9793-d5cade4acd46,2019-09-21,2019-09-21,,Auckland,2019-09-21 04:51:57 UTC,2023-10-25 12:52:41 UTC,research,Field ID,2,0,false,Auckland Central,-36.851164,174.772768,3,,,3,,false,,,Sweet William Catchfly,Atocion armeria,Sweet William Catchfly,Plantae,204246
33406206,9300400b-c30a-4831-b713-565668250e01,Thu Sep 26 2019 13:20:12 GMT+1200 (GMT+12),2019-09-26,2019-09-26 01:20:12 UTC,Auckland,2019-09-26 01:21:07 UTC,2025-02-11 14:23:36 UTC,needs_id,"",3,0,false,"University of Auckland, Auckland, Auckland, NZ",-36.8503931343,174.7691066667,65,,,65,open,false,,,four o'clock family,Nyctaginaceae,four o'clock family,Plantae,50256
33922416,d56e0550-652d-41e8-92ac-10e645576d64,2019-10-06,2019-10-06,,Auckland,2019-10-05 23:39:36 UTC,2019-10-05 23:44:37 UTC,casual,Field ID,0,0,true,Auckland Central,-36.851247,174.771677,3,,,3,,false,,,Woolly Bottlebrush,Greyia radlkoferi,Woolly Bottlebrush,Plantae,185515
33965340,8134faec-97c6-483a-a5fe-5f3ff0a48b64,2019-10-05 4:51:13 PM GMT+13:00,2019-10-05,2019-10-05 03:51:13 UTC,Nuku'alofa,2019-10-06 18:27:03 UTC,2019-10-06 18:27:18 UTC,casual,"",0,0,true,"Science Centre, Auckland CBD, Auckland 1010, New Zealand",-36.8530016501,174.7691559792,33,,,33,,false,gps,gps,Wharariki,Phormium cookianum,Wharariki,Plantae,129178
34608405,96044614-89d8-413f-b6a4-7a70b3f4aab6,2019-10-19,2019-10-19,,Auckland,2019-10-19 22:18:02 UTC,2020-01-21 15:23:31 UTC,casual,Field ID,0,0,true,Auckland Central,-36.851044,174.77082,9,,,9,,false,,,Bartlettina sordida,Bartlettina sordida,Blue Mist Flower,Plantae,289658
34608597,97430ebe-6ed0-435b-992f-99d04ffb55ba,2019-10-19,2019-10-19,,Auckland,2019-10-19 22:21:19 UTC,2020-01-10 18:54:23 UTC,casual,Field ID,1,0,true,Auckland Central,-36.851044,174.77082,9,,,9,,false,,,Russelia equisetiformis,Russelia equisetiformis,Firecracker plant,Plantae,122519
35033519,81bf4477-f30b-43ac-ba14-a52a4c7dad2a,2019/10/24 5:43 PM NZDT,2019-10-24,2019-10-24 04:43:00 UTC,Wellington,2019-10-29 01:58:11 UTC,2019-11-05 00:38:49 UTC,casual,"",0,0,true,"Auckland University, nr 3 Symonds St, New Zealand",-36.8508003891,174.7704947631,4,,,4,,false,,,Fried-egg Flower,Oncoba spinosa,Fried-egg flower,Plantae,340332
35466492,f512cfdd-a50f-48d1-93a3-72730a24032e,2019-11-09,2019-11-09,,Auckland,2019-11-08 23:02:57 UTC,2019-12-21 23:05:27 UTC,casual,"Field ID, tree",0,0,true,Auckland Central,-36.852573,174.77217,10,,,10,,false,,,Chinese Catalpa,Catalpa ovata,Chinese catalpa,Plantae,160235
35468184,52d239b9-7378-4386-b589-3ff4ad9f88c4,2019-11-09,2019-11-09,,Auckland,2019-11-08 23:53:13 UTC,2019-11-14 02:14:14 UTC,casual,Field ID,0,0,true,Auckland Central,-36.850909,174.772472,6,,,6,,false,,,manyflower marshpennywort,Hydrocotyle umbellata,manyflower marshpennywort,Plantae,58792
35468373,8d35df9f-6a0a-4977-acf8-2ade55402b16,2019-11-09,2019-11-09,,Auckland,2019-11-08 23:58:44 UTC,2019-11-11 22:54:24 UTC,research,Field ID,1,0,false,Auckland Central,-36.851456,174.770699,3,,,3,,false,,,Largeflower pink-sorrel,Oxalis debilis,Largeflower pink-sorrel,Plantae,61963
35503698,e63451ff-f129-4cd2-b0c4-4a344c57cc8a,2019-11-10,2019-11-10,,Auckland,2019-11-09 21:51:58 UTC,2019-11-09 21:52:46 UTC,casual,Field ID,0,0,true,Auckland Central,-36.849608,174.770072,9,,,9,,false,,,Mountain Laurel,Kalmia latifolia,mountain laurel,Plantae,49397
36238808,b9bb9246-6011-4b9b-ba41-2d13fac85985,2019-12-01,2019-12-01,,Auckland,2019-12-01 01:58:55 UTC,2024-06-27 05:02:32 UTC,research,Field ID,1,0,false,Auckland Central,-36.850512,174.769951,7,,,7,open,false,,,Kikuyu Grass,Cenchrus clandestinus,Kikuyu Grass,Plantae,60298
36424681,0f7e4c19-4b1a-4fc0-ba1c-920442e58844,2019-12-07,2019-12-07,,Auckland,2019-12-07 03:56:45 UTC,2026-02-23 22:14:54 UTC,casual,"Field ID, tree",0,0,true,Auckland Central,-36.84849,174.771459,9,,,9,,false,,,Mallotus,Mallotus japonicus,Mallotus,Plantae,452256
36426458,8751cffb-62bd-4a9e-be1e-90c20dfc7c72,2019-12-07 1:21:35 PM GMT+13:00,2019-12-07,2019-12-07 00:21:35 UTC,Nuku'alofa,2019-12-07 05:28:03 UTC,2019-12-21 03:23:21 UTC,casual,"",1,0,true,"Biology Building, Auckland CBD, Auckland 1010, New Zealand",-36.8508338928,174.7705535889,,,,,,false,gps,gps,Fried-egg flower,Oncoba spinosa,Fried-egg flower,Plantae,340332
36738478,b3eb4693-c921-412a-9aa5-720221e2a3e1,2019-12-18,2019-12-18,,Auckland,2019-12-17 22:56:46 UTC,2019-12-21 23:33:44 UTC,casual,Field ID,0,0,true,Auckland CBD,-36.850207,174.770101,7,,,7,,false,,,Chilean Guava,Ugni molinae,Chilean Guava,Plantae,381111
36743849,3bb08c38-2200-426f-9c3f-f2b296e74d4a,2019-12-18,2019-12-18,,Auckland,2019-12-18 03:27:52 UTC,2020-12-30 22:33:50 UTC,casual,Field ID,2,0,true,Auckland CBD,-36.850203,174.770155,9,,,9,,false,,,Buddha's hand,Citrus medica sarcodactylis,Buddha's hand,Plantae,570299
36744116,e1334746-f625-48cc-b4f3-37577b9edbbb,2019-12-18,2019-12-18,,Auckland,2019-12-18 03:44:04 UTC,2019-12-18 03:45:56 UTC,casual,Field ID,0,0,true,Auckland CBD,-36.850469,174.770638,3,,,3,,false,,,Tapeworm Plant,Muehlenbeckia platyclada,tapeworm plant,Plantae,278467
36744182,5d3b2e89-0d8b-4e2e-8c2c-9e42ecc12bf3,2019-12-18,2019-12-18,,Auckland,2019-12-18 03:49:05 UTC,2019-12-18 03:51:15 UTC,casual,Field ID,0,0,true,Auckland CBD,-36.849988,174.771743,7,,,7,,false,,,Scarlet Clock Vine,Thunbergia coccinea,Scarlet clock vine,Plantae,406533
36744222,28c239ed-98d7-4d25-bf1b-60125efa468c,2019-12-18,2019-12-18,,Auckland,2019-12-18 03:53:31 UTC,2020-04-19 06:22:01 UTC,casual,Field ID,1,0,true,Auckland CBD,-36.849284,174.770509,11,,,11,,false,,,Lonicera hildebrandtiana,Lonicera hildebrandtiana,Giant Burmese Honeysuckle,Plantae,777721
36836933,58ce74d7-a890-44c7-8ac4-ebc74902abd3,2019-12-22,2019-12-22,,Auckland,2019-12-21 23:04:47 UTC,2019-12-21 23:10:51 UTC,casual,"Field ID, tree",0,0,true,Auckland CBD,-36.852573,174.77217,10,,,10,,false,,,Chinese catalpa,Catalpa ovata,Chinese catalpa,Plantae,160235
36837443,ed75c052-5922-417f-82c7-170cf8234c2f,2019-12-22,2019-12-22,,Auckland,2019-12-21 23:26:02 UTC,2022-03-06 12:18:33 UTC,casual,Field ID,0,0,true,Auckland CBD,-36.849897,174.768695,5,,,5,,false,,,Chinaflowers,Adenandra,Chinaflowers,Plantae,119191
36837586,cc918217-1d5e-437f-93b5-b24938282c79,2019-12-22,2019-12-22,,Auckland,2019-12-21 23:32:46 UTC,2019-12-21 23:34:51 UTC,casual,Field ID,0,0,true,Auckland CBD,-36.850207,174.770101,7,,,7,,false,,,Chilean Guava,Ugni molinae,Chilean Guava,Plantae,381111
36837988,aea4f444-f5d6-4d90-833a-72313098d81e,2019-12-22,2019-12-22,,Auckland,2019-12-21 23:52:35 UTC,2019-12-21 23:53:48 UTC,casual,Field ID,0,0,true,Auckland CBD,-36.851715,174.772682,4,,,4,,false,,,Dwarf Cabbage Tree,Cordyline pumilio,dwarf cabbage tree,Plantae,339967
36838062,5d43c900-9275-4fc4-a7d3-274c71ebb1a1,2019-12-22,2019-12-22,,Auckland,2019-12-21 23:56:28 UTC,2024-12-08 09:25:31 UTC,casual,Field ID,1,0,true,Auckland CBD,-36.852105,174.771062,3,,,3,open,false,,,Roxburgh fig,Ficus auriculata,Elephant ear fig,Plantae,361868
36838225,82e4c07c-3bd9-4063-a68d-47ff7d04b28f,2019-12-22,2019-12-22,,Auckland,2019-12-22 00:01:55 UTC,2019-12-22 00:04:16 UTC,casual,Field ID,0,0,true,Auckland CBD,-36.85234,174.770984,5,,,5,,false,,,Corylopsis,Corylopsis,winterhazels,Plantae,184024
36981378,9421fb06-8cb6-4519-8643-2661ed90856b,2019-12-27,2019-12-27,,Auckland,2019-12-26 23:12:50 UTC,2024-07-25 20:58:27 UTC,casual,"Field ID, tree",1,0,true,Auckland CBD,-36.852083,174.77067,10,,,10,open,false,,,Stewartia monadelpha,Stewartia monadelpha,Tall Stewartia,Plantae,452251
36981858,fb2ac55b-7655-41b0-ab22-fb2a5592bbcc,2019-12-27,2019-12-27,,Auckland,2019-12-26 23:29:12 UTC,2019-12-26 23:35:29 UTC,casual,"Field ID, shrub",0,0,true,Auckland CBD,-36.852585,174.771024,5,,,5,,false,,,ninebarks,Physocarpus,ninebarks,Plantae,57251
37012317,20ea44ef-e86c-4198-9a0d-67f634e4e97b,2019-12-28,2019-12-28,,Auckland,2019-12-27 22:35:58 UTC,2019-12-27 22:52:03 UTC,casual,"Field ID, tree",1,0,true,Auckland CBD,-36.850171,174.769806,6,,,6,open,false,,,common yew,Taxus baccata,common yew,Plantae,47553
37014949,8e0f0736-91f4-4c98-8ece-8647ed05f334,2019-12-28,2019-12-28,,Auckland,2019-12-28 00:27:36 UTC,2022-04-09 10:11:04 UTC,casual,"Field ID, near herbivore",1,0,true,Auckland CBD,-36.851192,174.770238,5,,,5,,false,,,common lantana,Lantana camara,Lantana,Plantae,50333
37015761,19178ba2-59d9-423d-a147-9a79f16aa9bc,2019-12-28 2:11:01 PM GMT+13:00,2019-12-28,2019-12-28 01:11:01 UTC,Nuku'alofa,2019-12-28 01:16:06 UTC,2020-06-03 10:11:52 UTC,casual,"",0,0,true,"Auckland CBD, Auckland 1010, New Zealand",-36.8497071928,174.7696531617,4,,,4,,false,,,,Lindera obtusiloba,Blunt-lobe spicebush,Plantae,448339
37015835,c2413ad5-3abf-4be2-a7ec-608e30d4aa0c,2019-12-28 2:18:05 PM GMT+13:00,2019-12-28,2019-12-28 01:18:05 UTC,Nuku'alofa,2019-12-28 01:19:00 UTC,2021-04-05 21:23:13 UTC,casual,"",1,0,true,"Old Government House, Auckland CBD, Auckland 1010, New Zealand",-36.8495841249,174.7700262202,12,,,12,,false,,,Adinandra,Adinandra,,Plantae,142222
37016379,ab20b13d-62b9-445f-ac97-0e96f29af5f6,2019-12-28,2019-12-28,,Auckland,2019-12-28 01:42:19 UTC,2020-01-08 12:25:26 UTC,casual,Field ID,1,0,true,Auckland CBD,-36.854036,174.76934,3,,,3,,false,,,Ensete ventricosum,Ensete ventricosum,Abyssinian banana,Plantae,140998
37016525,33161516-58ef-42c9-8bf2-ec6fc9b8574b,2019-12-28,2019-12-28,,Auckland,2019-12-28 01:49:06 UTC,2019-12-28 01:52:57 UTC,casual,"Field ID, shrub",0,0,true,Auckland CBD,-36.853448,174.769157,3,,,3,,false,,,Midgen Berry,Austromyrtus dulcis,Midgen Berry,Plantae,429695
37016769,67f26cfe-d8a2-4a6a-90d6-9208026a7c8c,2019-12-28,2019-12-28,,Auckland,2019-12-28 01:55:53 UTC,2024-09-03 00:01:01 UTC,needs_id,Field ID,3,0,false,Auckland CBD,-36.853336,174.768782,7,,,7,,false,,,Earina,Earina,,Plantae,378919
37018928,3be1cbe7-26ca-4aae-9244-8b9991b70813,2019-12-28,2019-12-28,,Auckland,2019-12-28 03:13:53 UTC,2019-12-28 03:17:00 UTC,casual,Field ID,0,0,true,Auckland CBD,-36.849954,174.771164,3,,,3,,false,,,Pinellia,Pinellia,,Plantae,156599
37044810,e272ab18-6804-4f87-8b0b-d8ab762e9eca,2019-12-29,2019-12-29,,Auckland,2019-12-28 22:56:43 UTC,2019-12-29 18:54:16 UTC,research,"Field ID, near herbivore",1,0,false,Auckland CBD,-36.850245,174.769822,4,,,4,,false,,,Leather-leaf fern,Pyrrosia eleagnifolia,Leather-leaf fern,Plantae,210959
37045067,078845be-d125-4998-beef-6ec13445ad1c,2019-12-29,2019-12-29,,Auckland,2019-12-28 23:03:45 UTC,2019-12-28 23:05:40 UTC,casual,Field ID,0,0,true,Auckland CBD,-36.850409,174.769758,7,,,7,,false,,,Beebalms and Bergamots,Monarda,beebalms and bergamots,Plantae,52736
37045315,14e99e27-4478-4d40-ad6a-8539cb2be0a0,2019-12-29,2019-12-29,,Auckland,2019-12-28 23:12:01 UTC,2021-04-03 03:39:20 UTC,casual,"Field ID, tree",0,0,true,"Auckland, New Zealand",-36.849591,174.770042,5,,,5,,false,,,Adinandra,Adinandra,,Plantae,142222
37045858,c97f3aba-e5a5-47f9-82fb-2ccfed068309,2019-12-29,2019-12-29,,Auckland,2019-12-28 23:26:20 UTC,2019-12-28 23:27:27 UTC,casual,Field ID,0,0,true,Auckland CBD,-36.849499,174.77023,8,,,8,,false,,,River Bells,Mackaya bella,River bells,Plantae,403681
37049269,5bb92a20-40f8-431b-b3cc-a6c789309354,2019-12-29,2019-12-29,,Auckland,2019-12-29 01:39:00 UTC,2019-12-29 01:53:10 UTC,casual,Field ID,0,0,true,Auckland CBD,-36.851259,174.770413,6,,,6,,false,,,Heliotropes,Heliotropium,Heliotropes,Plantae,48896
37081001,34205a45-c033-4670-a528-3d5246babff0,2019-12-30,2019-12-30,,Auckland,2019-12-29 23:46:45 UTC,2019-12-29 23:58:08 UTC,casual,Field ID,0,0,true,Auckland CBD,-36.848979,174.769909,1,,,1,,false,,,Crape-Myrtles,Lagerstroemia,crape-myrtles,Plantae,68717
37081408,a18e6658-a3fd-4ea2-8195-77ab713a737c,2019-12-30,2019-12-30,,Auckland,2019-12-30 00:01:45 UTC,2023-06-28 04:03:44 UTC,research,"Bark garden, field ID",1,0,false,Auckland CBD,-36.849038,174.770078,2,,,2,,false,,,Potato Orchid,Gastrodia sesamoides,Cinnamon Bells,Plantae,337634
37115872,597cc71d-c0d5-43a0-bd34-6a34ecc135ff,2019-12-31,2019-12-31,,Auckland,2019-12-31 01:14:00 UTC,2020-06-03 10:01:11 UTC,casual,Field ID,0,0,true,Auckland CBD,-36.84967,174.769662,3,,,3,,false,,,Blunt-lobe spicebush,Lindera obtusiloba,Blunt-lobe spicebush,Plantae,448339
37116180,787d3236-d9f9-4882-81d7-c85f2bb8b92c,2019-12-31,2019-12-31,,Auckland,2019-12-31 01:28:25 UTC,2019-12-31 01:48:07 UTC,casual,Field ID,0,0,true,Auckland CBD,-36.850434,174.769688,5,,,5,,false,,,Heliotropes,Heliotropium,Heliotropes,Plantae,48896
37116491,33de1bfa-27b7-487c-a270-9dcf649a1d8c,2019-12-31,2019-12-31,,Auckland,2019-12-31 01:43:01 UTC,2022-07-31 21:48:11 UTC,casual,"Field ID, garden plant",1,0,true,Auckland CBD,-36.850823,174.772939,2,,,2,,false,,,physocarpe à feuille d'obier,Physocarpus,ninebarks,Plantae,57251
37116653,7b967770-cb8c-477e-96ee-ca28db89b9c0,2019-12-31,2019-12-31,,Auckland,2019-12-31 01:51:38 UTC,2019-12-31 20:25:37 UTC,casual,"Field ID, garden plant",1,0,true,Auckland CBD,-36.850979,174.772509,4,,,4,open,false,,,dollar weed,Hydrocotyle bonariensis,largeleaf pennywort,Plantae,163871
37116848,8174b4e7-ab5e-4199-b9de-dbd9f50fa730,2019-12-31,2019-12-31,,Auckland,2019-12-31 01:59:55 UTC,2019-12-31 20:25:17 UTC,research,"Field ID, lawn",2,0,false,Auckland CBD,-36.851173,174.772344,2,,,2,open,false,,,Shortleaf spikesedge,Cyperus brevifolius,Shortleaf Spikesedge,Plantae,489795
37117008,4641c76a-3bd6-4f6f-8b43-401bb1cdeef6,2019-12-31,2019-12-31,,Auckland,2019-12-31 02:06:14 UTC,2020-07-16 12:14:10 UTC,casual,"Field ID, vine",0,0,true,Auckland CBD,-36.851293,174.772129,7,,,7,,false,,,Tetrastigma voinierianum,Tetrastigma voinierianum,,Plantae,431682
37117136,41b58eee-ac63-4efb-8479-a7c96c4f570e,2019-12-31,2019-12-31,,Auckland,2019-12-31 02:12:35 UTC,2019-12-31 02:20:11 UTC,research,Field ID,1,0,false,Auckland CBD,-36.851297,174.770096,11,,,11,,false,,,Garden pink-sorrel,Oxalis latifolia,Fishtail oxalis,Plantae,61839
37151603,6657b69a-73f4-41da-8d43-68fb3024c658,2020-01-01,2020-01-01,,Auckland,2020-01-01 06:16:01 UTC,2020-01-01 06:26:47 UTC,research,"Epiphyte, field ID, street tree",1,0,false,Auckland CBD,-36.853386,174.768986,4,,,4,,false,,,Earina aestivalis,Earina aestivalis,,Plantae,401592
37174744,9ac3a03b-4fd9-495c-a899-ca2adaaea41e,Fri Nov 15 2019 12:37:41 GMT+1300 (GMT+13),2019-11-15,2019-11-14 23:37:41 UTC,Nuku'alofa,2020-01-01 23:37:16 UTC,2020-01-02 01:17:32 UTC,research,"",2,0,false,"University of Auckland, Auckland, Auckland, NZ",-36.8496133333,174.770125,,,,,,false,,,Whau,Entelea arborescens,Whau,Plantae,343580
37185968,67901543-05e1-48d5-808d-9d64a887e6b2,2020-01-02,2020-01-02,,Auckland,2020-01-02 06:18:51 UTC,2020-01-02 06:23:07 UTC,casual,"Field ID, shrub",0,0,true,Auckland CBD,-36.84999,174.768817,3,,,3,,false,,,Mallow Family,Malvaceae,Mallow and Hibiscus Family,Plantae,48797
37206969,a1c3f2b0-6d61-431f-a8fd-9ee3ed113f23,2020-01-03,2020-01-03,,Auckland,2020-01-02 22:42:29 UTC,2021-07-18 17:22:36 UTC,casual,Field ID,1,0,true,Auckland CBD,-36.848803,174.770247,5,,,5,,false,,,Rio Grande copper lily,Zephyranthes tubispatha,Rio Grande copper lily,Plantae,1264667
37244679,8f9d7ba8-dd53-4f90-9ce6-a1c546a88317,2020-01-04,2020-01-04,,Auckland,2020-01-04 00:27:10 UTC,2020-01-05 15:33:18 UTC,casual,Field ID,2,0,true,Auckland CBD,-36.85124,174.770321,5,,,5,,false,,,Lantana montevidensis,Lantana montevidensis,trailing lantana,Plantae,77624
37244845,d4e7eaef-f1c1-42a7-9940-4ac97afc04b4,2020-01-04,2020-01-04,,Auckland,2020-01-04 00:33:03 UTC,2022-07-31 21:48:16 UTC,needs_id,Field ID,2,0,false,Auckland CBD,-36.850718,174.770418,5,,,5,,false,,,黃花酢醬草,Oxalis,Woodsorrels,Plantae,47758
37245082,b5b51787-9488-4f63-8b7c-6f27ad9a9f42,2020-01-04,2020-01-04,,Auckland,2020-01-04 00:42:44 UTC,2020-01-04 00:44:39 UTC,casual,Field ID,0,0,true,Auckland CBD,-36.849607,174.769839,12,,,12,,false,,,Pale Dewplant,Drosanthemum floribundum,Pale dewplant,Plantae,60107
37245256,1071f3e3-8229-4b7f-ac4b-ef83020f901a,2020-01-04,2020-01-04,,Auckland,2020-01-04 00:48:23 UTC,2020-01-10 16:39:27 UTC,casual,"Field ID, garden plant",1,0,true,Auckland CBD,-36.849902,174.768674,5,,,5,,false,,,Delphinium,Delphinium,larkspurs,Plantae,48493
37247916,ea283f6c-8a1f-4bcc-9a31-31546c206039,2020-01-04,2020-01-04,,Auckland,2020-01-04 02:04:20 UTC,2020-07-02 02:38:17 UTC,casual,"Field ID, garden plant, Law School",0,0,true,Auckland CBD,-36.848592,174.77131,5,,,5,,false,,,Norfolk Tree Fern,Sphaeropteris excelsa,Norfolk tree fern,Plantae,1105429
37248920,d23b448e-fc10-4153-bdea-666b31d155c6,2020-01-04,2020-01-04,,Auckland,2020-01-04 02:28:44 UTC,2020-01-13 20:11:18 UTC,casual,"Field ID, Law School, tree",1,0,true,Auckland CBD,-36.848509,174.771752,6,,,6,open,false,,,Telanthophora grandifolia,Telanthophora grandifolia,giant groundsel,Plantae,281675
37391163,5eda406c-a854-4295-94d3-b21010c3aee8,2020/01/08 5:00 PM NZDT,2020-01-08,2020-01-08 04:00:00 UTC,Auckland,2020-01-08 05:30:45 UTC,2024-06-18 07:06:55 UTC,casual,"",2,0,true,"Auckland CBD, Auckland 1010, New Zealand",-36.851130287,174.770133993,2,,,2,,false,,,common broom,Cytisus scoparius,broom,Plantae,48538
37391915,67d27131-2b30-4c5e-91d3-401adbab919e,2020/01/08 5:12 PM NZDT,2020-01-08,2020-01-08 04:12:00 UTC,Auckland,2020-01-08 06:23:15 UTC,2024-03-25 22:55:58 UTC,research,"",2,0,false,"Auckland CBD, Auckland 1010, New Zealand",-36.8495243455,174.7702795361,13,,,13,,false,,,Firecracker plant,Russelia equisetiformis,Firecracker plant,Plantae,122519
37419376,820b3ef3-3b13-46f8-9064-8b58b9445543,2020/01/08 5:01 PM NZDT,2020-01-08,2020-01-08 04:01:00 UTC,Auckland,2020-01-09 05:08:13 UTC,2020-01-09 06:31:18 UTC,casual,"",1,0,true,"Auckland CBD, Auckland 1010, New Zealand",-36.8507691941,174.7705313852,21,,,21,,false,,,Marlborough Rock Daisy,Pachystegia insignis,Lowland Rock Daisy,Plantae,404472
37445809,065b6952-3ab9-4e39-8329-0397d7713c15,2020-01-10,2020-01-10,,Auckland,2020-01-10 03:33:20 UTC,2020-01-10 16:36:10 UTC,casual,"Field ID, garden plant, shrub",1,0,true,Auckland CBD,-36.850057,174.77096,3,,,3,,false,,,Lantana × hybrida,Lantana × hybrida,New Gold Lantana,Plantae,472077
37476619,989e9bd2-fd6a-4f39-bee8-7bc29e4d9909,2020-01-11,2020-01-11,,Auckland,2020-01-11 05:23:57 UTC,2020-01-11 17:20:23 UTC,casual,"Field ID, garden plant",1,0,true,"Grafton, Auckland",-36.855445,174.767921,7,,,7,,false,,,Allamanda schottii,Allamanda schottii,Bush Allamanda,Plantae,327732
37727001,e512dbe2-5209-4f03-bb92-75ee1bec6e9b,2020-01-19,2020-01-19,,Auckland,2020-01-19 00:20:35 UTC,2021-04-03 03:38:18 UTC,casual,"Field ID, tree",0,0,true,"Auckland, New Zealand",-36.849591,174.770042,5,,,5,,false,,,Adinandra,Adinandra,,Plantae,142222
37795209,39c8ae3e-101f-4b72-8d48-af9667265cd8,2020/01/21 9:36 AM NZDT,2020-01-21,2020-01-20 20:36:00 UTC,Wellington,2020-01-20 22:32:52 UTC,2020-01-25 00:00:16 UTC,casual,"",0,0,true,"Auckland CBD, Auckland 1010, New Zealand",-36.852493,174.772038,,,,,,false,,,Cape lance-leaf,Metrosideros angustifolia,Cape lance-leaf,Plantae,428239
37936209,69697006-fbba-4872-90cc-a4a35de1f461,2020-01-25,2020-01-25,,Auckland,2020-01-25 03:25:05 UTC,2020-01-28 00:17:20 UTC,casual,Field ID,1,0,true,Auckland CBD,-36.852394,174.772231,8,,,8,,false,,,Cape lance-leaf,Metrosideros angustifolia,Cape lance-leaf,Plantae,428239
37936611,90642c9a-9f6e-4b3f-a36f-071fd66f51c6,2020-01-25,2020-01-25,,Auckland,2020-01-25 03:41:24 UTC,2020-01-25 03:44:40 UTC,casual,"Field ID, garden plant",0,0,true,Auckland CBD,-36.852615,174.77096,8,,,8,,false,,,Witch Hazels,Hamamelis,witch-hazels,Plantae,51971
38017813,67eda5ef-6965-4078-88d6-160c80c6b8dc,2019/12/09 12:41 PM HST,2019-12-09,2019-12-09 22:41:00 UTC,Hawaii,2020-01-27 05:32:45 UTC,2025-09-30 19:30:43 UTC,research,"",3,1,false,"Auckland CBD, Auckland 1010, New Zealand",-36.8508333333,174.7705555556,,,,,open,false,,,Waitakere Kowhai,Sophora fulvida,Waitakere Kowhai,Plantae,406088
38017866,67947492-bfad-44c4-a447-c3512c7f6fac,2019/12/10 3:21 PM HST,2019-12-10,2019-12-11 01:21:00 UTC,Hawaii,2020-01-27 05:33:27 UTC,2020-01-28 02:36:19 UTC,research,"",1,0,false,"Auckland CBD, Auckland 1010, New Zealand",-36.8527777778,174.7694444444,,,,,,false,,,Mountain flax,Phormium cookianum,Wharariki,Plantae,129178
38017905,4a74b065-ef02-4a6c-be86-567dd2cc47d5,2019/12/10 3:22 PM HST,2019-12-10,2019-12-11 01:22:00 UTC,Hawaii,2020-01-27 05:35:48 UTC,2025-09-21 22:22:57 UTC,research,"",1,0,false,"Auckland CBD, Auckland 1010, New Zealand",-36.8533333333,174.7688888889,,,,,,false,,,Karamu,Coprosma robusta,Karamū,Plantae,366661
38051920,eaafd366-6155-4ac7-b0b1-213ca7f4491d,2020-01-28 6:12:13 PM GMT+13:00,2020-01-28,2020-01-28 05:12:13 UTC,Nuku'alofa,2020-01-28 06:29:06 UTC,2025-04-03 04:00:22 UTC,research,"",1,0,false,"Auckland CBD, Auckland 1010, New Zealand",-36.8516654968,174.7722167969,,,,,,false,gps,gps,Koromiko,Veronica stricta,Koromiko,Plantae,738800
38132376,e893b3ec-203c-43be-bebe-b5781291f52a,2020/01/30 9:45 AM NZDT,2020-01-30,2020-01-29 20:45:00 UTC,Wellington,2020-01-30 23:50:18 UTC,2020-01-31 00:15:07 UTC,casual,"",0,0,true,"AKLUni Fale, Cape Lance-Leaf.",-36.8524945049,174.7720831583,6,,,6,,false,,,Cape lance-leaf,Metrosideros angustifolia,Cape lance-leaf,Plantae,428239
38139672,94b0cd59-d9d3-4a45-a818-88998852e66d,2020-01-31,2020-01-31,,Auckland,2020-01-31 07:54:59 UTC,2020-01-31 07:56:12 UTC,casual,"Field ID, tree",0,0,true,Auckland CBD,-36.850377,174.770686,3,,,3,,false,,,Tawa,Beilschmiedia tawa,Tawa,Plantae,366613
38233387,11ea542a-0ac0-48d8-b0dc-ceec004bb9f2,Mon Feb 03 2020 11:03:55 GMT+1300 (GMT+13),2020-02-03,2020-02-02 22:03:55 UTC,Nuku'alofa,2020-02-02 22:04:33 UTC,2020-09-11 06:00:17 UTC,research,"",1,0,false,"University of Auckland, Auckland, Auckland, NZ",-36.8510114774,174.7695127131,10,,,10,,false,,,Leather-leaf fern,Pyrrosia eleagnifolia,Leather-leaf fern,Plantae,210959
38368663,7fcfea73-f4b3-413e-aefc-0c6c715fdaf6,2020-02-07,2020-02-07,,Auckland,2020-02-06 21:12:22 UTC,2020-02-06 21:14:06 UTC,casual,"Field ID, tree",0,0,true,Auckland CBD,-36.852198,174.770747,6,,,6,,false,,,Japanese Pagoda Tree,Styphnolobium japonicum,Japanese pagoda tree,Plantae,53945
38660310,b4525c02-10b1-4342-9100-47786cbb75ae,2020-02-15,2020-02-15,,Auckland,2020-02-15 05:47:24 UTC,2021-08-13 18:00:23 UTC,casual,"Field ID, tree, unripe seed cones",1,0,true,Auckland CBD,-36.85198,174.771056,3,,,3,,false,,,dawn redwood,Metasequoia glyptostroboides,dawn redwood,Plantae,69150
38724679,d24dd714-66d3-4cf6-9a3c-b92facf6b9e1,2020-02-17,2020-02-17,,Auckland,2020-02-16 20:58:36 UTC,2021-08-13 18:00:20 UTC,casual,"Field ID, tree",2,0,true,Auckland CBD,-36.849577,174.769581,8,,,8,,false,,,Metasequoia glyptostroboides,Metasequoia glyptostroboides,dawn redwood,Plantae,69150
38730794,9a479c39-447c-41ec-a26a-90ae3de8fee1,2020-02-17,2020-02-17,,Auckland,2020-02-16 23:33:56 UTC,2021-08-13 18:00:17 UTC,casual,"Field ID, tree, unripe pollen cones, unripe seed cones",1,0,true,Auckland CBD,-36.852048,174.770649,6,,,6,,false,,,dawn redwood,Metasequoia glyptostroboides,dawn redwood,Plantae,69150
38949413,1b6bfadf-ddce-425d-b08a-77f1d3c8e16e,2020-02-21,2020-02-21,,Auckland,2020-02-21 05:01:37 UTC,2022-03-11 03:39:35 UTC,casual,"Field ID, tree",1,0,true,Auckland CBD,-36.851184,174.770094,2,,,2,,false,,,Backhousia citriodora,Backhousia citriodora,Lemon myrtle,Plantae,122826
39004571,4aea5112-779a-4d00-bed7-eac771c9cf0d,Fri Feb 21 2020 12:09:24 GMT+1300 (GMT+13),2020-02-21,2020-02-20 23:09:24 UTC,Nuku'alofa,2020-02-21 20:24:24 UTC,2020-02-23 14:40:14 UTC,casual,"",0,0,true,"University of Auckland, Auckland, Auckland, NZ",-36.851045,174.768845,32,,,32,,false,,,Corokia,Corokia,Korokio,Plantae,184013
39421417,744e68b5-52c1-44b8-b44a-dcef48784bc3,2020-03-02 10:42:43 AM GMT+13:00,2020-03-02,2020-03-01 21:42:43 UTC,Nuku'alofa,2020-03-01 21:45:20 UTC,2020-07-27 22:08:06 UTC,casual,"",1,0,true,"Auckland CBD, Auckland 1010, New Zealand",-36.8492689,174.7690451,20,,,20,,false,,,Indian Horse-chestnut,Aesculus indica,Indian Horse-chestnut,Plantae,367294
39421957,dcc19ca4-b6c6-4c52-99d5-6efe22733675,2020-03-02 10:53:28 AM GMT+13:00,2020-03-02,2020-03-01 21:53:28 UTC,Nuku'alofa,2020-03-01 21:54:52 UTC,2020-07-27 22:07:20 UTC,casual,"",1,0,true,"Auckland CBD, Auckland 1010, New Zealand",-36.8482928,174.7717618,20,,,20,,false,,,Dysoxylum pachyphyllum,Dysoxylum pachyphyllum,,Plantae,472656
39431556,2d66991b-487c-4f38-bb85-537d9de51f96,Mon Mar 02 2020 14:26:12 GMT+1300 (GMT+13),2020-03-02,2020-03-02 01:26:12 UTC,Nuku'alofa,2020-03-02 01:26:49 UTC,2020-06-03 13:53:54 UTC,casual,"",1,0,true,"University of Auckland, Auckland, Auckland, NZ",-36.8512184685,174.771368215,10,,,10,,false,,,false hen and chickens fern,Asplenium × lucrosum,false hen and chickens fern,Plantae,988494
39467190,6507c820-4aa4-46bc-8571-1c7f6acdf9d7,Tue Mar 03 2020 11:03:06 GMT+1300 (GMT+13),2020-03-03,2020-03-02 22:03:06 UTC,Nuku'alofa,2020-03-02 22:03:25 UTC,2020-03-02 22:03:48 UTC,needs_id,"",0,0,false,"University of Auckland, Auckland, Auckland, NZ",-36.8502566871,174.772111606,10,,,10,,false,,,,Cichorieae,"Lettuce, Chicory, Dandelion and Salsify Tribe",Plantae,359450
39776914,6505bde2-f73e-4eb3-82c4-470adb5ede72,Tue Mar 10 2020 12:38:30 GMT+1300 (GMT+13),2020-03-10,2020-03-09 23:38:30 UTC,Nuku'alofa,2020-03-09 23:40:20 UTC,2020-03-10 01:45:32 UTC,research,"",1,0,false,"Commerce B, Auckland, Auckland, NZ",-36.8508816145,174.7706930167,65,,,65,,false,,,Mahoe,Melicytus ramiflorus,Māhoe,Plantae,197063
39776951,161b268c-2081-46dd-b819-f1153b90edce,Tue Mar 10 2020 12:40:43 GMT+1300 (GMT+13),2020-03-10,2020-03-09 23:40:43 UTC,Nuku'alofa,2020-03-09 23:41:14 UTC,2025-04-04 05:38:56 UTC,research,"",1,0,false,"University of Auckland, Auckland, Auckland, NZ",-36.851166345,174.7706901575,13,,,13,,false,,,Red matipo,Myrsine australis,Māpou,Plantae,210946
39776953,aeb9cffd-08c8-4015-b543-a70f8b6daae2,Tue Mar 10 2020 12:40:48 GMT+1300 (GMT+13),2020-03-10,2020-03-09 23:40:48 UTC,Nuku'alofa,2020-03-09 23:41:16 UTC,2020-03-09 23:42:30 UTC,casual,"",0,0,false,"University of Auckland, Auckland, Auckland, NZ",-36.8508673925,174.7707201263,10,,,10,,false,,,,Myrsine,Colicwood,Plantae,70257
39776966,6d170cbe-4c49-468c-8c4b-0dced4986e64,Tue Mar 10 2020 12:41:13 GMT+1300 (GMT+13),2020-03-10,2020-03-09 23:41:13 UTC,Nuku'alofa,2020-03-09 23:41:33 UTC,2025-02-01 10:49:34 UTC,needs_id,"",0,0,false,"University of Auckland, Auckland, Auckland, NZ",-36.8509873653,174.7708422563,14,,,14,,false,,,,Plantae,Plants,Plantae,47126
39776978,cb7c6de9-1698-4ec3-89c1-3888fa275313,Tue Mar 10 2020 12:40:50 GMT+1300 (GMT+13),2020-03-10,2020-03-09 23:40:50 UTC,Nuku'alofa,2020-03-09 23:41:46 UTC,2025-04-04 05:38:56 UTC,research,"",1,0,false,"University of Auckland, Auckland, Auckland, NZ",-36.8510250561,174.7707896961,10,,,10,,false,,,Red matipo,Myrsine australis,Māpou,Plantae,210946
39776989,5c2789ef-3987-4e04-b6c7-10163ba78897,2020-03-10 12:40:33 PM GMT+13:00,2020-03-10,2020-03-09 23:40:33 UTC,Nuku'alofa,2020-03-09 23:42:04 UTC,2025-04-04 05:38:57 UTC,research,"",1,0,false,"Biology Building, Auckland CBD, Auckland 1010, New Zealand",-36.8510330183,174.7708799885,4,,,4,,false,,,Red matipo,Myrsine australis,Māpou,Plantae,210946
39777002,c74e95e0-75f1-40c1-85df-2f5a94c0e210,2020-03-10 12:41:26 PM GMT+13:00,2020-03-10,2020-03-09 23:41:26 UTC,Nuku'alofa,2020-03-09 23:42:31 UTC,2025-04-04 05:38:57 UTC,research,"",1,0,false,"Biology Building, Auckland CBD, Auckland 1010, New Zealand",-36.8510207113,174.7706868208,8,,,8,,false,,,Red matipo,Myrsine australis,Māpou,Plantae,210946
39777003,88bf1794-8947-4405-be48-67bd199ca4ec,2020-03-10 12:41:04 PM GMT+13:00,2020-03-10,2020-03-09 23:41:04 UTC,Nuku'alofa,2020-03-09 23:42:33 UTC,2020-03-10 01:44:33 UTC,research,"",1,0,false,"Thomas Building, Auckland CBD, Auckland 1010, New Zealand",-36.8509051358,174.7710311181,4,,,4,,false,,,Red matipo,Myrsine australis,Māpou,Plantae,210946
39777006,bf891cdd-8267-40fc-a060-aa774b911260,Tue Mar 10 2020 12:42:16 GMT+1300 (GMT+13),2020-03-10,2020-03-09 23:42:16 UTC,Nuku'alofa,2020-03-09 23:42:45 UTC,2020-03-09 23:42:55 UTC,needs_id,"",0,0,false,"University of Auckland, Auckland, Auckland, NZ",-36.8510022233,174.7708308627,14,,,14,open,false,,,,Punica granatum,pomegranate,Plantae,58300
39777010,46dd391a-1e6b-4fe2-8f55-4eeef219f5c7,Tue Mar 10 2020 12:41:58 GMT+1300 (GMT+13),2020-03-10,2020-03-09 23:41:58 UTC,Nuku'alofa,2020-03-09 23:42:51 UTC,2020-03-09 23:46:15 UTC,casual,"",0,0,false,"University of Auckland, Auckland, Auckland, NZ",-36.8508619024,174.7706726847,10,,,10,,false,,,,Melicytus ramiflorus,Māhoe,Plantae,197063
39777012,266e6ec9-b263-4d72-a4d6-cc042b77a08e,Tue Mar 10 2020 12:42:00 GMT+1300 (GMT+13),2020-03-10,2020-03-09 23:42:00 UTC,Nuku'alofa,2020-03-09 23:42:53 UTC,2020-03-10 01:44:28 UTC,research,"",1,0,false,"University of Auckland, Auckland, Auckland, NZ",-36.8510148034,174.7706141283,16,,,16,,false,,,Mahoe,Melicytus ramiflorus,Māhoe,Plantae,197063
39777054,02806237-ffd0-4464-9a72-9ed4f5721f48,2020-03-10 12:42:39 PM GMT+13:00,2020-03-10,2020-03-09 23:42:39 UTC,Nuku'alofa,2020-03-09 23:43:21 UTC,2020-03-10 01:44:26 UTC,research,"",1,0,false,"Biology Building, Auckland CBD, Auckland 1010, New Zealand",-36.8508822,174.7707635,19,,,19,,false,,,Mahoe,Melicytus ramiflorus,Māhoe,Plantae,197063
39777078,2318f8e7-5f3e-40c8-b77d-9315ef0ba2c5,Tue Mar 10 2020 12:43:13 GMT+1300 (GMT+13),2020-03-10,2020-03-09 23:43:13 UTC,Nuku'alofa,2020-03-09 23:43:34 UTC,2025-04-04 05:38:59 UTC,research,"",1,0,false,"University of Auckland, Auckland, Auckland, NZ",-36.8509740234,174.7706956265,14,,,14,open,false,,,Mahoe,Melicytus ramiflorus,Māhoe,Plantae,197063
39777101,b95b9b6d-e5bb-487f-b7a7-e16bde642c75,Tue Mar 10 2020 12:43:27 GMT+1300 (GMT+13),2020-03-10,2020-03-09 23:43:27 UTC,Nuku'alofa,2020-03-09 23:43:56 UTC,2020-03-09 23:44:12 UTC,needs_id,"",0,0,false,"University of Auckland, Auckland, Auckland, NZ",-36.85104679,174.770729135,13,,,13,,false,,,,Kunzea ericoides,Kānuka,Plantae,210165
39777138,b673ce1a-b316-4f69-869b-3ca18255e41b,Tue Mar 10 2020 12:43:25 GMT+1300 (GMT+13),2020-03-10,2020-03-09 23:43:25 UTC,Nuku'alofa,2020-03-09 23:44:31 UTC,2020-04-05 08:04:20 UTC,casual,"",1,0,true,"University of Auckland, Auckland, Auckland, NZ",-36.851027197,174.7708743979,14,,,14,open,false,,,pomegranate,Punica granatum,pomegranate,Plantae,58300
39777152,6ef54cd0-e058-4cc7-a0dc-8908d2083874,2020-03-10 12:43:13 PM GMT+13:00,2020-03-10,2020-03-09 23:43:13 UTC,Nuku'alofa,2020-03-09 23:44:44 UTC,2020-03-10 01:44:05 UTC,research,"",1,0,false,"Biology Building, Auckland CBD, Auckland 1010, New Zealand",-36.8510235311,174.7707769711,12,,,12,,false,,,Mahoe,Melicytus ramiflorus,Māhoe,Plantae,197063
39777184,9786f3c9-d8f9-468c-afa4-a9ff42db0651,Tue Mar 10 2020 12:44:34 GMT+1300 (GMT+13),2020-03-10,2020-03-09 23:44:34 UTC,Nuku'alofa,2020-03-09 23:45:16 UTC,2025-04-04 05:39:00 UTC,research,"",1,0,false,"University of Auckland, Auckland, Auckland, NZ",-36.8509905902,174.7706609163,8,,,8,,false,,,Red matipo,Myrsine australis,Māpou,Plantae,210946
39777226,a9be3355-3632-4764-b429-bbbf2cb3425b,Tue Mar 10 2020 12:45:26 GMT+1300 (GMT+13),2020-03-10,2020-03-09 23:45:26 UTC,Nuku'alofa,2020-03-09 23:45:56 UTC,2023-11-17 01:38:34 UTC,needs_id,"",2,0,false,"University of Auckland, Auckland, Auckland, NZ",-36.8510633361,174.7708039858,14,,,14,open,false,,,dicots,Magnoliopsida,dicots [paraphyletic],Plantae,47124
39777343,908d50a4-7973-41ba-85ad-dcc3b941f711,2020-03-10 12:48:15 PM GMT+13:00,2020-03-10,2020-03-09 23:48:15 UTC,Nuku'alofa,2020-03-09 23:49:02 UTC,2020-03-10 05:15:05 UTC,casual,"",0,0,true,"University of Auckland Foundation, Auckland CBD, Auckland 1010, New Zealand",-36.8500550694,174.7712615595,8,,,8,open,false,,,kauri,Agathis australis,Kauri,Plantae,121718
39777348,4a34b83b-d638-4a5f-a94f-635f6a53cb6a,Tue Mar 10 2020 12:48:42 GMT+1300 (GMT+13),2020-03-10,2020-03-09 23:48:42 UTC,Nuku'alofa,2020-03-09 23:49:05 UTC,2020-03-09 23:49:17 UTC,casual,"",0,0,true,"University of Auckland, Auckland, Auckland, NZ",-36.8502832699,174.7712512461,49,,,49,,false,,,,Cupressaceae,cypress family,Plantae,47374
39777364,2880660e-ccb3-492f-bae1-bd62a8800584,2020-03-10 12:48:28 PM GMT+13:00,2020-03-10,2020-03-09 23:48:28 UTC,Nuku'alofa,2020-03-09 23:49:16 UTC,2021-01-11 05:41:23 UTC,casual,"",1,0,true,"University of Auckland Foundation, Auckland CBD, Auckland 1010, New Zealand",-36.8499916391,174.7712366706,4,,,4,open,false,,,kauri,Agathis australis,Kauri,Plantae,121718
39777370,2ecfa46f-52b0-4310-adb2-b30b48fcc717,2020-03-10 12:48:42 PM GMT+13:00,2020-03-10,2020-03-09 23:48:42 UTC,Nuku'alofa,2020-03-09 23:49:29 UTC,2021-07-31 18:54:30 UTC,casual,"",2,0,true,"University of Auckland Foundation, Auckland CBD, Auckland 1010, New Zealand",-36.8502097699,174.7713767515,12,,,12,open,false,,,kauri,Agathis australis,Kauri,Plantae,121718
39777371,8195da63-cc8c-4415-a504-1a8b70a6c74f,Tue Mar 10 2020 12:49:07 GMT+1300 (GMT+13),2020-03-10,2020-03-09 23:49:07 UTC,Nuku'alofa,2020-03-09 23:49:33 UTC,2023-04-22 10:38:43 UTC,casual,"",1,0,true,"University of Auckland, Auckland, Auckland, NZ",-36.8499900587,174.771235781,10,,,10,open,false,,,kauri,Agathis australis,Kauri,Plantae,121718
39777379,cd419a2d-e907-4c99-9a83-b6feabb79b3e,2020-03-10 12:37:40 PM GMT+13:00,2020-03-10,2020-03-09 23:37:40 UTC,Nuku'alofa,2020-03-09 23:49:41 UTC,2020-03-11 23:19:45 UTC,research,"",2,0,false,"Biology Building, Auckland CBD, Auckland 1010, New Zealand",-36.8508975,174.7707435,19,,,19,,false,,,Red matipo,Myrsine australis,Māpou,Plantae,210946
39777391,4b3ca9c6-8f5d-4689-86f6-e99ca7073756,Tue Mar 10 2020 12:50:28 GMT+1300 (GMT+13),2020-03-10,2020-03-09 23:50:28 UTC,Nuku'alofa,2020-03-09 23:49:59 UTC,2022-05-14 08:07:53 UTC,casual,"",2,0,true,"University of Auckland, Auckland, Auckland, NZ",-36.8499041737,174.7712532012,32,,,32,open,false,,,kauri,Agathis australis,Kauri,Plantae,121718
39777411,86c5a2e7-9c4c-43fc-b02f-f0aeb5619ce7,2020-03-10 12:49:30 PM GMT+13:00,2020-03-10,2020-03-09 23:49:30 UTC,Nuku'alofa,2020-03-09 23:50:24 UTC,2020-03-10 01:43:14 UTC,research,"",1,0,false,"University of Auckland Foundation, Auckland CBD, Auckland 1010, New Zealand",-36.8500646311,174.7713726295,61,,,61,open,false,,,rimu,Dacrydium cupressinum,rimu,Plantae,52382
39777414,a4c16bdb-8eca-4e6f-87e3-f5576acc89ef,2020-03-10 12:48:51 PM GMT+13:00,2020-03-10,2020-03-09 23:48:51 UTC,Nuku'alofa,2020-03-09 23:50:27 UTC,2020-03-10 00:53:34 UTC,casual,"",0,0,true,"University of Auckland Foundation, Auckland CBD, Auckland 1010, New Zealand",-36.8499286061,174.7712513437,19,,,19,open,false,,,kauri,Agathis australis,Kauri,Plantae,121718
39777415,b3c05c35-786d-4b8a-b0d5-f7bb130f22ac,2020-03-10 12:49:22 PM GMT+13:00,2020-03-10,2020-03-09 23:49:22 UTC,Nuku'alofa,2020-03-09 23:50:27 UTC,2020-03-10 01:43:11 UTC,research,"",1,0,false,"University of Auckland Foundation, Auckland CBD, Auckland 1010, New Zealand",-36.8501946,174.77132,20,,,20,open,false,,,rimu,Dacrydium cupressinum,rimu,Plantae,52382
39777422,736ad52e-e8a2-449d-813b-6d3fdcb7fc2c,2020-03-10 12:42:27 PM GMT+13:00,2020-03-10,2020-03-09 23:42:27 UTC,Nuku'alofa,2020-03-09 23:50:34 UTC,2020-03-10 01:43:09 UTC,research,"",1,0,false,"Biology Building, Auckland CBD, Auckland 1010, New Zealand",-36.85108335,174.77072362,5,,,5,,false,,,Mahoe,Melicytus ramiflorus,Māhoe,Plantae,197063
39777425,2eced74a-0c6b-4e1e-8535-33cd14cefeed,Tue Mar 10 2020 12:50:26 GMT+1300 (GMT+13),2020-03-10,2020-03-09 23:50:26 UTC,Nuku'alofa,2020-03-09 23:50:37 UTC,2021-11-20 12:56:56 UTC,research,"",1,0,false,"University of Auckland, Auckland, Auckland, NZ",-36.8501855601,174.771264949,65,,,65,open,false,,,pedunculate oak,Quercus robur,English oak,Plantae,56133
39777437,c0d6256b-a80b-4f85-be59-ddbeddb9dc01,Tue Mar 10 2020 12:50:45 GMT+1300 (GMT+13),2020-03-10,2020-03-09 23:50:45 UTC,Nuku'alofa,2020-03-09 23:50:53 UTC,2026-01-25 19:12:23 UTC,needs_id,"",2,0,false,"University of Auckland, Auckland, Auckland, NZ",-36.8500800753,174.7712568657,19,,,19,,false,,,"Bamboos, Canes, and Allies",Bambusoideae,"Bamboos, Canes, and Allies",Plantae,201656
39777460,ff8d2313-2062-47fe-b58b-0962d3470455,Tue Mar 10 2020 12:51:09 GMT+1300 (GMT+13),2020-03-10,2020-03-09 23:51:09 UTC,Nuku'alofa,2020-03-09 23:51:30 UTC,2020-03-10 00:53:02 UTC,casual,"",0,0,true,"University of Auckland, Auckland, Auckland, NZ",-36.8499770553,174.7712228268,8,,,8,open,false,,,kauri,Agathis australis,Kauri,Plantae,121718
39777461,ecb8dbd5-97ca-4c17-a61f-c69ca655f74f,Tue Mar 10 2020 12:51:08 GMT+1300 (GMT+13),2020-03-10,2020-03-09 23:51:08 UTC,Nuku'alofa,2020-03-09 23:51:30 UTC,2021-07-31 18:54:26 UTC,casual,"",2,0,true,"University of Auckland, Auckland, Auckland, NZ",-36.8500155816,174.7712159997,10,,,10,open,false,,,kauri,Agathis australis,Kauri,Plantae,121718
39777465,40cdd7a2-5761-4a00-bdab-612b8ebaed4d,2020-03-10 12:48:29 PM GMT+13:00,2020-03-10,2020-03-09 23:48:29 UTC,Nuku'alofa,2020-03-09 23:51:36 UTC,2020-03-10 00:53:00 UTC,casual,"",0,0,true,"University of Auckland Foundation, Auckland CBD, Auckland 1010, New Zealand",-36.84998959,174.7711916,4,,,4,open,false,,,kauri,Agathis australis,Kauri,Plantae,121718
39777475,2428574b-2846-4cfa-b131-566804a85bf5,Tue Mar 10 2020 12:49:45 GMT+1300 (GMT+13),2020-03-10,2020-03-09 23:49:45 UTC,Nuku'alofa,2020-03-09 23:51:46 UTC,2020-03-10 01:42:49 UTC,research,"",1,0,false,"University of Auckland, Auckland, Auckland, NZ",-36.8499069102,174.7712786125,10,,,10,open,false,,,rimu,Dacrydium cupressinum,rimu,Plantae,52382
39777476,8ca98c80-f2c0-4dfe-985d-aa66a1648de9,2020-03-10 12:51:00 PM GMT+13:00,2020-03-10,2020-03-09 23:51:00 UTC,Nuku'alofa,2020-03-09 23:51:48 UTC,2020-03-10 01:42:45 UTC,casual,"",1,0,true,"University of Auckland Foundation, Auckland CBD, Auckland 1010, New Zealand",-36.8500492784,174.7713391241,8,,,8,open,false,,,kauri,Agathis australis,Kauri,Plantae,121718
39777486,608fa71c-b710-452a-8549-d2efcb031a6c,2020-03-10 12:50:54 PM GMT+13:00,2020-03-10,2020-03-09 23:50:54 UTC,Nuku'alofa,2020-03-09 23:52:02 UTC,2021-07-31 18:54:25 UTC,casual,"",3,0,true,"Biology Building, Auckland CBD, Auckland 1010, New Zealand",-36.8508905172,174.7708098744,19,,,19,open,false,,,kauri,Agathis australis,Kauri,Plantae,121718
39777489,9bd7df09-9cb1-43d3-99c5-5c71c85b5a6c,2020-03-10 12:50:33 PM GMT+13:00,2020-03-10,2020-03-09 23:50:33 UTC,Nuku'alofa,2020-03-09 23:52:09 UTC,2020-05-18 20:39:48 UTC,research,"",1,0,false,"Auckland, NZ",-36.84993288,174.7713104,3,,,3,open,false,gps,gps,rimu,Dacrydium cupressinum,rimu,Plantae,52382
39777493,a7f335d4-2386-44fc-b4a5-bf53bce37e0d,2020-03-10 12:51:29 PM GMT+13:00,2020-03-10,2020-03-09 23:51:29 UTC,Nuku'alofa,2020-03-09 23:52:18 UTC,2026-01-22 20:11:14 UTC,casual,"",2,0,true,"Thomas Building, Auckland CBD, Auckland 1010, New Zealand",-36.8507987768,174.7708678642,19,,,19,,false,,,hedge bamboo,Bambusa multiplex,hedge bamboo,Plantae,159143
39777962,0688e513-0a7e-4971-88f1-4dd26dabef2b,Tue Mar 10 2020 12:50:02 GMT+1300 (GMT+13),2020-03-10,2020-03-09 23:50:02 UTC,Nuku'alofa,2020-03-10 00:04:39 UTC,2020-03-10 01:42:32 UTC,research,"",1,0,false,"University of Auckland, Auckland, Auckland, NZ",-36.8499488617,174.7712780257,10,,,10,open,false,,,rimu,Dacrydium cupressinum,rimu,Plantae,52382
39817928,5767db4d-1a19-4b12-b979-d132ef1aad21,2020-03-11 11:55:45 AM GMT+13:00,2020-03-11,2020-03-10 22:55:45 UTC,Nuku'alofa,2020-03-10 22:57:35 UTC,2020-03-10 23:03:08 UTC,casual,"",1,0,true,"Elam B, Auckland CBD, Auckland 1010, New Zealand",-36.8507887,174.7706016,20,,,20,,false,,,Hangehange,Geniostoma ligustrifolium,Hangehange,Plantae,401998
39826928,e7c52359-51d9-4559-b124-59ad37ca7eb0,Wed Mar 11 2020 16:11:59 GMT+1300 (GMT+13),2020-03-11,2020-03-11 03:11:59 UTC,Nuku'alofa,2020-03-11 03:12:06 UTC,2020-03-20 22:33:14 UTC,casual,"",1,0,true,"University of Auckland, Auckland, Auckland, NZ",-36.8508133293,174.7707512231,10,,,10,,false,,,Kawakawa,Piper excelsum,Kawakawa,Plantae,404899
39826964,965c7bcd-a627-44b8-885e-664fdf53e5d3,Wed Mar 11 2020 16:13:03 GMT+1300 (GMT+13),2020-03-11,2020-03-11 03:13:03 UTC,Nuku'alofa,2020-03-11 03:13:17 UTC,2020-03-11 03:21:07 UTC,research,"",1,0,false,"University of Auckland, Auckland, Auckland, NZ",-36.8507895246,174.7707379797,10,,,10,,false,,,Kawakawa,Piper excelsum,Kawakawa,Plantae,404899
39827006,38e40bb9-5523-4df8-9280-39bc8aeb5984,Wed Mar 11 2020 16:14:14 GMT+1300 (GMT+13),2020-03-11,2020-03-11 03:14:14 UTC,Nuku'alofa,2020-03-11 03:14:29 UTC,2021-08-04 16:52:31 UTC,research,"",2,0,false,"University of Auckland, Auckland, Auckland, NZ",-36.8508501258,174.7707491277,10,,,10,,false,,,Karamu,Coprosma robusta,Karamū,Plantae,366661
39827009,ae1b5a20-4418-45e3-9226-2f5e2a1e2c4e,2020-03-11 4:14:18 PM GMT+13:00,2020-03-11,2020-03-11 03:14:18 UTC,Nuku'alofa,2020-03-11 03:14:46 UTC,2020-05-18 20:40:17 UTC,needs_id,"",1,0,false,"Biology Building, Auckland CBD, Auckland 1010, New Zealand",-36.8509212304,174.7707785308,8,,,8,,false,,,māhoes,Melicytus,māhoes,Plantae,185986
39827013,d931d728-9080-4f24-b83b-ed79e172d1bb,Wed Mar 11 2020 16:14:03 GMT+1300 (GMT+13),2020-03-11,2020-03-11 03:14:03 UTC,Nuku'alofa,2020-03-11 03:14:50 UTC,2020-03-20 22:33:23 UTC,casual,"",1,0,true,"University of Auckland, Auckland, Auckland, NZ",-36.8508476951,174.7707042845,10,,,10,,false,,,māhoes,Melicytus,māhoes,Plantae,185986
39827024,134dc51b-3233-498f-974e-4b1755e75295,Wed Mar 11 2020 16:14:37 GMT+1300 (GMT+13),2020-03-11,2020-03-11 03:14:37 UTC,Nuku'alofa,2020-03-11 03:15:07 UTC,2020-03-11 03:54:29 UTC,research,"",1,0,false,"University of Auckland, Auckland, Auckland, NZ",-36.8509297669,174.7707773948,32,,,32,,false,,,Mahoe,Melicytus ramiflorus,Māhoe,Plantae,197063
39827028,6ba8dbb1-8874-4219-9295-1d074a58f4be,Wed Mar 11 2020 16:14:47 GMT+1300 (GMT+13),2020-03-11,2020-03-11 03:14:47 UTC,Nuku'alofa,2020-03-11 03:15:18 UTC,2020-12-25 06:23:14 UTC,casual,"",1,0,true,"University of Auckland, Auckland, Auckland, NZ",-36.8508938343,174.7707143893,16,,,16,,false,,,Mahoe,Melicytus ramiflorus,Māhoe,Plantae,197063
39827030,ea8c4748-6490-4e78-abc5-77afa2af81c7,Wed Mar 11 2020 16:14:29 GMT+1300 (GMT+13),2020-03-11,2020-03-11 03:14:29 UTC,Nuku'alofa,2020-03-11 03:15:23 UTC,2021-07-29 15:45:16 UTC,research,"",1,0,false,"University of Auckland, Auckland, Auckland, NZ",-36.8509874114,174.7708007997,13,,,13,,false,,,Mahoe,Melicytus ramiflorus,Māhoe,Plantae,197063
39827042,5ae0bdb9-1fb3-4347-b804-3ce02f5f5c0d,Wed Mar 11 2020 16:15:35 GMT+1300 (GMT+13),2020-03-11,2020-03-11 03:15:35 UTC,Nuku'alofa,2020-03-11 03:15:46 UTC,2022-08-26 09:37:48 UTC,research,"",2,0,false,"University of Auckland, Auckland, Auckland, NZ",-36.8508885149,174.7706953158,10,,,10,,false,,,Shining Karamu,Coprosma lucida,Shining Karamū,Plantae,197056
39827046,13d97b06-7a36-403d-b398-f4330c48aaa4,Wed Mar 11 2020 16:14:47 GMT+1300 (GMT+13),2020-03-11,2020-03-11 03:14:47 UTC,Nuku'alofa,2020-03-11 03:16:00 UTC,2020-03-11 05:14:48 UTC,research,"",2,0,false,"University of Auckland, Auckland, Auckland, NZ",-36.8508842229,174.7707057866,17,,,17,,false,,,Mahoe,Melicytus ramiflorus,Māhoe,Plantae,197063
39827052,96bc0d5a-8c4a-4657-9dcc-ff7175f136f1,Wed Mar 11 2020 16:15:38 GMT+1300 (GMT+13),2020-03-11,2020-03-11 03:15:38 UTC,Nuku'alofa,2020-03-11 03:16:13 UTC,2020-03-11 03:16:13 UTC,casual,"",0,0,false,"University of Auckland, Auckland, Auckland, NZ",-36.8508724955,174.7705935435,14,,,14,,false,,,,Piper excelsum,Kawakawa,Plantae,404899
39827064,75005980-1668-4ebb-b6a7-40f52d634ef3,Wed Mar 11 2020 16:16:44 GMT+1300 (GMT+13),2020-03-11,2020-03-11 03:16:44 UTC,Nuku'alofa,2020-03-11 03:16:57 UTC,2020-03-11 03:54:12 UTC,research,"",1,0,false,"University of Auckland, Auckland, Auckland, NZ",-36.8509136187,174.7707891093,10,,,10,,false,,,Rosemary,Salvia rosmarinus,Rosemary,Plantae,636795
39827074,0c1387f0-22a9-404f-bbd3-65b0445d246d,Wed Mar 11 2020 16:17:10 GMT+1300 (GMT+13),2020-03-11,2020-03-11 03:17:10 UTC,Nuku'alofa,2020-03-11 03:17:33 UTC,2020-03-11 03:19:10 UTC,casual,"",0,0,true,"University of Auckland, Auckland, Auckland, NZ",-36.8508619862,174.7707834935,10,,,10,,false,,,,Russelia equisetiformis,Firecracker plant,Plantae,122519
39827079,6232cd57-a2c0-46f2-8ea6-9d94d10223f7,Wed Mar 11 2020 16:17:04 GMT+1300 (GMT+13),2020-03-11,2020-03-11 03:17:04 UTC,Nuku'alofa,2020-03-11 03:17:49 UTC,2021-06-05 04:19:31 UTC,research,"",1,0,false,"University of Auckland, Auckland, Auckland, NZ",-36.8509263558,174.7707586059,8,,,8,,false,,,Red matipo,Myrsine australis,Māpou,Plantae,210946
39827107,0674a975-58fb-445a-98fe-683ea85ed1a6,2020-03-11 4:17:35 PM GMT+13:00,2020-03-11,2020-03-11 03:17:35 UTC,Nuku'alofa,2020-03-11 03:18:43 UTC,2020-03-11 03:54:09 UTC,research,"",1,0,false,"Thomas Building, Auckland CBD, Auckland 1010, New Zealand",-36.8507593486,174.770745945,19,,,19,,false,,,Red matipo,Myrsine australis,Māpou,Plantae,210946
39827133,daf48130-4117-49ff-b732-e7cde17d998b,2020-03-11 4:17:05 PM GMT+13:00,2020-03-11,2020-03-11 03:17:05 UTC,Nuku'alofa,2020-03-11 03:19:41 UTC,2021-08-04 16:52:32 UTC,research,"",1,0,false,"University of Auckland, Auckland CBD, Auckland 1010, New Zealand",-36.8507145,174.7705573,20,,,20,,false,,,Karamu,Coprosma robusta,Karamū,Plantae,366661
39827142,2bd1b80c-4599-424a-8dd8-2f979d8e135b,2020-03-11 4:18:26 PM GMT+13:00,2020-03-11,2020-03-11 03:18:26 UTC,Nuku'alofa,2020-03-11 03:19:59 UTC,2020-03-11 03:20:18 UTC,casual,"",0,0,true,"University of Auckland, Auckland CBD, Auckland 1010, New Zealand",-36.8507108398,174.7707364806,8,,,8,,false,,,rhododendrons and azaleas,Rhododendron,rhododendrons and azaleas,Plantae,49487
39827146,322a4aa0-0b5f-4323-b0f7-8c689ed35dcb,Wed Mar 11 2020 16:18:21 GMT+1300 (GMT+13),2020-03-11,2020-03-11 03:18:21 UTC,Nuku'alofa,2020-03-11 03:20:08 UTC,2022-09-29 21:51:09 UTC,casual,"",1,0,true,"University of Auckland, Auckland, Auckland, NZ",-36.8505858444,174.7707904504,10,,,10,,false,,,Styphelieae,Leucopogon fasciculatus,Mingimingi,Plantae,409552
39827148,614e67a1-6afd-4eb5-aa63-329acf50e0e2,Wed Mar 11 2020 16:19:37 GMT+1300 (GMT+13),2020-03-11,2020-03-11 03:19:37 UTC,Nuku'alofa,2020-03-11 03:20:21 UTC,2021-07-31 18:54:20 UTC,casual,"",2,0,true,"University of Auckland, Auckland, Auckland, NZ",-36.8500640709,174.7712837254,10,,,10,open,false,,,kauri,Agathis australis,Kauri,Plantae,121718
39827173,b24ba5e6-305d-4d38-85b4-91ac7a632c2b,2020-03-11 4:19:56 PM GMT+13:00,2020-03-11,2020-03-11 03:19:56 UTC,Nuku'alofa,2020-03-11 03:20:47 UTC,2020-03-11 03:54:03 UTC,casual,"",1,0,true,"Old Government House, Auckland CBD, Auckland 1010, New Zealand",-36.8501832767,174.7710885699,4,,,4,open,false,,,kauri,Agathis australis,Kauri,Plantae,121718
39827205,f5b2b104-5e26-4171-86ac-0e7c344df862,2020-03-11 4:20:09 PM GMT+13:00,2020-03-11,2020-03-11 03:20:09 UTC,Nuku'alofa,2020-03-11 03:21:23 UTC,2023-04-22 10:42:22 UTC,casual,"",1,0,true,"University of Auckland Foundation, Auckland CBD, Auckland 1010, New Zealand",-36.8498550105,174.7710625665,4,,,4,open,false,,,kauri,Agathis australis,Kauri,Plantae,121718
39827218,8bbdd231-db40-479e-9b64-b6d45ddb0f62,Wed Mar 11 2020 16:20:18 GMT+1300 (GMT+13),2020-03-11,2020-03-11 03:20:18 UTC,Nuku'alofa,2020-03-11 03:21:38 UTC,2021-07-31 18:54:16 UTC,casual,"",1,0,true,"University of Auckland, Auckland, Auckland, NZ",-36.8500193116,174.7712356133,10,,,10,open,false,,,kauri,Agathis australis,Kauri,Plantae,121718
39861198,32443f94-980a-459b-be64-ed6a06f0c78d,2020-03-12 12:35:05 PM GMT+13:00,2020-03-12,2020-03-11 23:35:05 UTC,Nuku'alofa,2020-03-11 23:35:29 UTC,2023-01-17 13:41:55 UTC,research,"",3,1,false,"Auckland, NZ",-36.85100004,174.77070123,17,,,17,open,false,,,Coprosma macrocarpa minor,Coprosma macrocarpa minor,,Plantae,412272
39861226,4a0643fe-f74c-4e45-a746-ac60143de15d,2020-03-12 12:35:49 PM GMT+13:00,2020-03-12,2020-03-11 23:35:49 UTC,Nuku'alofa,2020-03-11 23:36:17 UTC,2020-03-20 23:25:16 UTC,research,"",2,0,false,"Biology Building, Auckland CBD, Auckland 1010, New Zealand",-36.8509004,174.7707262,19,,,19,,false,,,Mahoe,Melicytus ramiflorus,Māhoe,Plantae,197063
39861236,e7a84661-014f-4bbf-ad61-8eda3cdc00b0,Thu Mar 12 2020 12:36:18 GMT+1300 (GMT+13),2020-03-12,2020-03-11 23:36:18 UTC,Nuku'alofa,2020-03-11 23:36:39 UTC,2020-03-12 02:01:14 UTC,research,"",3,1,false,"University of Auckland, Auckland, Auckland, NZ",-36.8510103878,174.770649383,10,,,10,,false,,,Red matipo,Myrsine australis,Māpou,Plantae,210946
39861241,1da7f7a3-d4ba-4a21-b18d-13f3643ff1e4,Thu Mar 12 2020 12:36:24 GMT+1300 (GMT+13),2020-03-12,2020-03-11 23:36:24 UTC,Nuku'alofa,2020-03-11 23:36:42 UTC,2020-03-12 01:01:32 UTC,research,"",2,0,false,"University of Auckland, Auckland, Auckland, NZ",-36.8508725055,174.770698501,10,,,10,,false,,,Mahoe,Melicytus ramiflorus,Māhoe,Plantae,197063
39861265,655ad556-16c3-491d-b219-9ed7b754b8fd,2020-03-12 12:34:49 PM GMT+13:00,2020-03-12,2020-03-11 23:34:49 UTC,Nuku'alofa,2020-03-11 23:36:58 UTC,2020-03-12 01:01:20 UTC,research,"",2,0,false,"Biology Building, Auckland CBD, Auckland 1010, New Zealand",-36.850965512,174.7707147148,8,,,8,,false,,,Red matipo,Myrsine australis,Māpou,Plantae,210946
39861271,0bcfd5ce-7827-48f3-afba-1d87953aedf7,Thu Mar 12 2020 12:35:22 GMT+1300 (GMT+13),2020-03-12,2020-03-11 23:35:22 UTC,Nuku'alofa,2020-03-11 23:37:02 UTC,2022-03-31 10:08:46 UTC,research,"",2,0,false,"University of Auckland, Auckland, Auckland, NZ",-36.8510394946,174.7707518639,28,,,28,,false,,,Red matipo,Myrsine australis,Māpou,Plantae,210946
39861417,24480267-3d17-4958-aeac-98e06d2086be,Thu Mar 12 2020 12:38:05 GMT+1300 (GMT+13),2020-03-12,2020-03-11 23:38:05 UTC,Nuku'alofa,2020-03-11 23:40:09 UTC,2020-03-12 00:25:47 UTC,research,"",1,0,false,"University of Auckland, Auckland, Auckland, NZ",-36.8509743037,174.7708077172,10,,,10,,false,,,Red matipo,Myrsine australis,Māpou,Plantae,210946
39861509,7744525e-5fe2-4f16-b2d7-f68a45e32bce,Thu Mar 12 2020 12:38:04 GMT+1300 (GMT+13),2020-03-12,2020-03-11 23:38:04 UTC,Nuku'alofa,2020-03-11 23:42:13 UTC,2020-03-11 23:42:13 UTC,casual,"",0,0,false,"University of Auckland, Auckland, Auckland, NZ",-36.8509743037,174.7708077172,10,,,10,,false,,,,Myrsine australis,Māpou,Plantae,210946
39868838,b58d7d73-4f1b-4d32-a206-282873df0c7a,Thu Mar 12 2020 16:12:56 GMT+1300 (GMT+13),2020-03-12,2020-03-12 03:12:56 UTC,Nuku'alofa,2020-03-12 03:13:21 UTC,2020-05-18 20:39:08 UTC,needs_id,"",1,0,false,"University of Auckland, Auckland, Auckland, NZ",-36.8508154287,174.7705405122,16,,,16,,false,,,Coprosma,Coprosma,Coprosma,Plantae,70254
39868914,31c4b350-2630-44d7-8a2c-4fb9cf06d33d,Thu Mar 12 2020 16:15:49 GMT+1300 (GMT+13),2020-03-12,2020-03-12 03:15:49 UTC,Nuku'alofa,2020-03-12 03:16:34 UTC,2020-03-12 03:21:31 UTC,research,"",1,0,false,"University of Auckland, Auckland, Auckland, NZ",-36.8509692403,174.7706992063,9,,,9,,false,,,Red matipo,Myrsine australis,Māpou,Plantae,210946
39868916,91b423d4-fedb-4740-a3fd-7b463d357924,Thu Mar 12 2020 16:16:27 GMT+1300 (GMT+13),2020-03-12,2020-03-12 03:16:27 UTC,Nuku'alofa,2020-03-12 03:16:35 UTC,2020-03-12 03:42:33 UTC,research,"",2,0,false,"奥克兰大学, 奥克兰, 奥克兰, NZ",-36.8509324979,174.7706990246,65,,,65,,false,,,Mahoe,Melicytus ramiflorus,Māhoe,Plantae,197063
39868960,b2ade12c-ed0a-4cd1-87a5-0078c9ec85b7,Thu Mar 12 2020 16:16:51 GMT+1300 (GMT+13),2020-03-12,2020-03-12 03:16:51 UTC,Nuku'alofa,2020-03-12 03:19:08 UTC,2020-03-12 05:19:35 UTC,casual,"",2,0,true,"University of Auckland, Auckland, Auckland, NZ",-36.8509386387,174.7707715912,10,,,10,,false,,,Red matipo,Myrsine australis,Māpou,Plantae,210946
39869095,1a355372-2496-4d86-974a-7e0334e86471,2020/01/30 9:28 AM NZDT,2020-01-30,2020-01-29 20:28:00 UTC,Wellington,2020-03-12 03:24:46 UTC,2023-02-19 23:31:51 UTC,casual,"",3,0,true,"SECnr of BioBldng, AKLUni, 3SymondsSt",-36.8512811596,174.7708756368,4,,,4,,false,,,crimson rata,Metrosideros carminea,crimson rātā,Plantae,403885
39899088,9e3b3d0d-c1c1-44ba-bbf5-1d1f01d15563,2020/03/12 8:50 AM NZDT,2020-03-12,2020-03-11 19:50:00 UTC,Wellington,2020-03-12 21:13:37 UTC,2023-02-19 23:32:30 UTC,casual,"",3,0,true,"SE Cnr of BioBldng, AKLUni, 3SymondsSt",-36.8512811596,174.7708756368,4,,,4,,false,,,crimson rata,Metrosideros carminea,crimson rātā,Plantae,403885
39904393,0457f09f-a258-4bc8-8e22-e407f3ca81b7,2020-03-13 12:45:38 PM GMT+13:00,2020-03-13,2020-03-12 23:45:38 UTC,Nuku'alofa,2020-03-12 23:46:13 UTC,2020-03-13 00:53:37 UTC,research,"",2,0,false,"Biology Building, Auckland CBD, Auckland 1010, New Zealand",-36.8510162551,174.7706883587,13,,,13,,false,,,Red matipo,Myrsine australis,Māpou,Plantae,210946
39904418,a71aa2e7-6bb4-49e3-87e3-a92cc18bfc5a,2020-03-13 12:45:52 PM GMT+13:00,2020-03-13,2020-03-12 23:45:52 UTC,Nuku'alofa,2020-03-12 23:46:59 UTC,2021-07-29 15:45:15 UTC,research,"",2,0,false,"Auckland, NZ",-36.8510507885,174.7706482094,11,,,11,,false,,,Mahoe,Melicytus ramiflorus,Māhoe,Plantae,197063
39904422,6a5a0ddc-b6de-4753-965b-fb3fecf3096c,Fri Mar 13 2020 12:46:23 GMT+1300 (GMT+13),2020-03-13,2020-03-12 23:46:23 UTC,Nuku'alofa,2020-03-12 23:47:24 UTC,2025-04-28 09:49:19 UTC,needs_id,"",3,0,false,"University of Auckland, Auckland, Auckland, NZ",-36.8509930683,174.7705804234,65,,,65,open,false,,,māhoes,Melicytus,māhoes,Plantae,185986
39904424,1899ce0d-7ff7-4ec6-ba78-47afab705623,2020-03-13 12:45:50 PM GMT+13:00,2020-03-13,2020-03-12 23:45:50 UTC,Nuku'alofa,2020-03-12 23:47:37 UTC,2021-07-29 15:45:14 UTC,research,"",2,0,false,"Biology Building, Auckland CBD, Auckland 1010, New Zealand",-36.8509268093,174.7706475067,8,,,8,,false,,,Mahoe,Melicytus ramiflorus,Māhoe,Plantae,197063
39904468,5677bd79-3d30-4997-be69-04b7d0585ebe,2020-03-13 12:47:14 PM GMT+13:00,2020-03-13,2020-03-12 23:47:14 UTC,Nuku'alofa,2020-03-12 23:49:05 UTC,2020-03-12 23:49:05 UTC,casual,"",0,0,false,"Auckland, NZ",-36.85101048,174.7704127392,6,,,6,,false,gps,gps,large-leaved māhoe,Melicytus macrophyllus,large-leaved māhoe,Plantae,403830
39904470,7e32c9a6-0bfe-4dd6-ba96-ab8ba3272fdf,Fri Mar 13 2020 12:48:58 GMT+1300 (GMT+13),2020-03-13,2020-03-12 23:48:58 UTC,Nuku'alofa,2020-03-12 23:49:08 UTC,2021-07-29 15:45:12 UTC,research,"",2,0,false,"University of Auckland, Auckland, Auckland, NZ",-36.8507700367,174.7706265004,10,,,10,,false,,,Mahoe,Melicytus ramiflorus,Māhoe,Plantae,197063
39904520,45f98c17-1b5c-4a1f-b43a-8286cf4064d0,Fri Mar 13 2020 12:50:27 GMT+1300 (GMT+13),2020-03-13,2020-03-12 23:50:27 UTC,Nuku'alofa,2020-03-12 23:50:43 UTC,2025-03-18 03:47:27 UTC,research,"",2,0,false,"University of Auckland, Auckland, Auckland, NZ",-36.850864348,174.7705833875,65,,,65,open,false,,,Māhoe,Melicytus ramiflorus ramiflorus,Māhoe,Plantae,412824
39904524,ed8fbf39-f57b-42af-9e6b-8309d765b6a8,Fri Mar 13 2020 12:46:12 GMT+1300 (GMT+13),2020-03-13,2020-03-12 23:46:12 UTC,Nuku'alofa,2020-03-12 23:50:47 UTC,2021-07-29 15:45:09 UTC,research,"",2,0,false,"University of Auckland, Auckland, Auckland, NZ",-36.8509287587,174.7705348303,65,,,65,,false,,,Mahoe,Melicytus ramiflorus,Māhoe,Plantae,197063
39904533,4ed7ef5f-5fdb-45b5-8ea7-a31b12765019,Fri Mar 13 2020 12:48:24 GMT+1300 (GMT+13),2020-03-13,2020-03-12 23:48:24 UTC,Nuku'alofa,2020-03-12 23:50:54 UTC,2022-10-27 05:08:06 UTC,needs_id,"",3,0,false,"University of Auckland, Auckland, Auckland, NZ",-36.8509488848,174.7707223378,14,,,14,,false,,,Coprosma,Coprosma,Coprosma,Plantae,70254
39904543,781282c0-bb9f-43c3-9790-49518fb299d5,Fri Mar 13 2020 12:51:09 GMT+1300 (GMT+13),2020-03-13,2020-03-12 23:51:09 UTC,Nuku'alofa,2020-03-12 23:51:15 UTC,2020-03-13 02:59:59 UTC,research,"",2,0,false,"University of Auckland, Auckland, Auckland, NZ",-36.8508628244,174.7707177793,10,,,10,,false,,,Mahoe,Melicytus ramiflorus,Māhoe,Plantae,197063
39904565,e8a7cbc7-5ea8-43f6-9c6c-4de29f21f1c5,Fri Mar 13 2020 12:51:28 GMT+1300 (GMT+13),2020-03-13,2020-03-12 23:51:28 UTC,Nuku'alofa,2020-03-12 23:52:21 UTC,2020-03-12 23:52:21 UTC,casual,"",0,0,false,"University of Auckland, Auckland, Auckland, NZ",-36.8512269762,174.7707671487,30,,,30,,false,,,,Plantae,Plants,Plantae,47126
39911140,25a93fe4-493d-44d7-ad4c-543577db319f,2020/03/12 8:44 AM NZDT,2020-03-12,2020-03-11 19:44:00 UTC,Wellington,2020-03-13 03:20:51 UTC,2020-05-21 03:11:19 UTC,casual,"",2,1,true,"Moehau-AKLUniversity, nr BioBuilding",-36.8508433152,174.7705779116,4,,,4,,false,,,탱자나무,Citrus trifoliata,trifoliate orange,Plantae,200071
39911221,639d2f52-5cc2-47d3-8183-56e62ba8495d,2020/03/12 8:45 AM NZDT,2020-03-12,2020-03-11 19:45:00 UTC,Wellington,2020-03-13 03:23:31 UTC,2020-03-13 03:23:31 UTC,casual,"",0,0,true,"Moehau-AKLUniversity, nr BioBuilding",-36.8508433152,174.7705779116,4,,,4,,false,,,Fried-egg Flower,Oncoba spinosa,Fried-egg flower,Plantae,340332
39911300,343f7128-f9ed-4da0-809a-d977bdb20f73,2020/03/12 8:47 AM NZDT,2020-03-12,2020-03-11 19:47:00 UTC,Wellington,2020-03-13 03:26:38 UTC,2020-04-05 08:04:10 UTC,casual,"",1,0,true,"Moehau-AKLUniversity, nr BioBuilding",-36.8508433152,174.7705779116,4,,,4,open,false,,,pomegranate,Punica granatum,pomegranate,Plantae,58300
40005291,12ff4349-077d-493d-8ab9-50c45a8e5999,2020-03-15,2020-03-15,,Auckland,2020-03-15 02:21:01 UTC,2022-07-31 21:48:50 UTC,casual,"Field ID, rock garden",1,0,true,Auckland CBD,-36.848932,174.770209,6,,,6,,false,,,Skewleaf Sorrel,Oxalis,Woodsorrels,Plantae,47758
40005516,998a146a-9b94-4678-8cd7-2ecf920c8ab9,2020-03-15,2020-03-15,,Auckland,2020-03-15 02:29:24 UTC,2024-09-03 14:59:39 UTC,casual,"Field ID, rock garden",1,0,true,Auckland CBD,-36.848932,174.770209,6,,,6,,false,,,Red Spider Lily,Lycoris radiata,red spider lily,Plantae,164975
40165809,b9d31a11-393e-4230-8b79-adc8134555e2,2020-03-18 5:03:28 PM GMT+13:00,2020-03-18,2020-03-18 04:03:28 UTC,Nuku'alofa,2020-03-18 04:06:57 UTC,2020-07-15 21:49:32 UTC,casual,"",2,0,true,"Elam B, Auckland CBD, Auckland 1010, New Zealand",-36.8507805974,174.7704738082,8,,,8,,false,,,dicots,Magnoliopsida,dicots [paraphyletic],Plantae,47124
40273373,147c7a08-22a2-4f10-940c-e5b34ec7876c,Fri Mar 20 2020 14:54:37 GMT+1300 (GMT+13),2020-03-20,2020-03-20 01:54:37 UTC,Nuku'alofa,2020-03-20 01:56:43 UTC,2021-05-25 12:47:54 UTC,casual,"",0,0,true,"University of Auckland, Auckland, Auckland, NZ",-36.8512604619,174.7728466151,10,,,10,,false,,,,Magnoliopsida,dicots [paraphyletic],Plantae,47124
40324304,b4c14fae-4e6f-409a-b405-42d91bc698df,Wed Mar 11 2020 16:21:15 GMT+1300 (GMT+13),2020-03-11,2020-03-11 03:21:15 UTC,Nuku'alofa,2020-03-20 22:10:25 UTC,2020-03-20 22:22:47 UTC,research,"",1,0,false,"University of Auckland, Auckland, Auckland, NZ",-36.8499883404,174.7713299935,10,,,10,open,false,,,rimu,Dacrydium cupressinum,rimu,Plantae,52382
40403454,374711a2-143b-40be-b931-ffcb107aa729,2020-03-13 12:47:14 PM GMT+13:00,2020-03-13,2020-03-12 23:47:14 UTC,Nuku'alofa,2020-03-21 22:28:00 UTC,2020-05-05 06:49:18 UTC,research,"",3,1,false,"Auckland, NZ",-36.85101048,174.7704127392,6,,,6,,false,gps,gps,Mahoe,Melicytus ramiflorus,Māhoe,Plantae,197063
42073696,616ea42c-3009-481d-8c92-b986dc9df1a5,Mon Apr 13 2020 12:02:39 GMT+1200 (GMT+12),2020-04-13,2020-04-13 00:02:39 UTC,Auckland,2020-04-13 08:08:15 UTC,2020-04-13 10:54:23 UTC,casual,"",2,0,true,"University of Auckland, Auckland, Auckland, NZ",-36.850164012,174.7711048857,29,,,29,,false,,,Flowering quinces,Chaenomeles,Flowering quinces,Plantae,61237
42925641,a512d8f3-c31a-4ac2-a154-8a754cc6eb59,Fri Mar 13 2020 12:51:09 GMT+1300 (GMT+13),2020-03-13,2020-03-12 23:51:09 UTC,Nuku'alofa,2020-04-23 04:01:40 UTC,2022-01-09 15:36:10 UTC,casual,"",0,0,true,"University of Auckland, Auckland, Auckland, NZ",-36.8509098018,174.7707071181,32,,,32,,false,,,,Magnoliopsida,dicots [paraphyletic],Plantae,47124
43035261,c3ebdb26-f76c-446d-abec-b7c0c37f7644,Fri Apr 24 2020 16:21:48 GMT+1200 (GMT+12),2020-04-24,2020-04-24 04:21:48 UTC,Auckland,2020-04-24 06:39:13 UTC,2020-04-24 09:21:06 UTC,casual,"",1,0,true,"University of Auckland, Auckland, Auckland, NZ",-36.8503821391,174.7707358676,34,,,34,,false,,,Macrozamia,Macrozamia,Zamia Palms,Plantae,129824
43503145,fe1cd925-bf25-43f7-877d-841a5d4b4835,Sun Apr 26 2020 12:33:48 GMT+1200 (GMT+12),2020-04-26,2020-04-26 00:33:48 UTC,Auckland,2020-04-26 00:46:44 UTC,2023-04-22 10:44:05 UTC,casual,"",2,0,true,"University of Auckland, Auckland, Auckland, NZ",-36.84890833,174.77026333,12,,,12,,false,,,flowering plants,Angiospermae,Flowering Plants,Plantae,47125
43503632,17d06e6a-fba2-48eb-92ae-94f5fa6f0492,Sun Apr 26 2020 12:33:28 GMT+1200 (GMT+12),2020-04-26,2020-04-26 00:33:28 UTC,Auckland,2020-04-26 00:49:23 UTC,2020-05-05 05:49:48 UTC,needs_id,"",2,0,false,"University of Auckland, Auckland, Auckland, NZ",-36.84888,174.770355,12,,,12,,false,,,"agaves, orchids, irises, and allies",Asparagales,"Agaves, Orchids, Irises, and Allies",Plantae,47218
46189664,826af066-d68c-4669-85a2-cbd41087ec3c,2020-05-17,2020-05-17,,Auckland,2020-05-17 04:56:34 UTC,2020-05-17 05:00:13 UTC,casual,"Field ID, garden plant",0,0,true,Auckland CBD,-36.8497,174.770523,4,,,4,open,false,,,Koyamaki,Sciadopitys verticillata,koyamaki,Plantae,129057
46190207,6c151520-aa8b-4cfb-a889-906a94f47ad8,2020-05-17,2020-05-17,,Auckland,2020-05-17 05:08:07 UTC,2021-03-17 21:12:16 UTC,casual,"Field ID, tree",0,0,true,Auckland CBD,-36.852317,174.772366,9,,,9,,false,,,Pandanus furcatus,Pandanus furcatus,Himalayan screw-pine,Plantae,544373
46190860,4e85630e-f961-47c5-9540-9c5862b4f41d,2020-05-17,2020-05-17,,Auckland,2020-05-17 05:22:01 UTC,2022-07-31 21:49:13 UTC,needs_id,Field ID,1,0,false,Auckland CBD,-36.850506,174.770743,3,,,3,,false,,,Staubfrüchtiges Sternlebermoos,Riccia,Crystalworts,Plantae,53014
46191094,e206e77d-afd1-4c2f-9115-26d5d67be481,2020-05-17,2020-05-17,,Auckland,2020-05-17 05:25:54 UTC,2024-09-09 19:59:30 UTC,research,"Field ID, gemmae cups",2,0,false,Auckland CBD,-36.852085,174.771067,5,,,5,,false,,,common liverwort,Marchantia polymorpha,Common Liverwort,Plantae,56406
48077107,f951d3fe-ad5c-48c8-bf92-c0a5556b9643,2020-06-01,2020-06-01,,Auckland,2020-06-01 02:18:51 UTC,2020-06-01 02:21:54 UTC,casual,Field ID,0,0,true,Auckland CBD,-36.851422,174.770691,6,,,6,,false,,,Brush Bloodwood,Baloghia inophylla,brush bloodwood,Plantae,369778
50220332,5b3edd72-5a53-4403-b6d1-38deee9eb630,2020-06-20,2020-06-20,,Auckland,2020-06-20 02:19:53 UTC,2023-02-20 05:50:25 UTC,casual,"Field ID, rock garden",1,0,true,Auckland CBD,-36.848914,174.770282,5,,,5,,false,,,Pamianthe peruviana,Pamianthe peruviana,,Plantae,431403
50222225,54e4b2c4-3d13-49cb-884d-16624ef7b020,2020-06-20,2020-06-20,,Auckland,2020-06-20 02:45:27 UTC,2022-11-06 23:24:10 UTC,casual,"Field ID, prostrate",0,0,true,Auckland CBD,-36.852066,174.771193,5,,,5,,false,,,Dwergmispel,Cotoneaster dammeri,Bearberry Cotoneaster,Plantae,160946
51055835,e7482e6a-1d09-4da0-89d9-7a9b71a85a1c,2020-06-27,2020-06-27,,Auckland,2020-06-27 02:54:21 UTC,2023-02-20 00:36:25 UTC,casual,Shrub,3,0,true,"Auckland, New Zealand",-36.855314,174.768017,4,,,4,,false,,,Metrosideros nervulosa,Metrosideros nervulosa,,Plantae,538129
51059394,80cd2e47-b56d-41ed-8207-551dc0aefcf6,2020-06-27,2020-06-27,,Auckland,2020-06-27 03:45:03 UTC,2020-06-27 03:48:46 UTC,casual,Shrub,0,0,true,"Grafton, Auckland",-36.855385,174.767947,5,,,5,,false,,,Bush Allamanda,Allamanda schottii,Bush Allamanda,Plantae,327732
51059884,4bd5ac39-7904-4d0f-9600-693173c628e5,2020-06-27,2020-06-27,,Auckland,2020-06-27 03:52:13 UTC,2020-07-22 03:45:53 UTC,casual,Shrub,1,0,true,"Grafton, Auckland",-36.85554,174.76813,,,,,,false,,,butcher's-broom,Ruscus aculeatus,butcher's-broom,Plantae,82904
51654216,df7d3364-7866-415b-8ed9-d79eb947d9a8,2020-07-02,2020-07-02,,Auckland,2020-07-02 02:09:53 UTC,2020-07-02 03:25:07 UTC,needs_id,"",1,0,false,Auckland CBD,-36.849412,174.769676,4,,,4,,false,,,Crystalworts,Riccia,Crystalworts,Plantae,53014
51655045,bd0027d3-1207-43aa-8080-077c11d59bb5,2020-07-02,2020-07-02,,Auckland,2020-07-02 02:19:12 UTC,2020-07-02 02:28:25 UTC,casual,"",0,0,true,Auckland CBD,-36.849721,174.771462,3,,,3,,false,,,Coffee,Coffea arabica,Coffee,Plantae,64342
51655058,57cb18b9-9822-41a2-b61f-a932d36dd0c6,2020-07-02,2020-07-02,,Auckland,2020-07-02 02:19:28 UTC,2020-09-08 08:18:38 UTC,casual,Sporangia,0,0,true,Auckland CBD,-36.849521,174.770247,2,,,2,,false,,,Sphaeropteris excelsa,Sphaeropteris excelsa,Norfolk tree fern,Plantae,1105429
51762722,a0c5bcf6-3cc7-4beb-a5b3-bcd4b27f2b6d,2020-07-03,2020-07-03,,Auckland,2020-07-03 03:13:38 UTC,2020-07-03 07:29:44 UTC,casual,"",0,0,true,Auckland CBD,-36.850837,174.768969,2,,,2,open,false,,,Elingamita johnsonii,Elingamita johnsonii,,Plantae,183570
51764018,c3b44881-eb4a-49b2-8ad4-d92aaae44707,2020-07-03,2020-07-03,,Auckland,2020-07-03 03:36:08 UTC,2020-07-03 03:41:51 UTC,casual,"",0,0,true,Auckland CBD,-36.849974,174.771494,8,,,8,,false,,,Tecoma,Tecoma,,Plantae,48376
52761848,44d10e00-0390-4bd0-982c-684ed7153c8f,2020-07-12,2020-07-12,,Auckland,2020-07-12 03:39:00 UTC,2020-07-12 03:42:06 UTC,casual,"",0,0,true,Auckland CBD,-36.84967,174.769662,3,,,3,,false,,,Blunt-lobe Spicebush,Lindera obtusiloba,Blunt-lobe spicebush,Plantae,448339
52762719,46ef0184-eda2-466e-906b-3a017122022d,2020-07-12,2020-07-12,,Auckland,2020-07-12 03:54:48 UTC,2023-07-04 10:05:52 UTC,casual,"",0,1,true,Auckland CBD,-36.850953,174.772562,5,,,5,,false,,,Lindera aggregata,Lindera aggregata,,Plantae,604749
52764876,4804048a-751e-4407-8924-5340e661adfb,2020-07-12,2020-07-12,,Auckland,2020-07-12 04:29:56 UTC,2020-07-12 11:05:55 UTC,casual,"",0,0,true,Auckland CBD,-36.852443,174.772086,5,,,5,,false,,,Cissus alata,Cissus alata,grape ivy,Plantae,577810
52766080,dc1a2adb-100b-421d-a242-ec4b1bf504fe,2020-07-12,2020-07-12,,Auckland,2020-07-12 04:50:23 UTC,2020-07-12 04:59:46 UTC,casual,"Leafless, tree",0,0,true,Auckland CBD,-36.852312,174.771658,,,,,,false,,,West Indies Cedrela,Cedrela odorata,West Indies Cedrela,Plantae,62833
52766918,6585d4b3-21b0-4f01-b675-00aafc17e360,2020-07-12,2020-07-12,,Auckland,2020-07-12 05:06:54 UTC,2020-07-12 05:09:41 UTC,casual,"Leafless, tree",0,0,true,Auckland CBD,-36.852209,174.770752,5,,,5,,false,,,Dove tree,Davidia involucrata,Dove tree,Plantae,128506
53326847,6eb31650-2747-4464-ba55-e2c80697ab90,2020-07-17,2020-07-17,,Auckland,2020-07-17 02:28:58 UTC,2021-03-30 20:28:10 UTC,casual,"",1,0,true,Auckland CBD,-36.852269,174.770762,6,,,6,open,false,,,Chinese Evergreen Magnolia,Magnolia delavayi,Chinese Evergreen Magnolia,Plantae,431251
53327369,e36a4c32-61c9-4fe1-9171-c439350b846c,2020-07-17,2020-07-17,,Auckland,2020-07-17 02:36:43 UTC,2020-07-17 02:39:08 UTC,casual,"Leafless, tree",0,0,true,Auckland CBD,-36.852256,174.770698,4,,,4,,false,,,Stewartia monadelpha,Stewartia monadelpha,Tall Stewartia,Plantae,452251
53443141,4f329dea-89aa-4a02-90a6-d3bb8a8d5553,2020-07-18,2020-07-18,,Auckland,2020-07-18 05:38:03 UTC,2020-07-18 05:51:07 UTC,casual,"",0,0,true,Auckland CBD,-36.8488,174.769912,5,,,5,,false,,,Swamp Dog-laurel,Leucothoe axillaris,Swamp Dog-laurel,Plantae,127488
53443156,f50818e3-733d-4c69-b43a-d1e582ab9699,2020-07-18,2020-07-18,,Auckland,2020-07-18 05:38:47 UTC,2024-11-22 16:48:00 UTC,casual,"",0,0,true,Auckland CBD,-36.8488,174.769912,5,,,5,,false,,,Cinnamomum,Lauraceae,laurels,Plantae,48809
53444566,67590262-b078-4006-a7cc-6687f3a44800,2020-07-18,2020-07-18,,Auckland,2020-07-18 06:11:32 UTC,2024-02-20 19:31:30 UTC,casual,"",1,0,true,Auckland CBD,-36.849004,174.770633,13,,,13,,false,,,Three Kings milk tree,Paratrophis smithii,Three Kings milk tree,Plantae,407146
53562537,7411373e-4f3a-428e-b38c-91711c85d976,2020-07-19,2020-07-19,,Auckland,2020-07-19 04:51:59 UTC,2020-07-19 04:54:16 UTC,casual,"",0,0,true,Auckland CBD,-36.8507,174.769239,3,,,3,open,false,,,Perching Kohukohu,Pittosporum cornifolium,Tāwhirikaro,Plantae,407617
53563452,56110f7e-4064-4aa0-8e18-cd737afbf3f2,2020-07-19,2020-07-19,,Auckland,2020-07-19 05:08:54 UTC,2020-07-19 05:11:30 UTC,casual,"",0,0,true,Auckland CBD,-36.849718,174.769593,4,,,4,,false,,,Legumes,Fabaceae,Legumes,Plantae,47122
53564162,6f540c5a-01ff-4485-9164-2c3a832b44db,2020-07-19,2020-07-19,,Auckland,2020-07-19 05:24:51 UTC,2024-11-11 17:34:01 UTC,casual,"",0,0,true,Auckland Central,-36.851706,174.773275,1,,,1,open,false,,,Kei Apple,Dovyalis afra,Kei-apple,Plantae,1588182
55205033,57b3ae9b-1cfc-437b-afaa-c1edb80b24da,2020-08-03,2020-08-03,,Auckland,2020-08-02 21:09:18 UTC,2020-08-02 21:14:24 UTC,casual,"",0,0,true,Auckland CBD,-36.850279,174.769874,4,,,4,,false,,,Easter Lily Vine,Beaumontia grandiflora,Easter lily vine,Plantae,428002
55206155,e5c255fa-374a-4064-b226-219c5973fba8,2020-08-03,2020-08-03,,Auckland,2020-08-02 21:19:38 UTC,2020-08-02 21:20:52 UTC,casual,"",0,0,true,Auckland CBD,-36.849695,174.769756,4,,,4,,false,,,Alocasia cucullata,Alocasia cucullata,Buddha's Hand Taro,Plantae,69232
55206604,c07ed5ac-0971-45b1-b68d-7a0d83887752,2020-08-03,2020-08-03,,Auckland,2020-08-02 21:23:32 UTC,2020-08-02 21:26:39 UTC,casual,"Leafless, shrub",0,0,true,Auckland CBD,-36.849665,174.769692,9,,,9,,false,,,Blunt-lobe Spicebush,Lindera obtusiloba,Blunt-lobe spicebush,Plantae,448339
55766012,5b30153a-d2e6-4557-889d-be4123206131,2020-08-08,2020-08-08,,Auckland,2020-08-08 04:31:19 UTC,2020-09-20 02:20:17 UTC,casual,"Law School, shrub",0,0,true,Auckland CBD,-36.848385,174.771352,3,,,3,,false,,,anises,Illicium,anises,Plantae,122999
56490823,03966794-1b41-4fab-ae93-27fc26f36d6f,2020/08/06 1:47 PM NZST,2020-08-06,2020-08-06 01:47:00 UTC,Auckland,2020-08-15 08:00:44 UTC,2020-08-15 08:00:44 UTC,casual,"",0,0,true,"Auckland CBD, Auckland, New Zealand",-36.849464276,174.7699363252,52,,,52,,false,,,Boneseed Daisies,Osteospermum,boneseed daisies,Plantae,61400
56554458,51939db9-0110-45b2-8e6a-df6be398e8b2,Mon Mar 04 2019 14:19:28 GMT-0800 (PST),2019-03-04,2019-03-04 22:19:28 UTC,Pacific Time (US & Canada),2020-08-15 20:05:59 UTC,2023-01-27 22:07:20 UTC,casual,"",0,0,true,"Universidad de Auckland, Auckland, Auckland, NZ",-36.8541333333,174.7692716667,,,,,,false,,,,Bromeliaceae,Bromeliads,Plantae,49570
58207117,b8513fa1-7124-4753-8081-e29fac2dba60,2020-09-01,2020-09-01,,Auckland,2020-09-01 01:26:15 UTC,2020-09-01 01:30:44 UTC,casual,"",0,0,true,"Tamaki Ecological District, New Zealand",-36.85262,174.77096,3,,,3,,false,,,Witch Hazels,Hamamelis,witch-hazels,Plantae,51971
58207815,634846bd-f18f-4312-b701-95dd2959bffe,2020-09-01,2020-09-01,,Auckland,2020-09-01 01:35:57 UTC,2020-09-01 01:38:50 UTC,casual,"",0,0,true,"Tamaki Ecological District, New Zealand",-36.852192,174.771722,12,,,12,,false,,,Pink Rock Orchid,Dendrobium kingianum,pink rock orchid,Plantae,83578
58208222,813de3c1-33f3-409f-adf2-26cb6eb9a192,2020-09-01,2020-09-01,,Auckland,2020-09-01 01:41:45 UTC,2020-09-01 01:54:55 UTC,casual,"",0,0,true,"Tamaki Ecological District, New Zealand",-36.850978,174.772505,4,,,4,,false,,,Echium simplex,Echium simplex,Tower of Jewels,Plantae,153048
58208778,b259e75f-16cc-4285-91c6-ac1d4fbcb9d8,2020-09-01,2020-09-01,,Auckland,2020-09-01 01:47:47 UTC,2020-09-01 01:52:53 UTC,casual,"",0,0,true,"Tamaki Ecological District, New Zealand",-36.850978,174.772505,4,,,4,,false,,,Lesser Periwinkle,Vinca minor,lesser periwinkle,Plantae,55844
58209598,61ae8f06-8845-4402-8278-9814a70828a4,2020-09-01,2020-09-01,,Auckland,2020-09-01 02:00:27 UTC,2020-09-01 02:03:56 UTC,casual,Syconia,0,0,true,"Tamaki Ecological District, New Zealand",-36.850941,174.772395,5,,,5,,false,,,Mistletoe Fig,Ficus deltoidea,Mistletoe Fig,Plantae,344879
58472619,f06b01a8-164e-4c46-b812-11ed694f7063,2020-09-04,2020-09-04,,Auckland,2020-09-04 01:51:48 UTC,2020-09-04 09:08:21 UTC,casual,"",1,0,true,"Tamaki Ecological District, New Zealand",-36.851749,174.77106,4,,,4,,false,,,Mairehau,Leionema nudum,Mairehau,Plantae,380862
58473316,db1f7fea-b69a-4e22-820e-722840de4edc,2020-09-04,2020-09-04,,Auckland,2020-09-04 02:00:43 UTC,2020-09-04 03:18:24 UTC,casual,"",0,0,true,"Tamaki Ecological District, New Zealand",-36.85158,174.771495,6,,,6,,false,,,Queensland Silver Wattle,Acacia podalyriifolia,Queensland silver wattle,Plantae,75252
58474757,03a5867f-2487-429e-8e3c-cb15f606c4d0,2020-09-04,2020-09-04,,Auckland,2020-09-04 02:22:20 UTC,2020-09-04 02:24:27 UTC,casual,"",0,0,true,"Tamaki Ecological District, New Zealand",-36.849969,174.771432,14,,,14,,false,,,Florida Anise,Illicium floridanum,Florida Anise,Plantae,164050
58475255,89bcaec0-ef65-408a-a556-7f6bed5346d9,2020-09-04,2020-09-04,,Auckland,2020-09-04 02:33:07 UTC,2025-05-18 18:09:51 UTC,casual,Bud break,1,0,true,"Tamaki Ecological District, New Zealand",-36.849673,174.770482,2,,,2,open,false,,,koyamaki,Sciadopitys verticillata,koyamaki,Plantae,129057
58475516,4126a409-93dd-439c-9e5a-f54990c13570,2020-09-04,2020-09-04,,Auckland,2020-09-04 02:37:55 UTC,2020-09-04 02:42:24 UTC,casual,Rock garden,0,0,true,"Tamaki Ecological District, New Zealand",-36.84905,174.770289,5,,,5,,false,,,Cape Tulips,Moraea,Cape Tulips,Plantae,82937
58564255,06995886-8e1f-49a5-a703-21327e9508da,2020-09-05,2020-09-05,,Auckland,2020-09-05 01:32:59 UTC,2021-08-09 05:15:47 UTC,casual,"",0,0,true,"Auckland, New Zealand",-36.849677,174.769672,8,,,8,,false,,,Coastal Mahoe,Melicytus novae-zelandiae,Coastal Māhoe,Plantae,409502
58565699,09c8c842-ba95-4201-bab6-f847f4d4bb08,2020-09-05,2020-09-05,,Auckland,2020-09-05 01:54:03 UTC,2020-09-05 01:56:45 UTC,casual,"",0,0,true,"Tamaki Ecological District, New Zealand",-36.849634,174.769887,13,,,13,,false,,,Wattles,Acacia,wattles,Plantae,47452
58565776,d76b0e58-c517-400a-9d84-54f9b65f0f18,2020-09-05,2020-09-05,,Auckland,2020-09-05 01:55:08 UTC,2020-09-05 02:24:47 UTC,casual,"",0,0,true,"Tamaki Ecological District, New Zealand",-36.850377,174.769694,5,,,5,,false,,,Eutaxia myrtifolia,Eutaxia myrtifolia,Egg and Bacon Plant,Plantae,712809
58566806,16078057-fddc-47c6-8bf5-ca5d1e89aacd,2020-09-05,2020-09-05,,Auckland,2020-09-05 02:10:13 UTC,2020-09-05 02:37:54 UTC,casual,"",0,0,true,"Tamaki Ecological District, New Zealand",-36.850196,174.770558,5,,,5,open,false,,,Pittosporum fairchildii,Pittosporum fairchildii,,Plantae,404905
58567601,c155a9da-e0e3-4d5f-9b9e-5ddc51fc997c,2020-09-05,2020-09-05,,Auckland,2020-09-05 02:20:11 UTC,2020-09-07 09:00:38 UTC,casual,"",1,0,true,"Tamaki Ecological District, New Zealand",-36.850372,174.770702,4,,,4,open,false,,,Bowenia serrulata,Bowenia serrulata,byfield fern,Plantae,136281
58568116,7126a733-d18f-4c33-b14f-691b2c01e9b7,2020-09-05,2020-09-05,,Auckland,2020-09-05 02:27:55 UTC,2020-09-05 02:27:58 UTC,casual,"",0,0,true,"Tamaki Ecological District, New Zealand",-36.850928,174.770327,5,,,5,,false,,,Viper's-Buglosses,Echium,Viper's-buglosses,Plantae,56175
59187420,c41155a7-1fa2-464f-8735-cc96c233b4dd,2020-09-11,2020-09-11,,Auckland,2020-09-11 02:17:57 UTC,2020-09-11 02:23:02 UTC,casual,"",0,0,true,"Tamaki Ecological District, New Zealand",-36.848808,174.769943,2,,,2,,false,,,Swamp Dog-Laurel,Leucothoe axillaris,Swamp Dog-laurel,Plantae,127488
59188140,e3dd3f66-62b0-44a1-8872-d1268307e0b1,2020-09-11,2020-09-11,,Auckland,2020-09-11 02:27:20 UTC,2024-11-22 16:48:00 UTC,casual,"",0,0,true,"Tamaki Ecological District, New Zealand",-36.848813,174.76999,2,,,2,,false,,,Cinnamomum,Lauraceae,laurels,Plantae,48809
59188820,f4339e88-50c7-44d3-9a49-28a61cf53154,2020-09-11,2020-09-11,,Auckland,2020-09-11 02:37:26 UTC,2020-09-11 09:42:14 UTC,casual,"",1,0,true,"Tamaki Ecological District, New Zealand",-36.851311,174.773168,2,,,2,open,false,,,Elingamita johnsonii,Elingamita johnsonii,,Plantae,183570
59189137,1ced2ca9-3557-4614-bce6-5dd8c4daa631,2020-09-11,2020-09-11,,Auckland,2020-09-11 02:42:02 UTC,2020-09-11 09:41:54 UTC,casual,"",1,0,true,"Tamaki Ecological District, New Zealand",-36.851491,174.772599,3,,,3,,false,,,Kaikomako,Pennantia corymbosa,,Plantae,185249
59189253,e2deb713-2fe7-487c-a0b6-a2875133be4e,2020-09-11,2020-09-11,,Auckland,2020-09-11 02:43:57 UTC,2020-09-20 02:16:58 UTC,casual,"",0,0,true,"Tamaki Ecological District, New Zealand",-36.851414,174.772151,2,,,2,,false,,,anises,Illicium,anises,Plantae,122999
59278764,71cca3fb-89c3-4129-91b1-091ea53be75d,2020-09-12,2020-09-12,,Auckland,2020-09-12 01:44:54 UTC,2020-09-12 01:46:35 UTC,casual,Garden plant,0,0,true,"Tamaki Ecological District, New Zealand",-36.850993,174.772443,3,,,3,,false,,,Agapetes serpens,Agapetes serpens,,Plantae,411295
59279058,c1fff30e-3a08-44e3-b7db-8f88682cafc6,2020-09-12,2020-09-12,,Auckland,2020-09-12 01:49:30 UTC,2023-07-04 10:04:56 UTC,casual,Garden plant,0,0,true,"Tamaki Ecological District, New Zealand",-36.850922,174.772505,5,,,5,,false,,,Lindera aggregata,Lindera aggregata,,Plantae,604749
59279481,2dcdc831-232e-4b09-becd-426e1d889141,2020-09-12,2020-09-12,,Auckland,2020-09-12 01:55:21 UTC,2020-09-12 02:02:35 UTC,casual,"Garden plant, leafless, tree",0,0,true,"Tamaki Ecological District, New Zealand",-36.852267,174.770783,4,,,4,,false,,,Dove Tree,Davidia involucrata,Dove tree,Plantae,128506
60018945,5316d607-43c6-4b42-bfed-f0fd93f92438,2020/09/18 9:42 AM NZST,2020-09-18,2020-09-17 21:42:00 UTC,Wellington,2020-09-18 22:57:33 UTC,2020-10-14 23:12:20 UTC,casual,"",2,0,true,"SECnr of BioBldng, AKLUni, 3SymondsSt",-36.8512811596,174.7708756368,4,,,4,,false,,,crimson rata,Metrosideros carminea,crimson rātā,Plantae,403885
60145779,eb11a7b3-db4d-4478-8578-c321622952d3,2020-09-20,2020-09-20,,Auckland,2020-09-20 02:09:30 UTC,2020-09-20 02:19:00 UTC,casual,Amenity planting,0,0,true,"Tamaki Ecological District, New Zealand",-36.848372,174.771352,4,,,4,,false,,,Anises,Illicium,anises,Plantae,122999
60147096,755e800e-728d-42cb-8efe-466689073b5f,2020-09-20,2020-09-20,,Auckland,2020-09-20 02:28:36 UTC,2020-12-17 05:28:45 UTC,casual,Amenity planting,0,0,true,"Tamaki Ecological District, New Zealand",-36.848668,174.771819,3,,,3,,false,,,Jaboticaba tree,Plinia cauliflora,Jaboticaba,Plantae,84779
60149380,e216d0bd-d74f-480b-b164-764cd4d3895a,2020-09-20,2020-09-20,,Auckland,2020-09-20 02:58:02 UTC,2020-09-20 07:10:04 UTC,casual,Amenity planting,1,0,true,"Tamaki Ecological District, New Zealand",-36.850437,174.770719,6,,,6,open,false,,,Zamia furfuracea,Zamia furfuracea,cardboard cycad,Plantae,135559
60149898,dca50a0e-b5ff-4a2f-a5d1-10d987757bc9,2020-09-20,2020-09-20,,Auckland,2020-09-20 03:04:42 UTC,2020-09-20 03:08:15 UTC,casual,Amenity planting,0,0,true,"Tamaki Ecological District, New Zealand",-36.850424,174.770665,5,,,5,open,false,,,Macrozamia mountperriensis,Macrozamia mountperriensis,,Plantae,135850
60150697,f16dd793-82f4-4ba9-826b-8d270aae1bd3,2020-09-20,2020-09-20,,Auckland,2020-09-20 03:14:14 UTC,2020-09-20 03:14:58 UTC,casual,Amenity planting,0,0,true,"Tamaki Ecological District, New Zealand",-36.850377,174.771834,4,,,4,,false,,,Purple Gromwell,Glandora diffusa,purple gromwell,Plantae,708344
60172217,1988aa41-62b2-425c-ab26-6b3248bc92ca,2020-09-20,2020-09-20,,Auckland,2020-09-20 10:57:23 UTC,2020-09-20 10:59:03 UTC,casual,"Amenity planting, Pennantiabaylisiana",0,0,true,"Tamaki Ecological District, New Zealand",-36.848346,174.771355,2,,,2,,false,,,Pennantia,Pennantia,,Plantae,185246
60274244,b6f99fb1-bd4e-482b-87ea-19c9419070d5,2020-09-21,2020-09-21,,Auckland,2020-09-21 01:30:35 UTC,2023-04-26 10:20:38 UTC,casual,Amenity planting,0,0,true,"Auckland, New Zealand",-36.848353,174.771382,2,,,2,open,false,,,Native Tamarind,Diploglottis australis,Australian tamarind,Plantae,533976
60274455,d7ccef03-f4cb-49d4-9fdf-8e35839a2a93,2020-09-21,2020-09-21,,Auckland,2020-09-21 01:32:48 UTC,2020-09-21 01:57:49 UTC,casual,Amenity planting,0,0,true,"Tamaki Ecological District, New Zealand",-36.848539,174.771733,1,,,1,,false,,,Pennantia endlicheri,Pennantia endlicheri,,Plantae,525027
60680336,9fbc56b8-6c59-4403-8362-d58b98cddf7b,2020-09-25,2020-09-25,,Auckland,2020-09-25 03:26:01 UTC,2024-02-20 21:52:35 UTC,casual,"",0,0,true,"Tamaki Ecological District, New Zealand",-36.850252,174.770606,6,,,6,,false,,,Three Kings milk tree,Paratrophis smithii,Three Kings milk tree,Plantae,407146
60787815,cd7abee5-3054-43cf-8c74-8409eb70f372,2020-09-26,2020-09-26,,Auckland,2020-09-26 03:28:38 UTC,2020-09-26 03:33:01 UTC,casual,"",0,0,true,"Tamaki Ecological District, New Zealand",-36.855283,174.767956,4,,,4,,false,,,Black Bean,Castanospermum australe,Black bean,Plantae,202155
60933797,408310be-af6b-4b23-b5f1-307af91d68f7,2020-09-27 3:40:57 PM GMT+13:00,2020-09-27,2020-09-27 02:40:57 UTC,Nuku'alofa,2020-09-27 07:30:06 UTC,2024-10-18 18:14:10 UTC,casual,"",1,0,true,"Auckland CBD, Auckland, New Zealand",-36.8498649444,174.7699825278,,,,,,false,gps,gps,common bird-of-paradise flower,Strelitzia reginae,common bird-of-paradise flower,Plantae,49143
61255554,4c915d3b-afc8-47eb-9829-beaebfa88e3c,2020-08-05 12:24:25 PM GMT+12:00,2020-08-05,2020-08-05 00:24:25 UTC,Auckland,2020-09-29 22:48:55 UTC,2020-12-03 02:12:12 UTC,casual,"",1,0,true,University Of Auckland/Te Whare Wānanga o Tāmaki Makaurau - Clock Tower,-36.8502251678,174.769127816,191,,,191,open,false,gps,gps,Pukanui,Meryta sinclairii,Pukanui,Plantae,403874
61632298,f46ef05b-6883-4ba2-a829-f705ab836d85,2020-10-04,2020-10-04,,Auckland,2020-10-04 01:38:12 UTC,2020-10-04 01:47:21 UTC,casual,"",0,0,true,"Tamaki Ecological District, New Zealand",-36.849042,174.770277,7,,,7,,false,,,Stars,Pauridia capensis,Stars,Plantae,508464
61632389,01610eb9-f219-4240-a2eb-36db53ac3311,2020-10-04,2020-10-04,,Auckland,2020-10-04 01:39:26 UTC,2021-03-31 20:27:06 UTC,casual,"",1,0,true,"Tamaki Ecological District, New Zealand",-36.849042,174.770277,7,,,7,,false,,,Pamianthe peruviana,Pamianthe peruviana,,Plantae,431403
62080327,881170d4-e784-4697-96fe-c4b69e14b9f1,2020-10-09,2020-10-09,,Auckland,2020-10-09 01:28:56 UTC,2020-10-09 01:29:28 UTC,casual,Pollen cones,0,0,true,"Tamaki Ecological District, New Zealand",-36.850184,174.769774,5,,,5,open,false,,,Common Yew,Taxus baccata,common yew,Plantae,47553
63191412,454e8f16-7a0b-49f4-9b2a-d652a91de03f,Thu Oct 22 2020 09:22:17 GMT+1300 (GMT+13),2020-10-22,2020-10-21 20:22:17 UTC,Nuku'alofa,2020-10-21 20:23:33 UTC,2024-12-31 06:20:27 UTC,needs_id,"",1,0,false,"Whitaker Place, Grafton, Auckland, NZ",-36.8558380763,174.7674029335,111,,,111,,false,,,plants,Plantae,Plants,Plantae,47126
63210883,ad25e34a-2c7d-435c-9b1a-54335e8e4be2,Thu Oct 22 2020 14:00:29 GMT+1300 (GMT+13),2020-10-22,2020-10-22 01:00:29 UTC,Nuku'alofa,2020-10-22 01:17:17 UTC,2021-05-01 22:04:30 UTC,needs_id,"",0,0,false,"University of Auckland, Auckland, Auckland, NZ",-36.85135,174.7715133333,65,,,65,,false,,,black tree fern,Cyathea medullaris,mamaku,Plantae,333797
63292897,9b0214d0-e97e-4424-8391-765090df88cc,2020-10-23,2020-10-23,,Auckland,2020-10-23 02:54:50 UTC,2020-10-23 05:56:37 UTC,research,Field ID,1,0,false,"Tamaki Ecological District, New Zealand",-36.84905,174.770252,6,,,6,,false,,,Orange Bird's-foot,Ornithopus pinnatus,Orange Bird's-foot,Plantae,78283
63293057,9093684a-244e-4188-a28f-3297223d7121,2020-10-23,2020-10-23,,Auckland,2020-10-23 02:59:53 UTC,2024-07-16 21:45:29 UTC,casual,Field ID,1,0,true,"Tamaki Ecological District, New Zealand",-36.84905,174.770252,6,,,6,,false,,,Jovellana violacea,Jovellana violacea,,Plantae,513928
63595532,caeb688c-74e7-48b2-bd36-575611589ae5,2020-10-27 10:17:42 AM GMT+13:00,2020-10-27,2020-10-26 21:17:42 UTC,Nuku'alofa,2020-10-26 21:35:55 UTC,2020-10-27 00:40:36 UTC,research,"",2,0,false,"Auckland CBD, Auckland, New Zealand",-36.8511775,174.7705134,16,,,16,,false,,,common ivy,Hedera helix,common ivy,Plantae,55882
63595568,bbe17058-593a-47a1-9162-cdd6bff975b8,2020-10-27 10:36:07 AM GMT+13:00,2020-10-27,2020-10-26 21:36:07 UTC,Nuku'alofa,2020-10-26 21:36:47 UTC,2023-04-22 10:53:33 UTC,casual,"",1,0,true,"Auckland CBD, Auckland, New Zealand",-36.8508211202,174.770093119,16,,,16,,false,,,Kleinia amaniensis,Kleinia amaniensis,,Plantae,1164127
63805787,17f7c865-2ef8-4680-9f7c-8043a6c9e503,Fri Oct 30 2020 18:23:29 GMT+1300 (GMT+13),2020-10-30,2020-10-30 05:23:29 UTC,Nuku'alofa,2020-10-30 05:24:30 UTC,2026-04-16 03:51:57 UTC,needs_id,"",3,0,false,"University of Auckland, Auckland, Auckland, NZ",-36.8495728702,174.7702012113,44,,,44,,false,,,Joint-toothed Mosses,Bryopsida,Joint-toothed Mosses,Plantae,48372
63806194,e2245f9e-dece-4969-9928-a4535578e282,Fri Oct 30 2020 18:42:32 GMT+1300 (GMT+13),2020-10-30,2020-10-30 05:42:32 UTC,Nuku'alofa,2020-10-30 05:43:10 UTC,2020-10-30 05:53:33 UTC,casual,"",0,0,true,"University of Auckland, Auckland, Auckland, NZ",-36.8502381156,174.7706944391,40,,,40,,false,,,speedwells,Veronica stricta,Koromiko,Plantae,738800
64481215,969eb5b0-419e-475d-b636-93f38659bfce,2020-11-09 12:54:40 PM GMT+13:00,2020-11-09,2020-11-09 22:54:40 UTC,Hawaii,2020-11-08 23:57:15 UTC,2021-10-31 00:06:28 UTC,casual,"",1,0,true,"3 Symonds St, Auckland CBD, Auckland 1010, New Zealand",-36.8505596944,174.771283,,,,,,false,,,plants,Clematis,Clematis and leatherflowers,Plantae,49877
64571667,96716e95-1113-4c73-b297-58db14ee949d,2020-11-10,2020-11-10,,Auckland,2020-11-10 02:56:15 UTC,2022-02-13 19:48:27 UTC,research,Field ID,1,0,false,"Tamaki Ecological District, New Zealand",-36.849016,174.77008,4,,,4,,false,,,Potato Orchid,Gastrodia sesamoides,Cinnamon Bells,Plantae,337634
65240831,e2adcbde-914a-4635-ac7e-5d0a6b31c30d,2020-11-20 11:32:37 AM GMT+13:00,2020-11-20,2020-11-19 22:32:37 UTC,Nuku'alofa,2020-11-19 22:33:01 UTC,2023-06-28 04:05:49 UTC,research,"Field ID, in situ",1,0,false,"Auckland, New Zealand",-36.848999,174.770084,2,,,2,,false,,,Potato Orchid,Gastrodia sesamoides,Cinnamon Bells,Plantae,337634
65551593,b308aee8-98d3-491d-a23c-df62e4ba7bf0,2020-11-25 11:18:28 AM GMT+13:00,2020-11-25,2020-11-24 22:18:28 UTC,Auckland,2020-11-24 22:18:54 UTC,2021-01-24 03:41:36 UTC,casual,"Field ID, GPS, in situ",1,0,true,"Auckland, New Zealand",-36.849245,174.7702116667,4,,,4,,false,,,kurrajong,Brachychiton populneus,kurrajong,Plantae,349248
65718351,aa47e0b8-2f7e-4801-a28a-43085415003a,2020-11-28 12:10:48 PM GMT+13:00,2020-11-28,2020-11-27 23:10:48 UTC,Auckland,2020-11-27 23:10:55 UTC,2023-03-24 21:12:01 UTC,casual,"Field ID, GPS, in situ",2,0,true,"Auckland, New Zealand",-36.850875,174.7724366667,4,,,4,,false,,,Asian jumpseed,Persicaria filiformis,Asian jumpseed,Plantae,914942
65767680,8898f5ee-bd3d-4b6b-8956-3cf4c8f6686c,Sun Nov 29 2020 08:41:04 GMT+1300 (GMT+13),2020-11-29,2020-11-28 19:41:04 UTC,Nuku'alofa,2020-11-28 19:42:07 UTC,2021-02-18 20:46:40 UTC,casual,"",3,1,true,"奥克兰大学, 奥克兰, 奥克兰, NZ",-36.8533904917,174.7684551001,65,,,65,,false,,,London Plane,Platanus × hispanica,London Plane,Plantae,552449
65770820,0c9678f6-80b3-42cd-be5c-d03b7b750917,2020-11-29 9:29:49 am GMT+13:00,2020-11-29,2020-11-28 20:29:49 UTC,Nuku'alofa,2020-11-28 20:33:17 UTC,2025-02-26 06:02:58 UTC,casual,"",2,0,true,"22 Symonds Street, Auckland CBD, Auckland 1010, New Zealand",-36.85332186,174.76939561,9,,,9,,false,,,Mountain flax,Phormium cookianum,Wharariki,Plantae,129178
65770872,679a7646-981e-4373-87bd-653cf31f4fba,2020-11-29 9:27:46 AM GMT+13:00,2020-11-29,2020-11-28 20:27:46 UTC,Nuku'alofa,2020-11-28 20:34:19 UTC,2022-10-10 08:17:45 UTC,casual,"",2,0,true,"Auckland CBD, Auckland, New Zealand",-36.8529566238,174.7688909434,10,,,10,,false,,,Mountain flax,Phormium cookianum,Wharariki,Plantae,129178
65771109,27a21e98-4807-433b-a635-c50f219bdee9,Sun Nov 29 2020 09:37:42 GMT+1300 (GMT+13),2020-11-29,2020-11-28 20:37:42 UTC,Nuku'alofa,2020-11-28 20:38:09 UTC,2025-02-09 13:10:42 UTC,needs_id,"",3,0,false,"Symonds Street, 奥克兰, 奥克兰, NZ",-36.8531476287,174.7690852614,4,,,4,,false,,,grasses,Poaceae,Grasses,Plantae,47434
65771129,9650c66b-7b84-4be3-9f69-ea558fe70c7a,2020-11-29 9:36:00 AM GMT+13:00,2020-11-29,2020-11-28 20:36:00 UTC,Nuku'alofa,2020-11-28 20:38:42 UTC,2022-10-10 08:17:45 UTC,research,"",1,0,false,"Auckland CBD, Auckland, New Zealand",-36.8534472585,174.7693780158,9,,,9,,false,,,panic veldtgrass,Ehrharta erecta,Veldt grass,Plantae,64140
65771496,ef8bf91b-fd16-4340-9140-27eba4c2b1a0,2020-11-29 9:44:36 AM GMT+13:00,2020-11-29,2020-11-28 20:44:36 UTC,Nuku'alofa,2020-11-28 20:45:12 UTC,2022-10-10 08:17:45 UTC,needs_id,"",3,0,false,"Auckland CBD, Auckland, New Zealand",-36.8527542846,174.769649338,8,,,8,,false,,,Fleabanes and Horseweeds,Erigeron,fleabanes and horseweeds,Plantae,50879
65771565,76cd7d20-0d28-47f4-bafe-1423fa8af649,2020-11-29 9:45:40 AM GMT+13:00,2020-11-29,2020-11-28 20:45:40 UTC,Nuku'alofa,2020-11-28 20:46:29 UTC,2025-06-25 02:01:14 UTC,research,"",2,1,false,"Opp 8 Grafton Rd, Auckland CBD, Auckland 1010, New Zealand",-36.8527720962,174.7698210832,9,,,9,,false,,,rattail sixweeks grass,Festuca myuros,rattail sixweeks grass,Plantae,77140
65771576,e2b15c50-b4f8-4eca-8f2c-e6e12822dfae,2020-11-29 9:43:59 AM GMT+13:00,2020-11-29,2020-11-28 20:43:59 UTC,Nuku'alofa,2020-11-28 20:46:34 UTC,2020-11-28 20:57:48 UTC,casual,"",1,0,true,"Auckland CBD, Auckland, New Zealand",-36.8530699052,174.7696129605,10,,,10,,false,,,Coprosma,Coprosma × kirkii,,Plantae,411143
65771589,628f17ca-face-4d8d-8e73-cb894f49cf45,2020-11-29 9:36:40 am GMT+13:00,2020-11-29,2020-11-28 20:36:40 UTC,Nuku'alofa,2020-11-28 20:46:51 UTC,2025-02-26 06:02:58 UTC,research,"",1,0,false,"22 Symonds Street, Auckland CBD, Auckland 1010, New Zealand",-36.85337794,174.7695727,10,,,10,,false,,,tropical horseweed,Erigeron sumatrensis,tropical horseweed,Plantae,76943
65771750,34552743-f408-4f30-b96b-4ff82a4e43be,2020-11-29 9:47:17 am GMT+13:00,2020-11-29,2020-11-28 20:47:17 UTC,Nuku'alofa,2020-11-28 20:48:20 UTC,2025-02-26 06:02:58 UTC,needs_id,"",0,0,false,"20 Symonds Street, Auckland CBD, Auckland 1010, New Zealand",-36.85259657,174.76957623,9,,,9,,false,,,Little-Robin,Geranium,geraniums and cranesbills,Plantae,47701
65771830,4d02d546-695e-42ff-b56f-ef849e7cb4f0,2020-11-29 9:40:25 AM GMT+13:00,2020-11-29,2020-11-28 20:40:25 UTC,Nuku'alofa,2020-11-28 20:49:51 UTC,2020-11-28 21:01:36 UTC,casual,"",0,0,true,"Auckland CBD, Auckland, New Zealand",-36.85305,174.76952,10,,,10,,false,,,,Phormium cookianum,Wharariki,Plantae,129178
65771888,d1ff414e-8fef-4b1c-b4ce-0d4cabdbf453,2020-11-29 9:48:41 AM GMT+13:00,2020-11-29,2020-11-28 20:48:41 UTC,Nuku'alofa,2020-11-28 20:50:31 UTC,2020-11-28 20:50:50 UTC,casual,"",0,0,true,"Auckland CBD, Auckland, New Zealand",-36.8524639774,174.7695702966,9,,,9,,false,,,Jointed rush,Apodasmia similis,Jointed rush,Plantae,380700
65771913,b465f074-7be1-447b-8ce4-6a130e63c889,2020-11-29 9:32:16 AM GMT+13:00,2020-11-29,2020-11-28 20:32:16 UTC,Nuku'alofa,2020-11-28 20:50:59 UTC,2020-12-01 08:15:18 UTC,casual,"",2,0,true,"Auckland CBD, Auckland, New Zealand",-36.8531183526,174.7690911032,21,,,21,,false,,,Mountain flax,Phormium cookianum,Wharariki,Plantae,129178
65771924,5e2f1036-aad3-4e7f-9ae8-59e8c0b0e2f1,2020-11-29 9:41:53 AM GMT+13:00,2020-11-29,2020-11-28 20:41:53 UTC,Nuku'alofa,2020-11-28 20:51:15 UTC,2020-11-28 21:00:42 UTC,casual,"",0,0,true,"Auckland CBD, Auckland, New Zealand",-36.8531566579,174.769405257,27,,,27,,false,,,,Platanus × hispanica,London Plane,Plantae,552449
65771946,ff7572f5-90e6-4163-a26d-ab7a3691c018,2020-11-29 9:44:17 AM GMT+13:00,2020-11-29,2020-11-28 20:44:17 UTC,Nuku'alofa,2020-11-28 20:51:32 UTC,2020-11-28 21:00:26 UTC,needs_id,"",1,0,false,"Auckland CBD, Auckland, New Zealand",-36.8525235,174.7695409,25,,,25,,false,,,Fleabanes and Horseweeds,Erigeron,fleabanes and horseweeds,Plantae,50879
65771970,c15c00bf-dec1-453e-8230-d6b636da7a19,2020-11-29 9:50:52 AM GMT+13:00,2020-11-29,2020-11-28 20:50:52 UTC,Nuku'alofa,2020-11-28 20:51:54 UTC,2020-11-28 21:00:10 UTC,casual,"",0,0,true,"Auckland CBD, Auckland, New Zealand",-36.8525216667,174.7694316667,8,,,8,,false,,,,Coprosma × kirkii,,Plantae,411143
65772165,bdf3301c-ec41-4a5c-bde5-a597ad55ef96,2020-11-29 9:51:11 AM GMT+13:00,2020-11-29,2020-11-28 20:51:11 UTC,Nuku'alofa,2020-11-28 20:55:04 UTC,2022-04-20 08:35:09 UTC,research,"",1,0,false,"Auckland CBD, Auckland, New Zealand",-36.8525179,174.7695124,17,,,17,,false,,,brome fescue,Festuca bromoides,brome fescue,Plantae,77136
65772290,d334665b-67d5-43e1-a8b0-74d798262b84,2020-11-29 9:53:21 AM GMT+13:00,2020-11-29,2020-11-28 20:53:21 UTC,Nuku'alofa,2020-11-28 20:56:19 UTC,2022-10-10 08:17:45 UTC,casual,"",0,0,true,"Auckland CBD, Auckland, New Zealand",-36.8521139072,174.7698723804,15,,,15,open,false,gps,gps,,Juncus effusus,Soft Rush,Plantae,56153
65772301,9b6a4f02-0e70-44ea-a4d7-2150e838c8ca,2020-11-29 9:55:38 AM GMT+13:00,2020-11-29,2020-11-28 20:55:38 UTC,Nuku'alofa,2020-11-28 20:56:34 UTC,2024-12-26 18:03:10 UTC,needs_id,"",0,0,false,"Opp 8 Grafton Rd, Auckland CBD, Auckland 1010, New Zealand",-36.8523025278,174.7698974444,,,,,,false,gps,gps,,Plantae,Plants,Plantae,47126
65772649,f6ac36c4-c88e-4287-b068-2233ef077adc,2020-11-29 9:58:33 AM GMT+13:00,2020-11-29,2020-11-28 20:58:33 UTC,Nuku'alofa,2020-11-28 21:02:21 UTC,2020-11-28 21:05:57 UTC,casual,"",0,0,true,"Auckland CBD, Auckland, New Zealand",-36.851105,174.7707933333,9,,,9,,false,,,,Hebe,Hebe,Plantae,939982
65772695,55f01312-2a94-4625-982c-291ec1c22c8a,2020-11-29 9:53:45 AM GMT+13:00,2020-11-29,2020-11-28 20:53:45 UTC,Nuku'alofa,2020-11-28 21:02:56 UTC,2024-12-04 17:58:55 UTC,casual,"",2,0,false,"Auckland CBD, Auckland, New Zealand",-36.8520933297,174.7698929999,9,,,9,,false,,,plants,Plantae,Plants,Plantae,47126
65772704,d63b23fb-ca0c-4ac0-b637-289667640c18,2020-11-29 9:58:30 AM GMT+13:00,2020-11-29,2020-11-28 20:58:30 UTC,Nuku'alofa,2020-11-28 21:03:02 UTC,2020-11-29 20:22:06 UTC,casual,"",0,0,true,"Auckland CBD, Auckland, New Zealand",-36.8514235,174.7706155,23,,,23,,false,,,smooth shadbush,Amelanchier laevis,smooth shadbush,Plantae,54814
65772916,422259bd-8d3a-46f1-9d0a-029b9324124c,2020-11-29 10:02:22 AM GMT+13:00,2020-11-29,2020-11-28 21:02:22 UTC,Nuku'alofa,2020-11-28 21:05:59 UTC,2020-11-28 21:16:10 UTC,casual,"",0,0,true,"Auckland CBD, Auckland, New Zealand",-36.8511233333,174.7708,9,,,9,,false,,,,Hedera,ivies,Plantae,55883
65772990,4cb50fef-b2b9-456d-90c5-b400c79a6de7,2020-11-29 9:45:22 AM GMT+13:00,2020-11-29,2020-11-28 20:45:22 UTC,Nuku'alofa,2020-11-28 21:07:24 UTC,2026-03-23 08:04:56 UTC,research,"",1,0,false,"Auckland CBD, Auckland, New Zealand",-36.8526432,174.769491,22,,,22,,false,,,Little-Robin,Geranium purpureum,Little-Robin,Plantae,57643
65773393,7f4b456d-622c-40f9-b7bf-9f73d222eb66,2020-11-29 10:12:07 AM GMT+13:00,2020-11-29,2020-11-28 21:12:07 UTC,Nuku'alofa,2020-11-28 21:13:14 UTC,2020-11-28 21:44:45 UTC,research,"",2,0,false,"Alfred St/University General Library, Auckland CBD, Auckland 1010, New Zealand",-36.8513125135,174.7699523438,24,,,24,,false,,,Ivy-leaved toadflax,Cymbalaria muralis,Ivy-leaved toadflax,Plantae,55727
65773491,d8ab0bb0-a774-4b0a-b003-e23b8f8e3949,2020-11-29 10:13:42 AM GMT+13:00,2020-11-29,2020-11-28 21:13:42 UTC,Nuku'alofa,2020-11-28 21:15:09 UTC,2022-10-10 08:17:45 UTC,needs_id,"",0,0,false,"Alfred St/University General Library, Auckland CBD, Auckland 1010, New Zealand",-36.8513083,174.7699285,15,,,15,,false,,,mosses,Bryophyta,Mosses,Plantae,311249
65773754,0d3b88b2-53c8-4244-b020-f584b9214b5f,2020-11-29 10:15:16 am GMT+13:00,2020-11-29,2020-11-28 21:15:16 UTC,Nuku'alofa,2020-11-28 21:19:48 UTC,2025-02-26 06:02:58 UTC,research,"",1,0,false,"3 Alfred Street, Auckland CBD, Auckland 1010, New Zealand",-36.85137591,174.76985744,9,,,9,,false,,,Ivy-leaved toadflax,Cymbalaria muralis,Ivy-leaved toadflax,Plantae,55727
65774250,23ad5a31-4e7e-4a93-9eda-fbdea3875e52,2020-11-29 10:28:01 AM GMT+13:00,2020-11-29,2020-11-28 21:28:01 UTC,Nuku'alofa,2020-11-28 21:28:34 UTC,2022-10-10 08:17:45 UTC,research,"",1,0,false,"Auckland CBD, Auckland, New Zealand",-36.8531502038,174.7695691232,10,,,10,,false,,,devil's beggarticks,Bidens frondosa,Common Beggarticks,Plantae,51712
65775439,f69011e6-3348-4275-9f8e-bad4cf9b0467,Sun Nov 29 2020 09:45:01 GMT+1300 (GMT+13),2020-11-29,2020-11-28 20:45:01 UTC,Nuku'alofa,2020-11-28 21:48:28 UTC,2021-01-22 19:57:28 UTC,casual,"",2,0,true,"Auckland, NZ",-36.8527101033,174.76949505,65,,,65,,false,,,Coprosma ×kirkii,Coprosma × kirkii,,Plantae,411143
65775451,b1317c5f-6993-4bee-bab3-8e637ac0d7d5,Sun Nov 29 2020 09:46:31 GMT+1300 (GMT+13),2020-11-29,2020-11-28 20:46:31 UTC,Nuku'alofa,2020-11-28 21:48:42 UTC,2021-01-22 19:57:52 UTC,casual,"",1,0,true,"Auckland, NZ",-36.8527994631,174.769443311,30,,,30,,false,,,Jointed rush,Apodasmia similis,Jointed rush,Plantae,380700
65775466,fdd4fa31-0c95-4750-89b3-4fbf6e28fafb,Sun Nov 29 2020 09:47:46 GMT+1300 (GMT+13),2020-11-29,2020-11-28 20:47:46 UTC,Nuku'alofa,2020-11-28 21:48:56 UTC,2022-09-17 21:06:05 UTC,research,"",2,0,false,"Auckland, NZ",-36.8528178614,174.7696847098,30,,,30,,false,,,herb Robert,Geranium robertianum,Herb Robert,Plantae,55925
65775478,dcf06c8f-cd66-46bb-b84c-30bca6f02b57,Sun Nov 29 2020 09:52:23 GMT+1300 (GMT+13),2020-11-29,2020-11-28 20:52:23 UTC,Nuku'alofa,2020-11-28 21:49:09 UTC,2020-11-29 09:48:17 UTC,casual,"",3,0,true,"Auckland, NZ",-36.852492929,174.7694450038,79,,,79,,false,,,Taupata,Coprosma repens,Taupata,Plantae,76435
65775503,8f5ef368-ad20-456c-8957-5b694e134473,Sun Nov 29 2020 09:58:57 GMT+1300 (GMT+13),2020-11-29,2020-11-28 20:58:57 UTC,Nuku'alofa,2020-11-28 21:49:24 UTC,2020-11-29 00:33:47 UTC,casual,"",1,0,true,"Auckland, NZ",-36.8513287325,174.7705888657,10,,,10,open,false,,,Canadian serviceberry,Amelanchier canadensis,Canadian serviceberry,Plantae,133382
65775524,a99e4cb3-2da6-4f33-b0b1-8d18dc6e48cd,Sun Nov 29 2020 10:05:55 GMT+1300 (GMT+13),2020-11-29,2020-11-28 21:05:55 UTC,Nuku'alofa,2020-11-28 21:49:47 UTC,2020-12-08 01:14:52 UTC,research,"",2,0,false,"Auckland, NZ",-36.8513731147,174.770680396,30,,,30,,false,,,Leather-leaf fern,Pyrrosia eleagnifolia,Leather-leaf fern,Plantae,210959
65775544,5b97b804-8f92-4ce8-9e68-f34101c11bfe,Sun Nov 29 2020 10:23:56 GMT+1300 (GMT+13),2020-11-29,2020-11-28 21:23:56 UTC,Nuku'alofa,2020-11-28 21:50:11 UTC,2020-12-08 01:14:42 UTC,research,"",2,0,false,"Auckland, NZ",-36.8523112215,174.7702269233,158,,,158,,false,,,skeleton fork fern,Psilotum nudum,skeleton fork fern,Plantae,167517
65775553,6f16b922-c8d2-458c-9542-e57748e83991,Sun Nov 29 2020 10:28:42 GMT+1300 (GMT+13),2020-11-29,2020-11-28 21:28:42 UTC,Nuku'alofa,2020-11-28 21:50:21 UTC,2020-11-29 00:25:49 UTC,needs_id,"",0,0,false,"Auckland, NZ",-36.8530369516,174.769205225,65,,,65,,false,,,"",Coprosma,Coprosma,Plantae,70254
65781398,4cb5bec1-7635-4052-b6b4-cba993e591b0,2020/11/29 9:11 AM NZDT,2020-11-29,2020-11-28 20:11:00 UTC,Auckland,2020-11-28 23:32:22 UTC,2025-12-08 05:46:13 UTC,research,"",2,0,false,"Auckland CBD, Auckland, New Zealand",-36.8512337236,174.7706232653,5,,,5,open,false,,,Myrsine aquilonia,Myrsine aquilonia,,Plantae,404062
65784060,479bed59-714e-474c-977a-01d92d089e29,2020-11-29 1:19:40 PM GMT+13:00,2020-11-29,2020-11-29 00:19:40 UTC,Nuku'alofa,2020-11-29 00:22:03 UTC,2022-03-06 17:54:00 UTC,research,"",2,0,false,"Auckland CBD, Auckland, New Zealand",-36.8535239,174.7684348,13,,,13,,false,,,New Zealand Bamboo Orchid,Earina mucronata,Peka-a-waka,Plantae,401597
65785177,a3d0aa5e-f7b7-4208-a7d6-8eaa2213c1a9,2020-11-29 1:39:12 PM GMT+13:00,2020-11-29,2020-11-29 00:39:12 UTC,Nuku'alofa,2020-11-29 00:40:55 UTC,2022-03-06 17:54:00 UTC,research,"",2,0,false,"Auckland CBD, Auckland, New Zealand",-36.8535205,174.7684351,14,,,14,,false,,,Leather-leaf fern,Pyrrosia eleagnifolia,Leather-leaf fern,Plantae,210959
65791935,624ff448-e1bd-432d-b450-e58241a68c1e,2020-11-29 4:07:28 PM GMT+13:00,2020-11-29,2020-11-29 03:07:28 UTC,Nuku'alofa,2020-11-29 03:08:36 UTC,2022-03-06 17:54:00 UTC,casual,"",0,0,true,"Auckland CBD, Auckland, New Zealand",-36.8507304454,174.7705671223,19,,,19,,false,,,Fried-egg flower,Oncoba spinosa,Fried-egg flower,Plantae,340332
65791975,1f97816b-5ce0-44a1-92f7-0808cde7b8ba,2020-11-29 4:08:43 PM GMT+13:00,2020-11-29,2020-11-29 03:08:43 UTC,Nuku'alofa,2020-11-29 03:09:30 UTC,2022-03-06 17:54:00 UTC,casual,"",0,0,true,"Auckland CBD, Auckland, New Zealand",-36.8506971,174.7705653,16,,,16,open,false,,,Yulan magnolia,Magnolia denudata,Yulan magnolia,Plantae,125423
65792074,7588933f-07f7-4bc4-a516-42704e80dfa2,2020-11-29 4:09:47 PM GMT+13:00,2020-11-29,2020-11-29 03:09:47 UTC,Nuku'alofa,2020-11-29 03:11:52 UTC,2022-03-06 17:54:00 UTC,casual,"",0,0,true,"Auckland CBD, Auckland, New Zealand",-36.8506217586,174.7706482086,19,,,19,,false,,,prunus sato-zakura,Prunus serrulata,Japanese Cherry,Plantae,125742
65792112,895f382f-6d5e-4daa-9086-fcfdc591b634,2020-11-29 4:11:59 PM GMT+13:00,2020-11-29,2020-11-29 03:11:59 UTC,Nuku'alofa,2020-11-29 03:13:17 UTC,2022-03-06 17:54:00 UTC,casual,"",1,0,true,"Auckland CBD, Auckland, New Zealand",-36.8507351,174.7706875,45,,,45,,false,,,ginkgo,Ginkgo biloba,ginkgo,Plantae,64350
65792160,a4349f46-75a0-44ad-bf10-73158eb3595b,2020-11-29 4:13:33 PM GMT+13:00,2020-11-29,2020-11-29 03:13:33 UTC,Nuku'alofa,2020-11-29 03:15:04 UTC,2022-03-06 17:54:00 UTC,casual,"",1,0,true,"Auckland CBD, Auckland, New Zealand",-36.8505525032,174.7706588388,19,,,19,,false,,,Sweet-Brier,Rosa rubiginosa,Sweet briar,Plantae,78886
65792225,5e445d40-8fba-42b5-a1c5-4b72051aa347,2020-11-29 4:15:10 PM GMT+13:00,2020-11-29,2020-11-29 03:15:10 UTC,Nuku'alofa,2020-11-29 03:16:08 UTC,2022-03-06 17:54:00 UTC,casual,"",2,0,true,"Auckland CBD, Auckland, New Zealand",-36.8504980491,174.7706889651,19,,,19,,false,,,Titoki,Alectryon excelsus,Tītoki,Plantae,399464
65799287,8902dbfe-3d9b-485d-bb72-82f37e3da5e3,2020-11-29 9:44:18 AM GMT+13:00,2020-11-29,2020-11-28 20:44:18 UTC,Nuku'alofa,2020-11-29 06:05:25 UTC,2020-11-29 06:12:22 UTC,research,"",1,0,false,"Auckland CBD, Auckland, New Zealand",-36.8530473691,174.7695951714,16,,,16,,false,,,white clover,Trifolium repens,white clover,Plantae,55745
65874586,a48de30e-6ecd-49fe-9d15-7239bbb5ed11,2020-11-30 8:47:15 PM GMT+13:00,2020-11-30,2020-11-30 07:47:15 UTC,Nuku'alofa,2020-11-30 07:49:44 UTC,2022-03-06 17:54:00 UTC,research,"",1,0,false,"Thomas Building, 3A Symonds Street, Auckland Central, Auckland",-36.851062,174.77065,19,,,19,open,false,,,pedunculate oak,Quercus robur,English oak,Plantae,56133
66015503,ed6b8a42-cb19-48e0-ab9f-f3c020c0a33a,2020-12-03 9:00:15 AM GMT+13:00,2020-12-03,2020-12-02 20:00:15 UTC,Nuku'alofa,2020-12-02 20:44:39 UTC,2024-10-31 00:45:46 UTC,research,"",1,0,false,"2 Symonds St, Auckland CBD, Auckland 1010, New Zealand",-36.8507003783,174.7721557617,,,,,,false,gps,gps,Canary Islands Ivy,Hedera canariensis,Canary Islands Ivy,Plantae,64113
66237226,c358d8a7-aacd-47e6-96d4-e8e44a698f07,2020-12-07 6:07:39 PM GMT+13:00,2020-12-07,2020-12-07 05:07:39 UTC,Nuku'alofa,2020-12-07 05:09:15 UTC,2022-03-06 17:54:00 UTC,research,"",1,0,false,"Auckland CBD, Auckland, New Zealand",-36.8506132507,174.7701390385,4,,,4,,false,,,Leather-leaf fern,Pyrrosia eleagnifolia,Leather-leaf fern,Plantae,210959
66237359,0a034ce4-37da-4eb2-8053-3bee7b6eea13,2020-12-07 6:11:53 PM GMT+13:00,2020-12-07,2020-12-07 05:11:53 UTC,Nuku'alofa,2020-12-07 05:14:31 UTC,2022-03-06 17:54:00 UTC,research,"",1,0,false,"Auckland, NZ",-36.8506498529,174.7707165087,19,,,19,,false,,,Leather-leaf fern,Pyrrosia eleagnifolia,Leather-leaf fern,Plantae,210959
66237470,6c97cc7a-3a02-44eb-81b2-cff57ba63c3c,2020-12-07 6:16:17 PM GMT+13:00,2020-12-07,2020-12-07 05:16:17 UTC,Nuku'alofa,2020-12-07 05:19:29 UTC,2022-03-06 17:54:00 UTC,casual,"",1,0,true,"Auckland, NZ",-36.849973875,174.7713129868,4,,,4,open,false,,,kauri,Agathis australis,Kauri,Plantae,121718
66237725,80827896-ab0e-42ed-92a2-6e91bfe7c013,2020-12-07 6:22:41 PM GMT+13:00,2020-12-07,2020-12-07 05:22:41 UTC,Nuku'alofa,2020-12-07 05:28:15 UTC,2025-07-21 16:25:38 UTC,research,"",2,0,false,"18 Waterloo Quadrant, Auckland CBD, Auckland 1010, New Zealand",-36.8498615932,174.7712025923,4,,,4,,false,,,Norfolk Island Pine,Araucaria heterophylla,Norfolk Island Pine,Plantae,127890
66237938,68bc0abb-b236-4edf-a29a-364ea0aa90d0,2020-12-07 6:32:43 PM GMT+13:00,2020-12-07,2020-12-07 05:32:43 UTC,Nuku'alofa,2020-12-07 05:38:47 UTC,2022-03-06 17:54:00 UTC,research,"",2,0,false,"3 Symonds St, Auckland CBD, Auckland 1010, New Zealand",-36.8500386138,174.7711461276,19,,,19,,false,,,Kawakawa,Piper excelsum excelsum,Kawakawa,Plantae,466004
66237951,8d260766-a340-413a-b02d-f235297b30f0,2020-12-07 6:35:22 PM GMT+13:00,2020-12-07,2020-12-07 05:35:22 UTC,Nuku'alofa,2020-12-07 05:39:24 UTC,2022-03-06 17:54:00 UTC,research,"",1,0,false,"18 Waterloo Quadrant, Auckland CBD, Auckland 1010, New Zealand",-36.8499909559,174.771137313,19,,,19,,false,,,Leather-leaf fern,Pyrrosia eleagnifolia,Leather-leaf fern,Plantae,210959
66237979,396536f7-71f9-4275-875e-b62d37ab7b50,2020-12-07 6:38:18 PM GMT+13:00,2020-12-07,2020-12-07 05:38:18 UTC,Nuku'alofa,2020-12-07 05:39:55 UTC,2022-03-06 17:54:00 UTC,needs_id,"",0,0,false,"18 Waterloo Quadrant, Auckland CBD, Auckland 1010, New Zealand",-36.8497812078,174.7714057136,4,,,4,,false,,,blue-and-white daisybush,Dimorphotheca ecklonis,South African daisy,Plantae,76660
66238153,5042f533-2973-47f7-bfc8-3a51d8751a7d,2020-12-07 6:44:14 PM GMT+13:00,2020-12-07,2020-12-07 05:44:14 UTC,Nuku'alofa,2020-12-07 05:48:12 UTC,2022-03-06 17:54:00 UTC,research,"",1,0,false,"18 Waterloo Quadrant, Auckland CBD, Auckland 1010, New Zealand",-36.8491591418,174.7709391319,4,,,4,,false,,,Leather-leaf fern,Pyrrosia eleagnifolia,Leather-leaf fern,Plantae,210959
66238360,98ec1e04-51f4-45b7-a982-b950a9a42ff2,2020-12-07 6:46:38 PM GMT+13:00,2020-12-07,2020-12-07 05:46:38 UTC,Nuku'alofa,2020-12-07 05:53:28 UTC,2022-03-06 17:54:00 UTC,research,"",1,0,false,"Auckland, NZ",-36.8491462413,174.7706679486,4,,,4,,false,,,Leather-leaf fern,Pyrrosia eleagnifolia,Leather-leaf fern,Plantae,210959
66238383,e2d1bb47-ed08-45f3-a6e8-2fe24f09af39,2020-12-07 6:51:40 PM GMT+13:00,2020-12-07,2020-12-07 05:51:40 UTC,Nuku'alofa,2020-12-07 05:53:52 UTC,2022-03-06 17:54:00 UTC,research,"",1,0,false,"Auckland, NZ",-36.8502038,174.771192,23,,,23,,false,,,Leather-leaf fern,Pyrrosia eleagnifolia,Leather-leaf fern,Plantae,210959
66238400,f2aa28e1-7735-476a-8064-f02baf16aa1b,2020-12-07 6:54:03 PM GMT+13:00,2020-12-07,2020-12-07 05:54:03 UTC,Nuku'alofa,2020-12-07 05:54:54 UTC,2022-03-06 17:54:00 UTC,research,"",1,0,false,"18 Waterloo Quadrant, Auckland CBD, Auckland 1010, New Zealand",-36.8495943238,174.7712363752,19,,,19,,false,,,common selfheal,Prunella vulgaris,self heal,Plantae,52764
66312789,67ce177d-1e16-415a-a0eb-e2e87551a5de,2020-12-09 1:02:05 PM GMT+13:00,2020-12-09,2020-12-09 00:02:05 UTC,Auckland,2020-12-09 00:02:13 UTC,2020-12-09 02:05:03 UTC,casual,"Field ID, GPS, in situ",0,0,true,"Auckland, New Zealand",-36.8512966667,174.77311,2,,,2,,false,,,Himalayan Mint Shrub,Colquhounia coccinea,Himalayan Mint Shrub,Plantae,400975
66320858,721b7784-b4aa-4f89-aad5-8d3bcc8ff340,2020-12-09 5:11:34 PM GMT+13:00,2020-12-09,2020-12-09 04:11:34 UTC,Nuku'alofa,2020-12-09 04:12:43 UTC,2022-03-06 17:54:00 UTC,research,"",1,0,false,"Auckland CBD, Auckland, New Zealand",-36.8501825,174.7696649,13,,,13,,false,,,New Zealand cabbage tree,Cordyline australis,New Zealand cabbage tree,Plantae,50191
66320943,48d0ff9b-6701-4aa2-8cbd-2f5da197b1ee,2020-12-09 5:12:42 PM GMT+13:00,2020-12-09,2020-12-09 04:12:42 UTC,Nuku'alofa,2020-12-09 04:14:49 UTC,2022-03-06 17:54:00 UTC,casual,"",0,0,true,"Auckland CBD, Auckland, New Zealand",-36.8503795308,174.7697663796,4,,,4,,false,,,Northern rātā,Metrosideros robusta,Northern rātā,Plantae,70237
66366629,90b5242d-7f6a-428c-abb1-b09fa2c36333,2020-12-10 8:30:14 PM GMT+13:00,2020-12-10,2020-12-10 07:30:14 UTC,Nuku'alofa,2020-12-10 07:32:26 UTC,2022-03-06 17:54:00 UTC,research,"",1,0,false,"Auckland CBD, Auckland, New Zealand",-36.8519531,174.7701205,28,,,28,open,false,,,pedunculate oak,Quercus robur,English oak,Plantae,56133
66562886,fc19576d-27f1-4257-8577-0328e137c4f8,2020-12-14 9:26:23 PM GMT+13:00,2020-12-14,2020-12-14 08:26:23 UTC,Nuku'alofa,2020-12-14 08:28:05 UTC,2022-03-06 17:54:00 UTC,casual,"",1,0,true,"2 Symonds St, Auckland CBD, Auckland 1010, New Zealand",-36.8502776822,174.7718363537,4,,,4,,false,,,Spanish shawl,Heterocentron elegans,Spanish shawl,Plantae,285553
66684113,bb807989-6b92-4bb4-a015-b6770cf5401a,2020-12-17 5:16:33 PM GMT+13:00,2020-12-17,2020-12-17 04:16:33 UTC,Auckland,2020-12-17 04:16:59 UTC,2020-12-17 09:12:55 UTC,casual,"Field ID, GPS, in situ",0,0,true,"Auckland, New Zealand",-36.8484147,174.7715965,28,,,28,,false,,,Jaboticaba Tree,Plinia cauliflora,Jaboticaba,Plantae,84779
66727509,ca3be107-b250-43f5-8a3a-df0cc5fa2713,2020-12-18 7:48:21 PM GMT+13:00,2020-12-18,2020-12-18 06:48:21 UTC,Nuku'alofa,2020-12-18 06:49:53 UTC,2022-03-06 17:54:00 UTC,research,"",1,0,false,"3 Symonds St, Auckland CBD, Auckland 1010, New Zealand",-36.8501359411,174.7713204192,4,,,4,,false,,,drooping spleenwort,Asplenium flaccidum,drooping spleenwort,Plantae,197042
66977425,76bb3fd7-e42a-4883-9784-b66978179f78,2020-12-24,2020-12-24,,Auckland,2020-12-23 21:52:48 UTC,2021-11-24 09:41:28 UTC,research,"Field ID, in situ",1,0,false,"Auckland, New Zealand",-36.848999,174.770084,2,,,2,,false,,,Potato Orchid,Gastrodia sesamoides,Cinnamon Bells,Plantae,337634
67030601,7be4d33e-d4db-4044-941e-731b14b59cbc,2020-12-25 4:02:36 PM GMT+13:00,2020-12-25,2020-12-25 03:02:36 UTC,Auckland,2020-12-25 03:03:02 UTC,2020-12-25 10:33:41 UTC,needs_id,"Field ID, GPS, in situ",1,0,false,"Auckland, New Zealand",-36.8496066667,174.7714116667,8,,,8,,false,,,Actinidia,Actinidia,,Plantae,55151
67031980,be5a732f-876a-4778-97fd-fe8f68b563a0,2020-12-25 5:00:35 PM GMT+13:00,2020-12-25,2020-12-25 04:00:35 UTC,Auckland,2020-12-25 04:00:43 UTC,2020-12-25 10:33:03 UTC,casual,"Field ID, GPS, in situ",0,0,true,"Auckland, New Zealand",-36.8508716667,174.7728666667,2,,,2,,false,,,American Brunfelsia,Brunfelsia americana,American brunfelsia,Plantae,290666
67032284,73aab7e7-ed42-420c-b2d7-b0ecc8d1f50f,2020-12-25 5:14:57 PM GMT+13:00,2020-12-25,2020-12-25 04:14:57 UTC,Auckland,2020-12-25 04:15:04 UTC,2020-12-25 06:25:22 UTC,casual,"",0,0,true,"Auckland, New Zealand",-36.8509266667,174.7724783333,2,,,2,,false,,,beebalms and bergamots,Monarda,beebalms and bergamots,Plantae,52736
67069856,0febef77-febe-492a-9f3b-d228085c7399,2020-12-26 4:19:44 PM GMT+13:00,2020-12-26,2020-12-26 03:19:44 UTC,Auckland,2020-12-26 03:19:54 UTC,2020-12-26 08:02:35 UTC,casual,"Field ID, GPS, in situ",0,0,true,"Auckland, New Zealand",-36.8510183333,174.7702866667,4,,,4,,false,,,Kleinia amaniensis,Kleinia amaniensis,,Plantae,1164127
67216719,276db0a1-85dc-4259-89a2-18d083393edb,2020-12-29 11:43:18 AM GMT+13:00,2020-12-29,2020-12-28 22:43:18 UTC,Auckland,2020-12-28 22:43:41 UTC,2020-12-31 17:27:15 UTC,casual,"Field ID, GPS (corrected), in situ",0,0,true,"Auckland, New Zealand",-36.851325,174.770335,4,,,4,,false,,,Deutzia,Deutzia scabra,Deutzia,Plantae,161761
67364961,7c0d64ea-4d6d-469a-b7f5-56a4a7f10b76,2021-01-01 8:18:21 AM GMT+13:00,2021-01-01,2020-12-31 19:18:21 UTC,Auckland,2020-12-31 19:18:52 UTC,2021-01-03 09:00:16 UTC,research,"Field ID, GPS, in situ",1,0,false,"Auckland, New Zealand",-36.851465,174.77039,4,,,4,open,false,,,black maidenhair fern,Adiantum capillus-veneris,black maidenhair fern,Plantae,63916
67369102,4396b84f-22d1-4e29-ade2-fa12623f83d2,2021-01-01 9:43:10 AM GMT+13:00,2021-01-01,2020-12-31 20:43:10 UTC,Auckland,2020-12-31 20:43:32 UTC,2023-06-28 04:00:24 UTC,research,"",1,0,false,"Auckland, New Zealand",-36.849045,174.7700416667,4,,,4,,false,,,Potato Orchid,Gastrodia sesamoides,Cinnamon Bells,Plantae,337634
67375877,f81c1d9e-57ec-497c-8538-db3eb01bb175,2021-01-01 12:07:58 PM GMT+13:00,2021-01-01,2020-12-31 23:07:58 UTC,Auckland,2020-12-31 23:08:06 UTC,2021-01-04 09:30:54 UTC,casual,"",1,0,true,"Auckland, New Zealand",-36.8489883333,174.769885,3,,,3,,false,,,crape-myrtles,Lagerstroemia,crape-myrtles,Plantae,68717
67383518,7b229ed4-81fa-4a40-8f53-21a3893ba8a5,2021-01-01 3:23:14 PM GMT+13:00,2021-01-01,2021-01-01 02:23:14 UTC,Auckland,2021-01-01 02:23:40 UTC,2026-01-26 03:57:40 UTC,research,"Field ID, GPS, in situ",1,0,false,"Auckland, New Zealand",-36.8493033333,174.7690583333,4,,,4,open,false,,,Pompom Tree,Dais cotinifolia,Pompon tree,Plantae,583419
67385128,1a8f6f32-f7da-4f37-b6c2-a1feb4c55ebb,2021-01-01 4:12:21 PM GMT+13:00,2021-01-01,2021-01-01 03:12:21 UTC,Auckland,2021-01-01 03:12:42 UTC,2021-01-01 05:50:38 UTC,casual,"",0,0,true,"Auckland, New Zealand",-36.8513666667,174.7702183333,4,,,4,,false,,,Bloodlily,Scadoxus multiflorus,Bloodlily,Plantae,81489
67385155,609c20e3-6d05-4096-bbda-9c5bc945f479,2021-01-01 4:13:21 PM GMT+13:00,2021-01-01,2021-01-01 03:13:21 UTC,Auckland,2021-01-01 03:13:35 UTC,2021-01-01 09:24:58 UTC,casual,"",0,0,true,"Auckland, New Zealand",-36.8513766667,174.7702233333,5,,,5,,false,,,Clethra,Clethra,,Plantae,48211
67416791,8d7635ff-6a21-44e0-a457-45fbb3479922,2021-01-02 9:38:51 AM GMT+13:00,2021-01-02,2021-01-01 20:38:51 UTC,Auckland,2021-01-01 20:39:14 UTC,2024-01-29 19:17:05 UTC,casual,"Field ID, GPS, in situ",1,0,true,"Auckland, New Zealand",-36.8520033333,174.7716016667,3,,,3,,false,,,Scarlet Flax,Linum grandiflorum,Scarlet Flax,Plantae,77781
67444009,462828a2-88a4-4bcb-bd40-cccefd1ff8af,2021-01-02 1:10:48 PM GMT+13:00,2021-01-02,2021-01-02 00:10:48 UTC,Nuku'alofa,2021-01-02 06:45:52 UTC,2021-03-09 08:40:03 UTC,casual,"",2,0,true,"Auckland CBD, Auckland, New Zealand",-36.85263475,174.7710418333,,,,,,false,gps,gps,Dalia,Dahlia pinnata,Garden Dahlia,Plantae,161582
67444043,005a1adc-dede-4d26-b60f-c25989ab41c9,2021-01-02 1:10:05 PM GMT+13:00,2021-01-02,2021-01-02 00:10:05 UTC,Nuku'alofa,2021-01-02 06:47:08 UTC,2021-03-09 08:40:02 UTC,casual,"",2,0,true,"Auckland CBD, Auckland, New Zealand",-36.8526003056,174.7710322222,,,,,,false,gps,gps,Dalia,Dahlia pinnata,Garden Dahlia,Plantae,161582
67638461,f1a06298-befd-473a-b157-46840af892e3,2021-01-06 11:38:41 AM GMT+13:00,2021-01-06,2021-01-05 22:38:41 UTC,Auckland,2021-01-05 22:39:23 UTC,2023-03-30 22:56:36 UTC,research,"Field ID, GPS, in situ",1,0,false,"Auckland, New Zealand",-36.851455,174.7722233333,4,,,4,,false,,,Chain Fruit,Alyxia ruscifolia,Chain Fruit,Plantae,369496
67640225,c9c9e177-f75b-42db-925e-f5100009c3cb,2021-01-06 12:15:08 PM GMT+13:00,2021-01-06,2021-01-05 23:15:08 UTC,Auckland,2021-01-05 23:15:35 UTC,2021-01-06 01:10:16 UTC,casual,"Field ID, GPS, in situ",0,0,true,"Auckland, New Zealand",-36.8488733333,174.769835,5,,,5,,false,,,Scrub Beefwood,Stenocarpus salignus,Scrub Beefwood,Plantae,406178
67642445,9834c81d-a543-4dbf-a2f0-33e9f5466e7f,2021-01-06 1:12:25 PM GMT+13:00,2021-01-06,2021-01-06 00:12:25 UTC,Nuku'alofa,2021-01-06 00:13:18 UTC,2022-03-06 17:54:00 UTC,needs_id,"",0,0,false,"Auckland, NZ",-36.852884311,174.7693890101,4,,,4,,false,,,horseweed,Erigeron canadensis,horseweed,Plantae,76907
67642490,5b80ffca-bf02-452e-8ba4-a419f35929f5,2021-01-06 1:14:14 PM GMT+13:00,2021-01-06,2021-01-06 00:14:14 UTC,Nuku'alofa,2021-01-06 00:14:58 UTC,2022-03-06 17:54:00 UTC,casual,"",1,0,true,"Auckland CBD, Auckland, New Zealand",-36.8527039282,174.76952522,4,,,4,,false,,,Mountain flax,Phormium cookianum,Wharariki,Plantae,129178
68836146,9499bdd0-57d4-4680-b934-f6677ec42231,2021-01-31 2:32:08 PM GMT+13:00,2021-01-31,2021-01-31 01:32:08 UTC,Auckland,2021-01-31 01:32:23 UTC,2022-07-31 21:50:40 UTC,casual,"Field ID, GPS, in situ",1,0,true,"Auckland, New Zealand",-36.848675,174.7714833333,3,,,3,open,false,,,Piccabeen Palm,Arecaceae,palms,Plantae,48867
69105850,ce93de27-d1dc-4cfe-bff9-2d7a06379a13,2021-02-06 11:05:54 AM GMT+13:00,2021-02-06,2021-02-05 22:05:54 UTC,Auckland,2021-02-05 22:06:18 UTC,2021-02-07 12:21:21 UTC,casual,"Field ID, GPS, in situ",1,0,true,"Auckland, New Zealand",-36.8506233333,174.7705033333,7,,,7,,false,,,Ephedra,Ephedra,Jointfirs,Plantae,53881
69106080,def67aee-5bfa-4884-b697-453be2e13722,2021-02-06 11:10:08 AM GMT+13:00,2021-02-06,2021-02-05 22:10:08 UTC,Auckland,2021-02-05 22:10:23 UTC,2021-02-08 08:25:40 UTC,casual,"Field ID, GPS, in situ",1,0,true,"Auckland, New Zealand",-36.850705,174.770535,5,,,5,,false,,,Hedgehog Sheepfig,Delosperma echinatum,Hedgehog Sheepfig,Plantae,424112
69107311,a3be490a-0fa5-4c53-806b-0f2d2fbd0880,2021-02-06 11:34:19 AM GMT+13:00,2021-02-06,2021-02-05 22:34:19 UTC,Auckland,2021-02-05 22:34:46 UTC,2021-02-07 12:22:39 UTC,casual,"Field ID, GPS, in situ",0,0,true,"Auckland, New Zealand",-36.8515033333,174.77205,3,,,3,,false,,,Anises,Illicium,anises,Plantae,122999
69896820,2e137069-be0e-4602-a9c9-fe1cf5942e71,2021-02-21,2021-02-21,,Auckland,2021-02-21 01:46:55 UTC,2021-02-21 02:54:08 UTC,casual,"Field ID, in situ",0,0,true,"Auckland, New Zealand",-36.848415,174.771597,28,,,28,,false,,,Jaboticaba,Plinia cauliflora,Jaboticaba,Plantae,84779
69897670,1388e57f-213e-4550-8b34-561fd3043857,2021-02-21,2021-02-21,,Auckland,2021-02-21 02:04:55 UTC,2021-02-21 02:16:05 UTC,casual,"Field ID, in situ",0,0,true,"Auckland, New Zealand",-36.852442,174.772145,2,,,2,,false,,,Clematis,Clematis,Clematis and leatherflowers,Plantae,49877
70057702,21bf18d8-2dac-4b4d-bad6-c5346121d950,2021-02-24 10:59:57 AM GMT+13:00,2021-02-24,2021-02-23 21:59:57 UTC,Auckland,2021-02-23 22:00:44 UTC,2023-03-26 11:17:27 UTC,casual,"Field ID, GPS, in situ",1,0,true,"Auckland, New Zealand",-36.8519533333,174.7721,3,,,3,,false,,,Mountain coconut,Parajubaea cocoides,Mountain coconut,Plantae,365724
70062493,dac3468a-1beb-412f-b86f-25128823b32e,2021-02-24,2021-02-24,,Auckland,2021-02-23 23:38:57 UTC,2025-10-15 22:32:16 UTC,casual,"Field ID, in situ",0,0,true,"Auckland, New Zealand",-36.852213,174.770343,9,,,9,,false,,,Spiny-headed Mat-Rush,Lomandra longifolia,Spiny-headed Mat-rush,Plantae,83375
70842791,82ffd191-d172-40e5-ac86-6d842b70b56b,2021-03-09 12:02:43 PM GMT+13:00,2021-03-09,2021-03-08 23:02:43 UTC,Auckland,2021-03-08 23:03:06 UTC,2021-03-09 18:40:36 UTC,casual,"Field ID, in situ",1,0,true,"Auckland, New Zealand",-36.848378,174.771324,4,,,4,,false,,,Yellow bauhinia,Bauhinia tomentosa,Yellow bauhinia,Plantae,340307
70844560,a80f4488-c1a8-44c0-9b35-66b58624db70,2021-03-09 12:38:50 PM GMT+13:00,2021-03-09,2021-03-08 23:38:50 UTC,Auckland,2021-03-08 23:39:29 UTC,2021-03-09 01:56:54 UTC,casual,"Field ID, GPS, in situ, tree",0,0,true,"Auckland, New Zealand",-36.8494816667,174.76975,7,,,7,,false,,,Schrebera alata,Schrebera alata,Wing-Leaved Wooden-Pea,Plantae,538727
71406825,2dd3b007-4207-41a4-80a1-9c07a2342d3e,2021-03-17,2021-03-17,,Edinburgh,2021-03-17 04:28:30 UTC,2021-03-17 04:42:41 UTC,casual,"Field ID, GPS, in situ",0,0,true,"Auckland, New Zealand",-36.848415,174.771597,28,,,28,,false,,,Jaboticaba,Plinia cauliflora,Jaboticaba,Plantae,84779
71447266,e42a146c-56a6-4bce-90f2-52b9680e992e,Thu Mar 18 2021 10:38:23 GMT+1300 (GMT+13),2021-03-18,2021-03-17 21:38:23 UTC,Nuku'alofa,2021-03-17 21:38:48 UTC,2021-10-29 01:09:51 UTC,casual,"",0,0,true,"Whitaker Place, Grafton, Auckland, NZ",-36.8561417448,174.7673249215,65,,,65,,false,,,"",Kalanchoe blossfeldiana,Flaming Katy,Plantae,164326
71512188,7b5a055d-4afc-4ff2-a285-e08bd9a1601e,2021-03-19 10:46:01 AM GMT+13:00,2021-03-19,2021-03-18 21:46:01 UTC,Nuku'alofa,2021-03-18 21:47:08 UTC,2021-03-18 21:47:09 UTC,casual,"",0,0,false,"Auckland Central, Auckland, New Zealand",-36.85027059,174.76983772,4,,,4,,false,,,Pigeonwood,Hedycarya arborea,Pigeonwood,Plantae,402414
71580246,81169350-dbb5-42b2-a0ba-bc6662ee9cbd,2021-03-20 12:14:58 PM GMT+13:00,2021-03-20,2021-03-19 23:14:58 UTC,Auckland,2021-03-19 23:15:06 UTC,2021-03-20 02:42:54 UTC,casual,"Field ID, GPS, in situ",0,0,true,"Auckland, New Zealand",-36.8487816667,174.7701683333,8,,,8,,false,,,Skewleaf Sorrel,Oxalis obliquifolia,Skewleaf Sorrel,Plantae,591238
71581171,7c3c4ac1-fcc3-4457-b5ef-757507c27b85,2021-03-20 12:28:37 PM GMT+13:00,2021-03-20,2021-03-19 23:28:37 UTC,Auckland,2021-03-19 23:29:25 UTC,2021-03-20 03:03:22 UTC,casual,"Field ID, GPS, in situ",0,0,true,"Auckland, New Zealand",-36.849545,174.7712916667,4,,,4,,false,,,giant sequoia,Sequoiadendron giganteum,Sierra redwood,Plantae,59567
72639207,843894e1-5048-4dc2-8cdb-882cd3fb67be,2021-04-02 11:07:26 AM GMT+13:00,2021-04-02,2021-04-01 22:07:26 UTC,Auckland,2021-04-01 22:07:42 UTC,2021-04-02 22:32:55 UTC,casual,"Field ID, GPS, in situ",0,0,true,"Auckland, New Zealand",-36.849755,174.770075,7,,,7,,false,,,Adinandra,Adinandra,,Plantae,142222
72639886,8f4bfaca-a082-482b-a2ea-5690104ed47b,2021-04-02 11:16:22 AM GMT+13:00,2021-04-02,2021-04-01 22:16:22 UTC,Auckland,2021-04-01 22:17:05 UTC,2024-07-01 19:07:54 UTC,casual,"Field ID, GPS, in situ, seed cones",0,0,true,"Auckland, New Zealand",-36.849185,174.7701833333,7,,,7,open,false,,,Matai,Prumnopitys taxifolia,Mataī,Plantae,135506
73818948,5a08396a-a52e-4f1e-aaec-0261edafcc92,2021-04-13 10:25:22 AM GMT+12:00,2021-04-13,2021-04-12 22:25:22 UTC,Wellington,2021-04-13 05:21:03 UTC,2021-04-13 05:21:29 UTC,casual,"",0,0,true,"Auckland CBD, Auckland, New Zealand",-36.8518963277,174.7700196505,226,,,226,,false,gps,gps,Rain lilies,Zephyranthes,Rain lilies,Plantae,120027
73996677,c603b37e-1c4c-4799-ba20-45f89042d1bc,2021-04-15 11:56:58 AM GMT+12:00,2021-04-15,2021-04-14 23:56:58 UTC,Auckland,2021-04-14 23:57:23 UTC,2021-04-16 00:53:55 UTC,research,"Field ID, GPS, in situ",1,0,false,"Auckland, New Zealand",-36.85243,174.7728266667,7,,,7,,false,,,Yellow ginger,Hedychium flavescens,Yellow ginger,Plantae,77347
74191384,4f686549-a654-4c41-83de-d3f5461e9d45,2021-04-17 12:02:10 PM GMT+12:00,2021-04-17,2021-04-17 00:02:10 UTC,Auckland,2021-04-17 00:02:40 UTC,2024-07-01 19:16:00 UTC,casual,"Field ID, GPS, in situ",0,0,true,"Auckland, New Zealand",-36.850805,174.7706116667,4,,,4,,false,,,Ephedra,Ephedra,Jointfirs,Plantae,53881
74580665,4fbfc896-9b66-4f35-a832-cde30e180d57,2021-04-20 11:17:21 AM GMT+12:00,2021-04-20,2021-04-19 23:17:21 UTC,Auckland,2021-04-20 00:13:19 UTC,2021-04-20 00:20:38 UTC,casual,"",1,0,true,"Auckland CBD, Auckland, New Zealand",-36.8504361111,174.7694888889,,,,,,false,gps,gps,Taraire,Beilschmiedia tarairi,Taraire,Plantae,399962
74602609,75e864e7-793f-4c36-9c86-6567f674dfa6,2021/03/14 10:32 AM NZDT,2021-03-14,2021-03-13 21:32:00 UTC,Wellington,2021-04-20 04:40:53 UTC,2021-04-20 04:52:14 UTC,research,"",1,0,false,"Auckland CBD, Auckland, New Zealand",-36.8500033333,174.7685833333,,,,,,false,,,Garden pink-sorrel,Oxalis latifolia,Fishtail oxalis,Plantae,61839
75616863,74641b91-19aa-49b7-855f-857eee934072,2021-04-29 14:46:54,2021-04-29,2021-04-29 02:46:54 UTC,Wellington,2021-04-29 02:47:18 UTC,2025-03-07 20:59:36 UTC,casual,"",0,0,true,"Auckland CBD, Auckland, New Zealand",-36.8511355,174.7708427,20,,,20,,false,,,Bird's Nest Fern,Thamnopteris,Bird's nest ferns,Plantae,1406669
76375338,2f1c2197-8ca8-4dcf-8686-b52985d0bc87,2020-03-12 12:37:35 PM GMT+13:00,2020-03-12,2020-03-11 23:37:35 UTC,Nuku'alofa,2021-05-02 01:31:53 UTC,2021-05-02 01:31:53 UTC,casual,"",0,0,false,"Auckland, NZ",-36.8509792786,174.7706644736,4,,,4,,false,,,Red matipo,Myrsine australis,Māpou,Plantae,210946
77660422,b82bbfc3-1348-41ef-b4e1-c6a45675a600,2021/05/06 1:35 PM NZST,2021-05-06,2021-05-06 01:35:00 UTC,Auckland,2021-05-06 21:11:31 UTC,2021-05-07 06:34:21 UTC,casual,"",1,0,true,"Auckland CBD, Auckland, New Zealand",-36.8498583333,174.7707972222,4,,,4,,false,,,Norfolk Island Pine,Araucaria heterophylla,Norfolk Island Pine,Plantae,127890
77660890,7a7477c6-e86e-4354-8579-d2d4b4a00f8d,2021/05/06 1:33 PM NZST,2021-05-06,2021-05-06 01:33:00 UTC,Auckland,2021-05-06 21:15:49 UTC,2021-05-06 21:47:53 UTC,casual,"",0,0,true,"Auckland CBD, Auckland, New Zealand",-36.8495222222,174.7709805556,12,,,12,,false,,,Sierra Redwood,Sequoiadendron giganteum,Sierra redwood,Plantae,59567
77662655,ee6341d3-6144-402e-b5b1-78c72affa34c,2021/05/06 1:37 PM NZST,2021-05-06,2021-05-06 01:37:00 UTC,Auckland,2021-05-06 21:30:13 UTC,2021-05-06 21:33:09 UTC,casual,"",0,0,true,"Auckland CBD, Auckland, New Zealand",-36.8502722222,174.7708277778,14,,,14,open,false,,,Telanthophora grandifolia,Telanthophora grandifolia,giant groundsel,Plantae,281675
77662746,d4e6c416-f451-4e65-8dbb-88bcd338d286,2021/05/06 1:37 PM NZST,2021-05-06,2021-05-06 01:37:00 UTC,Auckland,2021-05-06 21:31:18 UTC,2025-05-30 17:12:37 UTC,casual,"",0,0,true,"Auckland CBD, Auckland, New Zealand",-36.8503194444,174.7708888889,14,,,14,,false,,,Tricolor Hibiscus,Hibiscus × rosa-sinensis,Tricolor Hibiscus,Plantae,1628098
77663176,d4cec89c-4939-429c-a717-d02474ceca67,2021/05/06 1:17 PM NZST,2021-05-06,2021-05-06 01:17:00 UTC,Auckland,2021-05-06 21:35:33 UTC,2021-05-06 21:47:20 UTC,casual,"",0,0,true,"Auckland CBD, Auckland, New Zealand",-36.8496055556,174.771225,5,,,5,,false,,,Coast Redwood,Sequoia sempervirens,coast redwood,Plantae,47372
81985280,ae33eb8e-396e-4553-a08f-0e637be0db53,2018/01/21 9:45 AM CST,2018-01-21,2018-01-21 01:45:00 UTC,Beijing,2021-06-07 05:25:39 UTC,2021-06-07 19:17:02 UTC,research,"",1,0,false,"Auckland CBD, Auckland, 新西兰",-36.8511390683,174.7711334228,,,,,,false,,,Leather-leaf fern,Pyrrosia eleagnifolia,Leather-leaf fern,Plantae,210959
81985284,ea4673d3-04d5-40cd-a492-9c57f0dd6f44,2018/01/21 10:20 AM CST,2018-01-21,2018-01-21 02:20:00 UTC,Beijing,2021-06-07 05:25:40 UTC,2021-06-09 04:29:25 UTC,research,"",3,0,false,"Auckland CBD, Auckland, 新西兰",-36.8502311706,174.7706146239,,,,,,false,,,New Zealand cabbage tree,Cordyline australis,New Zealand cabbage tree,Plantae,50191
81985286,a9064809-a3e6-4692-9521-c07162bc7aa3,2018/01/21 10:20 AM CST,2018-01-21,2018-01-21 02:20:00 UTC,Beijing,2021-06-07 05:25:40 UTC,2021-06-10 17:45:16 UTC,casual,"",1,0,true,"Auckland, New Zealand",-36.8502311706,174.7706146239,,,,,,false,,,Pachystegia,Pachystegia,Marlborough rock daisies,Plantae,379178
81985290,fde19f46-607b-4dad-a007-40aa738227a4,2018/01/21 10:23 AM CST,2018-01-21,2018-01-21 02:23:00 UTC,Beijing,2021-06-07 05:25:41 UTC,2021-06-07 05:25:41 UTC,casual,"",0,0,true,"Auckland, New Zealand",-36.85049057,174.7704620361,,,,,,false,,,景天族,Sedeae,,Plantae,1092926
81985291,f9e31aae-8457-48c2-a48f-b65a8fa234f1,2018/01/21 10:23 AM CST,2018-01-21,2018-01-21 02:23:00 UTC,Beijing,2021-06-07 05:25:41 UTC,2021-06-07 05:25:41 UTC,casual,"",0,0,true,"Auckland, New Zealand",-36.85049057,174.7704620361,,,,,,false,,,仙人掌亚科,Opuntioideae,,Plantae,461783
83071314,e740a277-9886-4bb3-bbaf-545a695c6c0c,2021-06-15 11:53:17,2021-06-15,2021-06-14 23:53:17 UTC,Wellington,2021-06-14 23:54:11 UTC,2021-06-15 01:39:05 UTC,casual,"Field ID, GPS, in situ",0,0,true,"Auckland, New Zealand",-36.851405,174.76885,7,,,7,,false,,,Filbert,Corylus maxima,Filbert,Plantae,122974
83073345,4331d11d-0657-4b50-bfc8-61a9a94fbf1d,2021-06-15 12:14:49,2021-06-15,2021-06-15 00:14:49 UTC,Wellington,2021-06-15 00:15:01 UTC,2021-06-15 02:24:43 UTC,casual,"Field ID, GPS, in situ",0,0,true,"Auckland, New Zealand",-36.8496766667,174.7700866667,3,,,3,,false,,,Sheoaks,Casuarinaceae,Sheoaks,Plantae,62890
83455029,29e7c073-9403-4f0c-8779-06e311060bd4,Fri Jun 18 2021 12:50:36 GMT+1200 (GMT+12),2021-06-18,2021-06-18 00:50:36 UTC,Auckland,2021-06-18 00:51:41 UTC,2021-06-18 04:03:43 UTC,research,"",1,0,false,"University of Auckland, Auckland, Auckland, NZ",-36.8510583333,174.7707533333,10,,,10,,false,,,Red matipo,Myrsine australis,Māpou,Plantae,210946
83455055,ae9dd9da-4510-4953-8ee0-63a5471093fc,Fri Jun 18 2021 12:50:52 GMT+1200 (GMT+12),2021-06-18,2021-06-18 00:50:52 UTC,Auckland,2021-06-18 00:52:00 UTC,2021-06-18 22:52:09 UTC,research,"",1,0,false,"University of Auckland, Auckland, Auckland, NZ",-36.851005,174.7708133333,5,,,5,,false,,,Mahoe,Melicytus ramiflorus,Māhoe,Plantae,197063
83495413,7b944e02-73f0-4df4-a94c-64e59e4861e3,Sat Jun 19 2021 00:12:13 GMT+1200 (GMT+12),2021-06-19,2021-06-18 12:12:13 UTC,Auckland,2021-06-18 12:12:20 UTC,2021-06-18 18:05:56 UTC,research,"",1,0,false,"Symonds Street, Auckland, Auckland, NZ",-36.8516783492,174.7706430009,45,,,45,,false,,,Mountain flax,Phormium cookianum,Wharariki,Plantae,129178
87830083,cda8ac57-f088-46d6-8c76-9a70e9a2f6ad,2021/07/20 1:46 PM NZST,2021-07-20,2021-07-20 01:46:00 UTC,Auckland,2021-07-20 09:23:54 UTC,2021-07-21 01:42:56 UTC,casual,"",0,0,true,"Auckland CBD, Auckland, New Zealand",-36.8502166667,174.7709666667,5,,,5,,false,,,Rough-leaved Cats-Whiskers,Rotheca myricoides,Rough-leaved Cats-whiskers,Plantae,340357
87830084,6ffb3bab-acb7-402d-8cd8-1ad79698d308,2021/07/20 1:45 PM NZST,2021-07-20,2021-07-20 01:45:00 UTC,Auckland,2021-07-20 09:23:54 UTC,2021-07-20 09:23:54 UTC,casual,"",0,0,true,"Auckland CBD, Auckland, New Zealand",-36.8502305556,174.7701722222,9,,,9,,false,,,Tea,Camellia sinensis,tea,Plantae,123005
90712436,9c781cc9-988d-4d18-884b-6df870edd98c,Wed Aug 11 2021 10:33:05 GMT+1200 (GMT+12),2021-08-11,2021-08-10 22:33:05 UTC,Auckland,2021-08-10 22:33:09 UTC,2021-08-11 23:35:50 UTC,needs_id,"",0,0,false,"University of Auckland, Auckland, Auckland, NZ",-36.8509815708,174.7703712791,65,,,65,,false,,,"",Liliopsida,Monocots,Plantae,47163
90717379,5fb01eb0-b4cb-477e-846e-398ba6732b86,Wed Aug 11 2021 10:59:11 GMT+1200 (GMT+12),2021-08-11,2021-08-10 22:59:11 UTC,Auckland,2021-08-10 23:26:13 UTC,2021-08-10 23:26:13 UTC,casual,"",0,0,false,"University of Auckland, Auckland, Auckland, NZ",-36.8509981051,174.7703353205,65,,,65,,false,,,"",Cenchrus clandestinus,Kikuyu Grass,Plantae,60298
90953173,b0ecdcfd-2d9d-478b-9ae4-2cb7361052b7,2021-08-13 13:33:03,2021-08-13,2021-08-13 01:33:03 UTC,Wellington,2021-08-13 01:33:11 UTC,2023-06-22 06:57:18 UTC,research,"",2,0,false,"18 Waterloo Quadrant, Auckland CBD, Auckland 1010, New Zealand",-36.8498895363,174.7711679712,39,,,39,,false,gps,gps,Leather-leaf fern,Pyrrosia eleagnifolia,Leather-leaf fern,Plantae,210959
91380270,e0a33668-16d6-4e21-859f-1e737726e4e8,Tue Aug 03 2021 17:15:28 GMT+1200 (GMT+12),2021-08-03,2021-08-03 05:15:28 UTC,Auckland,2021-08-16 07:44:49 UTC,2021-08-16 21:30:15 UTC,research,"",2,0,false,"Engineering, Auckland, Auckland, NZ",-36.8531533333,174.7696216667,10,,,10,open,false,,,hound's tongue fern,Microsorum pustulatum,hound's tongue fern,Plantae,64060
91380316,6405ad4c-992f-4112-ad68-3866415a64f0,Tue Aug 03 2021 17:17:21 GMT+1200 (GMT+12),2021-08-03,2021-08-03 05:17:21 UTC,Auckland,2021-08-16 07:45:37 UTC,2021-08-16 21:29:57 UTC,research,"",1,0,false,"University of Auckland, Auckland, Auckland, NZ",-36.85358,174.7689366667,50,,,50,,false,,,Hen and Chicks Fern,Asplenium bulbiferum,Hen and chickens fern,Plantae,122909
91380357,fa75870c-fe21-4d9e-b863-b3f56223d292,Tue Aug 03 2021 17:15:22 GMT+1200 (GMT+12),2021-08-03,2021-08-03 05:15:22 UTC,Auckland,2021-08-16 07:46:22 UTC,2024-03-16 08:13:16 UTC,casual,"",2,0,true,"Engineering, Auckland, Auckland, NZ",-36.8530916667,174.76953,10,,,10,,false,,,Climbing fig,Ficus pumila,Climbing fig,Plantae,162972
92186688,5c8e5372-8545-4c3c-835c-89d22eb86b9e,2021/01/21 4:04 PM NZDT,2021-01-21,2021-01-21 03:04:00 UTC,Auckland,2021-08-23 01:17:02 UTC,2021-08-23 01:59:39 UTC,research,"",1,0,false,"Auckland CBD, Auckland, New Zealand",-36.8514527778,174.76915,32,,,32,,false,,,Kawakawa,Piper excelsum,Kawakawa,Plantae,404899
92187084,7bfc5f72-9e9e-4817-a277-997895b9f595,2020/10/20 10:01 AM NZDT,2020-10-20,2020-10-19 21:01:00 UTC,Auckland,2021-08-23 01:20:25 UTC,2022-04-28 06:14:17 UTC,casual,"",2,0,true,"Auckland CBD, Auckland, New Zealand",-36.8512083333,174.7729805556,16,,,16,,false,,,Metrosideros colensoi,Metrosideros colensoi,,Plantae,366728
92854169,8468449d-e212-4d67-8169-3436d2bc4c43,2021/08/05 1:56 PM NZST,2021-08-05,2021-08-05 01:56:00 UTC,Wellington,2021-08-29 00:58:41 UTC,2021-09-03 09:42:36 UTC,research,"",3,0,false,"Auckland CBD, Auckland, New Zealand",-36.8514416667,174.769065,,,,,,false,,,skeleton fork fern,Psilotum nudum,skeleton fork fern,Plantae,167517
93122723,4d559cc8-d2b8-4ca1-bded-7eb5cf9bfb0b,2021-08-31 17:49:49,2021-08-31,2021-08-31 05:49:49 UTC,Wellington,2021-08-31 05:51:23 UTC,2021-08-31 06:00:53 UTC,casual,"",1,0,true,"Auckland CBD, Auckland, Новая Зеландия",-36.85107,174.7702983333,4,,,4,,false,,,Mediterranean spurge,Euphorbia characias,Mediterranean spurge,Plantae,181594
93122792,ec03b36c-043a-44e9-8e70-13fae64781be,2021-08-31 17:51:43,2021-08-31,2021-08-31 05:51:43 UTC,Wellington,2021-08-31 05:52:40 UTC,2025-12-01 12:24:58 UTC,casual,"",1,0,true,"Auckland CBD, Auckland, Новая Зеландия",-36.85111,174.77035,5,,,5,open,false,,,shrubby fuchsia,Fuchsia paniculata,shrubby fuchsia,Plantae,163113
95349734,aebb65f1-07ea-4e0b-9423-e296c4802038,Sun Sep 19 2021 13:58:04 GMT+1200 (GMT+12),2021-09-19,2021-09-19 01:58:04 UTC,Auckland,2021-09-19 01:58:20 UTC,2023-02-19 23:18:03 UTC,casual,"",2,0,true,"University of Auckland, Auckland, Auckland, NZ",-36.8510273408,174.7730641427,9,,,9,,false,,,crimson rātā,Metrosideros carminea,crimson rātā,Plantae,403885
97186736,528db9ab-559d-4145-b93f-e72874ac1ca1,Mon Oct 04 2021 15:42:10 GMT+1300 (GMT+13),2021-10-04,2021-10-04 02:42:10 UTC,Nuku'alofa,2021-10-04 21:51:33 UTC,2021-10-05 18:52:14 UTC,research,"",2,0,false,"University of Auckland, Auckland, Auckland, NZ",-36.8493451093,174.7698708307,21,,,21,,false,,,Elkhorn fern,Platycerium bifurcatum,Elkhorn fern,Plantae,133619
98401345,3a20705b-46ad-469a-828a-c4f306121029,2021/10/16 9:33 AM UTC,2021-10-16,2021-10-16 09:33:00 UTC,UTC,2021-10-16 18:02:33 UTC,2021-10-16 18:02:33 UTC,casual,"",0,0,true,"Auckland CBD, Auckland, New Zealand",-36.8534388889,174.7689222222,12,,,12,,false,,,Phormium colensoi,Phormium colensoi,,Plantae,404827
98468418,bb969583-f3ef-42a1-87c7-1854dffcacdd,2021/10/16 4:34 PM NZDT,2021-10-16,2021-10-16 03:34:00 UTC,Auckland,2021-10-17 08:43:46 UTC,2021-10-17 16:15:32 UTC,research,"",1,0,false,"Auckland CBD, Auckland, New Zealand",-36.85118103,174.7689666747,,,,,,false,,,common daisy,Bellis perennis,English daisy,Plantae,55563
98468453,5897717a-1594-4058-843c-a840598fc119,2021/10/16 4:48 PM NZDT,2021-10-16,2021-10-16 03:48:00 UTC,Auckland,2021-10-17 08:44:49 UTC,2024-10-18 17:51:23 UTC,casual,"",1,0,true,"Auckland CBD, Auckland, New Zealand",-36.85118103,174.7689666747,,,,,,false,,,common bird-of-paradise flower,Strelitzia reginae,common bird-of-paradise flower,Plantae,49143
98469901,9a62a523-93d8-4375-bf13-37a038581fa9,2021/10/16 4:41 PM NZDT,2021-10-16,2021-10-16 03:41:00 UTC,Auckland,2021-10-17 09:18:22 UTC,2021-10-17 22:57:37 UTC,research,"",1,0,false,"Auckland CBD, Auckland, New Zealand",-36.8530197142,174.7676696775,,,,,,false,,,Japanese Anemone,Eriocapitella × hybrida,Japanese Anemone,Plantae,950339
98475097,213f1132-0910-40d0-befd-3bea1f903474,2021/10/16 4:51 PM NZDT,2021-10-16,2021-10-16 03:51:00 UTC,Auckland,2021-10-17 10:50:23 UTC,2021-10-17 13:21:16 UTC,research,"",1,0,false,"Auckland CBD, Auckland, New Zealand",-36.8530197142,174.7676696775,,,,,,false,,,Bear's breeches,Acanthus mollis,Bear's breeches,Plantae,70045
98741020,84ac52a5-eee3-42f1-91e7-3cd366c53a08,2021/06/29 12:55 PM NZST,2021-06-29,2021-06-29 00:55:00 UTC,Auckland,2021-10-19 22:10:07 UTC,2021-10-20 04:18:16 UTC,casual,"",1,0,true,"Auckland CBD, Auckland, New Zealand",-36.8517416667,174.7727194444,5,,,5,open,false,,,Perching kohukohu,Pittosporum cornifolium,Tāwhirikaro,Plantae,407617
98741025,a8fe3e54-6978-4648-b403-99254a176e6f,2021/06/29 1:43 PM NZST,2021-06-29,2021-06-29 01:43:00 UTC,Auckland,2021-10-19 22:10:08 UTC,2022-01-14 07:41:13 UTC,casual,"",1,0,true,"Auckland, New Zealand",-36.8506861111,174.7707666667,8,,,8,open,false,,,Pittosporum pimeleoides pimeleoides,Pittosporum pimeleoides pimeleoides,,Plantae,413004
98741027,504cb895-73be-4750-87ec-a696a4480821,2021/06/29 12:48 PM NZST,2021-06-29,2021-06-29 00:48:00 UTC,Auckland,2021-10-19 22:10:09 UTC,2021-10-19 22:10:09 UTC,casual,"",0,0,true,"Auckland CBD, Auckland, New Zealand",-36.8522333333,174.7716055556,4,,,4,,false,,,Vriesea gigantea,Vriesea gigantea,,Plantae,803739
98741029,3c10c5b7-6ac3-4b87-8f62-6c63b806446c,2021/06/29 12:53 PM NZST,2021-06-29,2021-06-29 00:53:00 UTC,Auckland,2021-10-19 22:10:10 UTC,2023-12-15 03:21:51 UTC,casual,"",2,0,true,"Auckland CBD, Auckland, New Zealand",-36.8518222222,174.7722944444,4,,,4,,false,,,Colicwood,Magnoliopsida,dicots [paraphyletic],Plantae,47124
98741031,e29a000f-b17c-4fb6-ad56-a2af1b445473,2021/06/29 1:04 PM NZST,2021-06-29,2021-06-29 01:04:00 UTC,Auckland,2021-10-19 22:10:10 UTC,2021-11-09 21:45:07 UTC,casual,"",0,0,true,"Auckland CBD, Auckland, New Zealand",-36.85075,174.77295,4,,,4,,false,,,Fuchsia fulgens,Fuchsia fulgens,brilliant fuchsia,Plantae,291926
98744131,b11fa2e5-ab09-4ff2-8be3-f7825a77ef53,2021/06/29 1:32 PM NZST,2021-06-29,2021-06-29 01:32:00 UTC,Auckland,2021-10-19 22:52:12 UTC,2024-11-23 14:10:38 UTC,casual,"",0,0,true,"Auckland CBD, Auckland, New Zealand",-36.8510166667,174.7698833333,71,,,71,,false,,,Plants,Plantae,Plants,Plantae,47126
98744132,0aed79a4-861e-4daa-9719-cfce7c9dee95,2021/06/29 1:33 PM NZST,2021-06-29,2021-06-29 01:33:00 UTC,Auckland,2021-10-19 22:52:12 UTC,2022-12-29 19:30:41 UTC,casual,"",0,0,true,"Auckland CBD, Auckland, New Zealand",-36.8508611111,174.7696527778,65,,,65,,false,,,"sunflowers, daisies, asters, and allies",Asteraceae,daisy family,Plantae,47604
98750376,cde0382b-098c-44a2-9ed2-b045e2160b71,2021/06/29 1:18 PM NZST,2021-06-29,2021-06-29 01:18:00 UTC,Auckland,2021-10-20 00:21:13 UTC,2021-10-20 00:21:13 UTC,casual,"",0,0,true,"Auckland CBD, Auckland, New Zealand",-36.8490361111,174.7697444444,4,,,4,,false,,,Bush Allamanda,Allamanda schottii,Bush Allamanda,Plantae,327732
98946128,b85ff34a-2782-4e7c-8027-64facd4a15f1,2021-10-21 15:36:11,2021-10-21,2021-10-21 02:36:11 UTC,Wellington,2021-10-22 04:02:01 UTC,2023-11-22 20:12:13 UTC,casual,"",3,0,true,"Auckland CBD, Auckland, New Zealand",-36.850588,174.7702328889,,,,,,false,gps,gps,dicots,Magnoliopsida,dicots [paraphyletic],Plantae,47124
99153879,741b1073-b8e6-44fb-8558-c14cd11b6df3,2021-10-24 13:22:32,2021-10-24,2021-10-24 00:22:32 UTC,Wellington,2021-10-24 00:23:15 UTC,2021-10-24 03:15:52 UTC,casual,"GPS, in situ",0,0,true,"Auckland, New Zealand",-36.8502666667,174.7698,9,,,9,,false,,,Easter lily vine,Beaumontia grandiflora,Easter lily vine,Plantae,428002
99275986,b7cd1ef7-2fb6-4c98-a98c-f75456de7962,2021-10-25 11:42:14,2021-10-25,2021-10-24 22:42:14 UTC,Wellington,2021-10-24 22:42:42 UTC,2024-10-26 17:29:47 UTC,research,"GPS, in situ",1,0,false,"Auckland, New Zealand",-36.8498966667,174.7693033333,10,,,10,,false,,,Italian arum,Arum italicum,Italian arum,Plantae,61168
100429696,0a249671-13cd-4e31-9ba5-504c0f909829,2021-11-07 09:27:49,2021-11-07,2021-11-06 20:27:49 UTC,Wellington,2021-11-06 20:28:16 UTC,2023-03-13 01:04:12 UTC,casual,"",2,0,true,"Grafton, Auckland, New Zealand",-36.854908,174.7683323,28,,,28,open,false,,,Japanese maple,Acer palmatum,Japanese maple,Plantae,63512
100438247,c32a54b9-a424-4cfe-8453-240662e85a77,2021-11-07 11:11:44,2021-11-07,2021-11-06 22:11:44 UTC,Wellington,2021-11-06 22:12:16 UTC,2021-11-07 00:38:52 UTC,casual,"GPS, in situ",0,0,true,"Auckland, New Zealand",-36.8507066667,174.76954,9,,,9,,false,,,Cupid's-dart,Catananche caerulea,Cupid's-dart,Plantae,209304
100969000,fd6dbff7-59d0-4e64-a243-07514e639b0a,Sat Nov 13 2021 13:21:24 GMT+1300 (GMT+13),2021-11-13,2021-11-13 00:21:24 UTC,Nuku'alofa,2021-11-13 01:35:05 UTC,2021-11-13 02:06:07 UTC,casual,"GPS, in situ",0,0,true,"Auckland, New Zealand",-36.8528575093,174.7719252154,5,,,5,,false,,,West Indies Cedrela,Cedrela odorata,West Indies Cedrela,Plantae,62833
101241598,acc4cff1-14e2-42e4-afcb-aab10bb02d0a,Tue Nov 16 2021 16:54:37 GMT+1300 (GMT+13),2021-11-16,2021-11-16 03:54:37 UTC,Nuku'alofa,2021-11-16 03:55:55 UTC,2022-03-30 17:01:04 UTC,research,"",1,0,false,"University of Auckland, Auckland, Auckland, NZ",-36.850032555,174.7707541568,5,,,5,,false,,,Purple passion fruit,Passiflora edulis edulis,Purple passion fruit,Plantae,1054000
101241816,4b7621aa-b382-41e8-8579-204cb29ec75a,Tue Nov 16 2021 16:59:03 GMT+1300 (GMT+13),2021-11-16,2021-11-16 03:59:03 UTC,Nuku'alofa,2021-11-16 03:59:32 UTC,2023-09-26 20:56:43 UTC,needs_id,"",2,0,false,"University of Auckland, Auckland, Auckland, NZ",-36.8498974387,174.7707455234,5,,,5,,false,,,Apieae,Apieae,,Plantae,790576
101665409,37f1aa1c-d89b-4e03-a583-c9fc6d3f64ba,2021-11-22 12:10:33,2021-11-22,2021-11-21 23:10:33 UTC,Wellington,2021-11-21 23:11:36 UTC,2021-11-24 21:18:53 UTC,research,"GPS, in situ",3,0,false,"Auckland, New Zealand",-36.84872,174.769935,7,,,7,,false,,,Potato Orchid,Gastrodia sesamoides,Cinnamon Bells,Plantae,337634
101810487,bf40075a-bf59-4ff3-b9b0-db8804acd943,2021-11-24 18:13:39,2021-11-24,2021-11-24 05:13:39 UTC,Wellington,2021-11-24 05:14:15 UTC,2021-11-25 03:07:04 UTC,research,"GPS, in situ",3,0,false,"Auckland, New Zealand",-36.8492016667,174.7699683333,9,,,9,,false,,,Potato Orchid,Gastrodia sesamoides,Cinnamon Bells,Plantae,337634
101966726,5b055ea8-5131-45ed-8cf1-c6c489d2e21f,2021-11-27 11:14:20,2021-11-27,2021-11-26 22:14:20 UTC,Wellington,2021-11-26 22:14:53 UTC,2021-11-27 03:40:49 UTC,needs_id,"GPS (corrected), in situ",0,0,false,"Auckland, New Zealand",-36.853459,174.771547,9,,,9,,false,,,Saint John's Wort,Hypericum perforatum,Saint John's wort,Plantae,56077
102275127,f2f46f61-80e6-4ce5-aa41-159bb3b102ef,2021/12/01 2:32 PM NZDT,2021-12-01,2021-12-01 01:32:00 UTC,Auckland,2021-12-01 01:47:13 UTC,2021-12-02 07:37:28 UTC,needs_id,"",2,0,false,"Grafton, Auckland, New Zealand",-36.8561961432,174.7667751715,61,,,61,open,false,,,Однодольные,Liliopsida,Monocots,Plantae,47163
102322732,dfd23614-77b3-445c-ba20-9aa9cdbbb973,2021-12-02 11:19:10,2021-12-02,2021-12-01 22:19:10 UTC,Wellington,2021-12-01 22:19:44 UTC,2021-12-02 02:15:15 UTC,casual,"GPS, in situ",0,0,true,"Auckland, New Zealand",-36.85119,174.770495,9,,,9,,false,,,Japanese zelkova,Zelkova serrata,Japanese zelkova,Plantae,129055
102449648,40cfd272-6a93-4713-b0f8-61dbed40a1ac,2021-12-04 17:40:40,2021-12-04,2021-12-04 04:40:40 UTC,Wellington,2021-12-04 05:08:24 UTC,2022-03-01 03:34:13 UTC,needs_id,"",2,0,false,"Auckland CBD, Auckland, New Zealand",-36.849825,174.769823,,,,,open,false,gps,gps,angel's trumpets,Brugmansia,angel's trumpets,Plantae,62900
102449686,268575ac-cdce-4ac6-841d-0defaf04ef4f,2021-12-04 17:39:00,2021-12-04,2021-12-04 04:39:00 UTC,Wellington,2021-12-04 05:09:07 UTC,2022-08-22 03:46:42 UTC,casual,"",0,0,true,"Waterloo Quadrant, Auckland CBD, Auckland 1010, New Zealand",-36.8506309722,174.7712119722,,,,,,false,gps,gps,,Melicope simplex,Poataniwha,Plantae,366690
102449801,61e92708-1019-42de-8bb8-5b8f003003bd,2021-12-04 17:40:05,2021-12-04,2021-12-04 04:40:05 UTC,Wellington,2021-12-04 05:10:18 UTC,2024-02-29 01:53:34 UTC,casual,"",1,0,true,"Waterloo Quadrant, Auckland CBD, Auckland 1010, New Zealand",-36.8506309722,174.7712119722,,,,,,false,gps,gps,Speedwells and Hebes,Veronica,Speedwells and Hebes,Plantae,51611
102491457,0cb795a0-2934-47c2-a2b8-876e3165ae40,Sun Dec 05 2021 11:02:09 GMT+1300 (GMT+13),2021-12-05,2021-12-04 22:02:09 UTC,Nuku'alofa,2021-12-04 22:02:50 UTC,2021-12-05 20:19:42 UTC,research,"GPS, in situ",2,0,false,"Auckland, New Zealand",-36.8534783333,174.768565,9,,,9,,false,,,New Zealand Bamboo Orchid,Earina mucronata,Peka-a-waka,Plantae,401597
102805021,54a258c3-0c13-4c6f-9cc5-8e5964b345b7,2021-12-10 19:36:20,2021-12-10,2021-12-10 06:36:20 UTC,Wellington,2021-12-10 06:46:50 UTC,2021-12-25 06:01:25 UTC,casual,"",0,0,true,"Auckland CBD, Auckland, Новая Зеландия",-36.8509166667,174.7700166667,9,,,9,,false,,,common gardenia,Gardenia jasminoides,common gardenia,Plantae,210990
103293623,18e157c3-bd0a-4290-b605-c9b27defa1df,2021-12-19 7:35:03 PM GMT+13:00,2021-12-19,2021-12-19 06:35:03 UTC,Nuku'alofa,2021-12-19 06:37:12 UTC,2022-09-23 23:31:40 UTC,casual,"",1,0,true,"Auckland High Court, Auckland CBD, Auckland 1010, New Zealand",-36.8493526839,174.7703073174,17,,,17,open,false,,,Bird Catcher Tree,Ceodes brunoniana,Parapara,Plantae,400629
105576827,f98f7928-48fa-4fb8-bb20-3d67480242ce,2020/10/30 5:39 PM NZDT,2020-10-30,2020-10-30 04:39:00 UTC,Auckland,2022-01-25 22:11:13 UTC,2022-01-26 06:34:55 UTC,casual,"",2,0,true,"Auckland CBD, Auckland, New Zealand",-36.8511851,174.7710691,,,,,open,false,,,Myrsine,Myrsine,Colicwood,Plantae,70257
105576828,c34f8870-4f12-49c6-93dc-af0a5327a023,2020/10/30 5:38 PM NZDT,2020-10-30,2020-10-30 04:38:00 UTC,Auckland,2022-01-25 22:11:14 UTC,2023-06-11 10:14:45 UTC,casual,"",1,0,true,"Auckland CBD, Auckland, New Zealand",-36.8515328,174.7719294,,,,,,false,,,Metrosideros colensoi,Metrosideros colensoi,,Plantae,366728
106002991,f8f236a6-60d6-40ec-a9b4-0a74451ebc21,2022-02-02 12:36:32,2022-02-02,2022-02-01 23:36:32 UTC,Wellington,2022-02-02 04:22:37 UTC,2022-04-26 06:32:39 UTC,research,"",1,0,false,"Auckland CBD, Auckland, New Zealand",-36.8512234682,174.7710472718,24,,,24,,false,gps,gps,Cypress-leaved Plait-moss,Hypnum cupressiforme,Cypress-leaved Plait-moss,Plantae,163992
106057647,9a31ef40-4cbf-45d0-9b57-5e98c1861350,2022/02/03 6:35 PM NZDT,2022-02-03,2022-02-03 05:35:00 UTC,Auckland,2022-02-03 06:03:37 UTC,2022-09-14 02:38:59 UTC,casual,"",0,0,true,"Whitaker Place, Grafton, Auckland, New Zealand",-36.855084,174.768509,,,,,,false,,,flame tree,Brachychiton acerifolius,flame tree,Plantae,122300
106883403,a8311ac6-67f7-4be2-8da0-0808fb306f61,Sat Feb 12 2022 12:37:04 GMT+1300 (GMT+13),2022-02-12,2022-02-11 23:37:04 UTC,Nuku'alofa,2022-02-16 22:38:36 UTC,2023-01-13 03:24:04 UTC,casual,"",2,0,true,"University of Auckland, Auckland, Auckland, NZ",-36.854755,174.7663583333,6,,,6,,false,,,Spleenworts,Asplenium,Spleenworts,Plantae,71992
106883410,eadbf50a-6777-421a-aa2e-4cb350094d9b,Sat Feb 12 2022 12:37:11 GMT+1300 (GMT+13),2022-02-12,2022-02-11 23:37:11 UTC,Nuku'alofa,2022-02-16 22:38:48 UTC,2024-07-09 16:00:17 UTC,casual,"",3,0,true,"University of Auckland, Auckland, Auckland, NZ",-36.8547366667,174.7663116667,5,,,5,,false,,,Bracteolatae,Bracteolatae,,Plantae,1392780
106883455,b77e892a-530d-43b6-a0df-3fde295c9153,Sat Feb 12 2022 12:37:14 GMT+1300 (GMT+13),2022-02-12,2022-02-11 23:37:14 UTC,Nuku'alofa,2022-02-16 22:39:00 UTC,2024-07-09 16:00:17 UTC,casual,"",3,0,true,"University of Auckland, Auckland, Auckland, NZ",-36.8547166667,174.7663416667,5,,,5,,false,,,Bracteolatae,Bracteolatae,,Plantae,1392780
106890021,c83c5559-18e5-42ef-ada7-2f8e62f040a9,Sat Feb 12 2022 12:31:50 GMT+1300 (GMT+13),2022-02-12,2022-02-11 23:31:50 UTC,Nuku'alofa,2022-02-17 00:55:08 UTC,2022-08-30 06:33:42 UTC,casual,"",1,0,true,"University of Auckland, Auckland, Auckland, NZ",-36.852295,174.769805,6,,,6,,false,,,London Plane,Platanus × hispanica,London Plane,Plantae,552449
107005578,c317e5a0-e8b7-41ec-8eb4-85d5510366f8,2022-02-19 11:12:38,2022-02-19,2022-02-18 22:12:38 UTC,Auckland,2022-02-19 00:40:12 UTC,2024-07-01 22:29:17 UTC,casual,"",0,0,true,"Auckland, New Zealand",-36.852313,174.770768,6,,,6,open,false,,,Sago Cycad,Cycas revoluta,Sago cycad,Plantae,129783
107005904,39591677-fcff-4501-85ea-6ae5a49e7b9c,2022-02-19 11:17:59,2022-02-19,2022-02-18 22:17:59 UTC,Auckland,2022-02-19 00:49:02 UTC,2024-07-01 22:29:17 UTC,casual,"",1,0,true,"Auckland, New Zealand",-36.852348,174.771019,3,,,3,open,false,,,Sago cycad,Cycas revoluta,Sago cycad,Plantae,129783
107084247,f1d1f897-4413-445e-8e29-3e7a8d3b8772,2022-02-20 12:13:06,2022-02-20,2022-02-19 23:13:06 UTC,Auckland,2022-02-20 03:14:32 UTC,2022-02-23 18:27:25 UTC,casual,GPS (corrected),1,0,true,"Auckland, New Zealand",-36.849551,174.769823,7,,,7,open,false,,,Halocarpus kirkii,Halocarpus kirkii,monoao,Plantae,135974
107087526,09a5732c-708f-4984-8705-cf571b660cf3,2022-02-20 13:16:56,2022-02-20,2022-02-20 00:16:56 UTC,Auckland,2022-02-20 04:30:26 UTC,2022-05-28 09:57:09 UTC,needs_id,"",1,0,false,"Auckland, New Zealand",-36.851668,174.772687,6,,,6,,false,,,ponysfoots,Dichondra,ponysfoots,Plantae,61178
107925776,ffdb4ea9-e6c9-4100-8837-3b1b3348f3c6,2022-03-05 13:11:37,2022-03-05,2022-03-05 00:11:37 UTC,Auckland,2022-03-05 02:40:30 UTC,2025-07-08 17:36:44 UTC,casual,"",1,0,true,"Auckland, New Zealand",-36.8502583333,174.7709805556,,,,,,false,,,Cartwheel Tree,Trochodendron aralioides,Cartwheel Tree,Plantae,429716
107926463,572c7e27-ff76-456f-b845-8261eac67b27,2022-03-05 13:19:57,2022-03-05,2022-03-05 00:19:57 UTC,Auckland,2022-03-05 03:00:56 UTC,2022-03-05 03:04:39 UTC,casual,"",0,0,true,"Auckland, New Zealand",-36.8485222222,174.7714222222,,,,,open,false,,,Yellow Bauhinia,Bauhinia tomentosa,Yellow bauhinia,Plantae,340307
107991364,11e42d0f-6e7b-4481-ba14-42cd0a752b83,Sun Mar 06 2022 13:57:50 GMT+1300 (GMT+13),2022-03-06,2022-03-06 00:57:50 UTC,Nuku'alofa,2022-03-06 00:57:56 UTC,2022-03-06 08:20:02 UTC,needs_id,"",0,0,false,"Whitaker Place, Grafton, Auckland, NZ",-36.8571566698,174.7669310031,4,,,4,open,false,,,"",Mentha spicata,spearmint,Plantae,62652
107991764,328d5d03-1118-4034-84cc-ddf3dabd15ae,Sun Mar 06 2022 14:01:50 GMT+1300 (GMT+13),2022-03-06,2022-03-06 01:01:50 UTC,Nuku'alofa,2022-03-06 01:04:29 UTC,2022-03-06 01:05:05 UTC,needs_id,"",0,0,false,"Whitaker Place, Grafton, Auckland, NZ",-36.857145,174.7669216667,4,,,4,open,false,,,"",Mentha spicata,spearmint,Plantae,62652
108146001,9dceddfa-ab96-44ef-beb9-c9bce9564fbe,2022-03-08 11:13:39,2022-03-08,2022-03-07 22:13:39 UTC,Auckland,2022-03-08 00:49:24 UTC,2022-03-08 00:57:09 UTC,casual,"",0,0,true,"Auckland, New Zealand",-36.854888,174.768631,5,,,5,,false,,,Black Bean,Castanospermum australe,Black bean,Plantae,202155
109258682,6e648b66-83a8-41f1-bcc0-5e3ce9c964e8,2022-03-23 11:20:01,2022-03-23,2022-03-22 22:20:01 UTC,Wellington,2022-03-22 22:21:12 UTC,2022-03-22 22:23:20 UTC,casual,"",0,0,true,"University of Auckland, Auckland CBD, Auckland 1010, New Zealand",-36.85226,174.7706633333,9,,,9,open,false,,,Sago cycad,Cycas revoluta,Sago cycad,Plantae,129783
109311523,4fb3cd10-b036-41b0-9719-b3713b02c593,2022-03-23 12:19:00,2022-03-23,2022-03-22 23:19:00 UTC,Wellington,2022-03-23 19:40:37 UTC,2022-03-23 19:47:29 UTC,casual,"",1,0,true,"Auckland CBD, Auckland, New Zealand",-36.8500785556,174.7693786389,,,,,,false,gps,gps,Kaihua,Parsonsia heterophylla,Kaihua,Plantae,366734
109726052,d20534c3-8156-40a1-ad20-7b234cc93a83,2022-03-28 16:22:25,2022-03-28,2022-03-28 03:22:25 UTC,Wellington,2022-03-28 03:23:52 UTC,2022-05-24 02:16:54 UTC,casual,"",1,0,true,"Waterloo Quadrant, Auckland CBD, Auckland 1010, New Zealand",-36.8501783333,174.7709883333,9,,,9,open,false,,,blue spruce,Picea pungens,blue spruce,Plantae,119092
111269130,76ecc9f6-464b-4912-b0c5-03a3a65682a6,2022-04-13 10:47:25,2022-04-13,2022-04-12 22:47:25 UTC,Auckland,2022-04-13 02:12:01 UTC,2022-05-24 02:16:35 UTC,casual,"",1,0,true,"Auckland, New Zealand",-36.8497416667,174.7708138889,5,,,5,open,false,,,Rough-leaved Cats-whiskers,Rotheca myricoides,Rough-leaved Cats-whiskers,Plantae,340357
111603470,227b0a16-623c-454e-9053-7c4e7bbab902,2022-04-16 13:04:43,2022-04-16,2022-04-16 01:04:43 UTC,Auckland,2022-04-16 03:00:56 UTC,2022-04-16 03:02:00 UTC,casual,"",0,0,true,"Auckland, New Zealand",-36.8501666667,174.77095,,,,,open,false,,,Blue Spruce,Picea pungens,blue spruce,Plantae,119092
112788691,1d6c5666-d6e3-405b-989c-cd4b6b03f045,2022-04-25 14:46:19+12:00,2022-04-25,2022-04-25 02:46:19 UTC,Wellington,2022-04-25 03:18:25 UTC,2023-01-15 06:32:53 UTC,casual,"",1,0,true,"Auckland, New Zealand",-36.85223,174.7704616667,,,,,open,false,,,Morinda spruce,Picea smithiana,Morinda spruce,Plantae,135805
116219736,909ec775-656a-497b-86c9-ba1250122376,2022-05-09 11:52:57,2022-05-09,2022-05-08 23:52:57 UTC,Wellington,2022-05-09 02:33:12 UTC,2023-03-13 12:55:22 UTC,casual,"",0,1,true,"Auckland, New Zealand",-36.850971,174.772384,5,,,5,,false,,,Pealeaf Palm Sorrel,Oxalis flava fabifolia,Pealeaf Palm Sorrel,Plantae,600479
116240078,bae4b9d5-d270-4e12-b3f3-8ee749874fd7,2022-05-09 13:29:28,2022-05-09,2022-05-09 01:29:28 UTC,Wellington,2022-05-09 05:57:29 UTC,2022-05-18 21:46:06 UTC,research,"",4,0,false,"University General Library, Auckland CBD, Auckland 1010, New Zealand",-36.8512140782,174.769324623,176,,,176,,false,,,Leather-leaf fern,Pyrrosia eleagnifolia,Leather-leaf fern,Plantae,210959
116241170,6fc43294-cfd4-419b-8ac7-360a8121987a,2022-05-09 16:02:09,2022-05-09,2022-05-09 04:02:09 UTC,Wellington,2022-05-09 06:14:51 UTC,2022-05-18 21:46:06 UTC,research,"",3,0,false,University of Auckland General Library,-36.8512140782,174.769324623,176,,,176,,false,gps,gps,Leather-leaf fern,Pyrrosia eleagnifolia,Leather-leaf fern,Plantae,210959
116352798,640560bb-c2f8-4645-9283-5753ad1c0012,2022-05-10 11:59:21,2022-05-10,2022-05-09 23:59:21 UTC,Wellington,2022-05-10 00:00:24 UTC,2024-07-01 23:28:53 UTC,needs_id,"",3,0,false,"University of Auckland, Auckland CBD, Auckland 1010, New Zealand",-36.85267798,174.77020464,9,,,9,,false,,,New Zealand flaxes,Phormium,New Zealand flaxes,Plantae,51756
117525070,01f4515f-001c-4971-b816-c30f6b8c87a5,2022-05-10 12:03:41,2022-05-10,2022-05-10 00:03:41 UTC,Wellington,2022-05-18 00:02:19 UTC,2022-05-18 21:46:06 UTC,needs_id,"",0,0,false,"University of Auckland, Auckland CBD, Auckland 1010, New Zealand",-36.8526040578,174.7704387456,26,,,26,,false,gps,gps,Capillary Thread-moss,Ptychostomum capillare,Capillary Thread-moss,Plantae,1121982
117648231,b6888b2b-c744-47de-bc54-f9fdb6523da1,2022-05-19 09:20:16,2022-05-19,2022-05-18 21:20:16 UTC,Wellington,2022-05-18 21:25:30 UTC,2024-03-18 09:06:16 UTC,research,"",1,0,false,"Auckland CBD, Auckland, New Zealand",-36.85074699,174.769981429,21,,,21,,false,gps,gps,Persischer Ehrenpreis,Veronica persica,bird's-eye speedwell,Plantae,55666
117648909,8d47a0e9-4b67-4970-8de8-1e40c9e443c0,2022-05-19 09:19:51,2022-05-19,2022-05-18 21:19:51 UTC,Wellington,2022-05-18 21:30:48 UTC,2022-05-18 21:46:06 UTC,needs_id,"",0,0,false,"Auckland CBD, Auckland, New Zealand",-36.8507496729,174.7700176388,29,,,29,,false,gps,gps,least yellow-sorrel,Oxalis exilis,least yellow-sorrel,Plantae,57865
117649807,ec1bd0a0-426f-4a1b-9260-269ec0d877e2,2022-05-19 09:20:05,2022-05-19,2022-05-18 21:20:05 UTC,Wellington,2022-05-18 21:37:03 UTC,2024-05-06 05:54:28 UTC,needs_id,"",2,0,false,"Auckland CBD, Auckland, New Zealand",-36.8508594026,174.7698124498,25,,,25,open,false,gps,gps,grasses,Poaceae,Grasses,Plantae,47434
117650008,cc69627d-f61d-4fe9-8e78-1464b091eda0,2022-05-19 09:37:21,2022-05-19,2022-05-18 21:37:21 UTC,Wellington,2022-05-18 21:38:48 UTC,2023-10-21 08:28:48 UTC,casual,"",2,0,true,"Auckland CBD, Auckland, New Zealand",-36.8511624918,174.7705920386,2,,,2,,false,,,ivies,Hedera,ivies,Plantae,55883
117810173,7f2325ab-4e7e-48a1-8243-274668bf380d,2022-05-20 13:51:13+12:00,2022-05-20,2022-05-20 01:51:13 UTC,Wellington,2022-05-20 01:59:23 UTC,2022-05-20 01:59:51 UTC,needs_id,"",0,0,false,"Waterloo Quadrant, Auckland, Auckland, NZ",-36.8485966667,174.77118,5,,,5,,false,,,"",Canna indica,Indian shot,Plantae,146643
117810704,51bd38bb-d0cc-4b3a-8c74-456286151e1c,2022-05-20 13:55:21+12:00,2022-05-20,2022-05-20 01:55:21 UTC,Wellington,2022-05-20 02:06:08 UTC,2022-05-21 11:14:29 UTC,needs_id,"",0,0,false,"University of Auckland, Auckland, Auckland, NZ",-36.850095,174.7701283333,30,,,30,,false,,,"",Psidium,guavas,Plantae,62867
118268658,6ddd7df7-6c9f-4c00-b40d-5c1db21071d0,2022-05-23 09:23:08,2022-05-23,2022-05-22 21:23:08 UTC,Wellington,2022-05-22 21:24:03 UTC,2022-05-23 06:50:17 UTC,casual,"",2,0,true,"Auckland CBD, Auckland, New Zealand",-36.8507321228,174.7693428537,8,,,8,open,false,,,Kawakawa,Piper excelsum,Kawakawa,Plantae,404899
118607848,b6f1767f-b70f-4163-ace5-daaa5c62c140,2022-05-24 16:41:47,2022-05-24,2022-05-24 04:41:47 UTC,Wellington,2022-05-25 03:47:34 UTC,2024-04-28 22:33:20 UTC,casual,"",1,0,true,"Auckland CBD, Auckland, New Zealand",-36.85120683,174.77122081,9,,,9,open,false,,,scarlet oak,Quercus coccinea,scarlet oak,Plantae,54784
125881354,cefdea84-2e83-4eb7-91ec-e2b922105ac3,2022-07-12 13:36:04,2022-07-12,2022-07-12 01:36:04 UTC,Wellington,2022-07-12 03:49:57 UTC,2022-07-12 03:51:19 UTC,casual,"",0,0,true,"Auckland, New Zealand",-36.851324,174.770486,2,,,2,,false,,,Silk Floss Tree,Ceiba speciosa,Silk floss tree,Plantae,154290
126145998,b1a318dd-5dc8-40c1-8c7d-665aa2bd079c,2022-07-14 11:42:20+12:00,2022-07-14,2022-07-13 23:42:20 UTC,Wellington,2022-07-14 01:14:58 UTC,2022-07-14 03:48:18 UTC,research,"",1,0,false,"North Island, Auckland, Auckland, NZ",-36.8523014627,174.7729041762,24,,,24,open,false,,,tree privet,Ligustrum lucidum,tree privet,Plantae,77740
126293105,63db293b-3849-4bc1-bff7-e6a40dda8668,2022-07-15 14:29:48,2022-07-15,2022-07-15 02:29:48 UTC,Wellington,2022-07-15 02:38:17 UTC,2022-07-15 15:44:14 UTC,research,"",1,0,false,"Waterloo Quadrant, Auckland CBD, Auckland 1010, New Zealand",-36.8500689722,174.771127,,,,,,false,gps,gps,Bonfire moss,Funaria hygrometrica,Bonfire moss,Plantae,120000
127052309,0498644e-2b7a-40ca-8682-8bda271d9225,2022-07-20 13:26:07,2022-07-20,2022-07-20 01:26:07 UTC,Wellington,2022-07-20 04:41:40 UTC,2022-07-20 04:47:57 UTC,casual,"",0,0,true,"Auckland, New Zealand",-36.8499,174.768638,2,,,2,,false,,,Chinaflowers,Adenandra,Chinaflowers,Plantae,119191
128560803,2a783daf-acd8-4664-9771-1777d287664b,2022-07-30 14:00:15,2022-07-30,2022-07-30 02:00:15 UTC,Wellington,2022-07-30 04:32:58 UTC,2022-07-30 04:41:25 UTC,research,"",1,0,false,"Auckland, New Zealand",-36.852523,174.772687,7,,,7,,false,,,sticky snakeroot,Ageratina adenophora,Mexican devil,Plantae,64114
128565035,2f878451-d8cf-4bb9-925b-586806b01310,2022-07-29 08:51:04,2022-07-29,2022-07-28 20:51:04 UTC,Wellington,2022-07-30 05:38:44 UTC,2025-09-19 03:15:14 UTC,casual,"",1,0,true,"Auckland CBD, Auckland, New Zealand",-36.8503439722,174.7696149722,,,,,,false,,,holly family,Aquifoliaceae,holly family,Plantae,53855
129621912,b305e7b3-6435-4e51-af5e-35e5278c5a10,2022/05/10 3:16 PM,2022-05-10,2022-05-10 03:16:00 UTC,Wellington,2022-08-06 02:05:22 UTC,2023-06-09 11:29:26 UTC,needs_id,"",2,0,false,"Auckland CBD, Auckland, New Zealand",-36.8513876341,174.7707644488,4,,,4,,false,,,flax-lilies,Dianella,flax-lilies,Plantae,53691
130194849,f7ee4406-3928-45e1-9537-8c5deabae686,2022-08-10 14:34:27,2022-08-10,2022-08-10 02:34:27 UTC,Wellington,2022-08-10 02:35:05 UTC,2024-04-28 22:33:20 UTC,casual,"",0,0,true,"Alfred Street, Auckland CBD, Auckland 1010, New Zealand",-36.85119513,174.76926688,8,,,8,,false,,,junipers,Juniperus,junipers,Plantae,47574
132082001,55899434-0b39-40c9-b5f5-9570e035804d,2022-08-24 12:33:48+12:00,2022-08-24,2022-08-24 00:33:48 UTC,Wellington,2022-08-24 00:35:48 UTC,2022-08-24 03:19:46 UTC,needs_id,"",2,0,false,"North Island, Auckland, Auckland, NZ",-36.8521991257,174.7679448164,32,,,32,open,false,,,Coprosma,Coprosma,Coprosma,Plantae,70254
132096718,139aa501-5f71-4a09-aa2f-51428773a78a,2022-08-24 15:11:48,2022-08-24,2022-08-24 03:11:48 UTC,Wellington,2022-08-24 03:15:07 UTC,2024-04-28 22:33:20 UTC,casual,"",0,0,true,"Auckland CBD, Auckland, New Zealand",-36.84961727,174.76976598,3,,,3,open,false,,,kusamaki,Podocarpus macrophyllus,kusamaki,Plantae,135329
132495909,52b3d557-c25b-4df5-9261-6831c5d55836,2022-08-27 12:26:28,2022-08-27,2022-08-27 00:26:28 UTC,Wellington,2022-08-27 02:25:03 UTC,2025-06-13 08:12:42 UTC,research,"",1,0,false,"Auckland, New Zealand",-36.85361,174.770534,8,,,8,,false,,,Mistflower,Ageratina riparia,Mistflower,Plantae,158112
133421393,eb9f0fc3-f92a-49fb-a661-ff6479335e82,2022-08-30 14:43:58+12:00,2022-08-30,2022-08-30 02:43:58 UTC,Wellington,2022-09-03 03:55:52 UTC,2022-09-03 03:55:59 UTC,casual,"",0,0,true,"University of Auckland - City Campus, Auckland, Auckland, NZ",-36.8506166667,174.770325,32,,,32,,false,,,"",Prunus campanulata,Taiwan Cherry,Plantae,199339
133422601,2a89c09b-fdd4-4c50-9103-b6250fc4a4ce,2022-09-03 13:31:40,2022-09-03,2022-09-03 01:31:40 UTC,Wellington,2022-09-03 04:18:32 UTC,2022-09-03 04:22:45 UTC,casual,"",0,0,true,"Auckland, New Zealand",-36.85102,174.772905,3,,,3,,false,,,Five-leaf Akebia,Akebia quinata,Five-leaf akebia,Plantae,126249
133422914,58dacff4-6202-4fab-b6e6-c2c3380f5a62,2022-09-03 13:34:02,2022-09-03,2022-09-03 01:34:02 UTC,Wellington,2022-09-03 04:24:11 UTC,2024-10-27 19:08:25 UTC,casual,"",0,0,true,"Auckland, New Zealand",-36.850988,174.772581,3,,,3,,false,,,Lesser Periwinkle,Vinca minor,lesser periwinkle,Plantae,55844
133423068,9be18058-a008-4d27-9b3c-5fa53ad137f5,2022-09-03 13:38:24,2022-09-03,2022-09-03 01:38:24 UTC,Wellington,2022-09-03 04:28:07 UTC,2022-09-20 09:18:22 UTC,casual,"",1,0,true,"Auckland, New Zealand",-36.850989,174.772318,3,,,3,open,false,,,Florida Anise,Illicium floridanum,Florida Anise,Plantae,164050
133423289,dbf044ec-1dca-408c-86db-e57d949f3e5c,2022-09-03 13:54:25,2022-09-03,2022-09-03 01:54:25 UTC,Wellington,2022-09-03 04:32:37 UTC,2022-09-03 04:39:16 UTC,research,"",1,0,false,"Auckland, New Zealand",-36.853435,174.771446,9,,,9,,false,,,Common Chickweed,Stellaria media,common chickweed,Plantae,53298
134378875,2d25b1d1-90de-49f4-8746-eea4d77ae25e,2022-09-10 13:02:22,2022-09-10,2022-09-10 01:02:22 UTC,Wellington,2022-09-10 02:55:48 UTC,2024-10-10 23:35:47 UTC,casual,"",0,0,true,"Auckland, New Zealand",-36.848867,174.770092,6,,,6,,false,,,Peacock Moraea,Moraea villosa,Peacock Moraea,Plantae,120331
135481628,61ac03b4-1b60-47c3-beee-04ccce2154da,2022-09-18 15:38:51,2022-09-18,2022-09-18 03:38:51 UTC,Wellington,2022-09-18 05:32:20 UTC,2022-09-18 05:43:49 UTC,casual,"",0,0,true,"Auckland, New Zealand",-36.850902,174.769736,1,,,1,,false,,,Absinthe Wormwood,Artemisia absinthium,absinthe wormwood,Plantae,60350
136860356,96a6593a-0210-484d-88e3-99aa2769664a,2022-09-29 12:05:26+13:00,2022-09-29,2022-09-28 23:05:26 UTC,Wellington,2022-09-28 23:14:35 UTC,2022-09-29 18:57:40 UTC,casual,"",0,0,true,"Te Ika-a-Māui, Auckland, Auckland, NZ",-36.8512633333,174.77292,33,,,33,,false,,,"",Metrosideros colensoi,,Plantae,366728
136945224,1fd78da9-2f9e-4e9f-9193-1be94efad033,2022-09-30 07:39:44+13:00,2022-09-30,2022-09-29 18:39:44 UTC,Wellington,2022-09-29 18:57:42 UTC,2022-09-29 20:55:19 UTC,research,"",1,0,false,"University of Auckland - City Campus, Auckland, Auckland, NZ",-36.8514583333,174.7692116667,17,,,17,open,false,,,Kawakawa,Piper excelsum,Kawakawa,Plantae,404899
137367972,8aeae78c-e0a9-4016-95cb-b84c2d1257ee,2022-10-03 12:25:26,2022-10-03,2022-10-02 23:25:26 UTC,Wellington,2022-10-03 02:17:53 UTC,2022-10-06 04:13:31 UTC,casual,"",1,0,true,"Auckland, New Zealand",-36.84894,174.770215,7,,,7,,false,,,Pamianthe peruviana,Pamianthe peruviana,,Plantae,431403
137623264,1aab77ad-dc46-4efd-ac01-44b585d1c5de,2022-10-03 12:58:14,2022-10-03,2022-10-02 23:58:14 UTC,Wellington,2022-10-05 11:48:44 UTC,2026-04-13 01:17:51 UTC,casual,"",0,0,true,"Albert Park, Auckland CBD, Auckland 1010, New Zealand",-36.8505074083,174.7690087929,118,,,118,,false,,,Large-leaved milk tree,Paratrophis banksii,Large-leaved milk tree,Plantae,404561
138340694,f845704d-7c64-4a2d-8bd4-43085278ffdb,2022-10-11 11:39:06+13:00,2022-10-11,2022-10-10 22:39:06 UTC,Wellington,2022-10-11 02:02:01 UTC,2022-10-11 02:24:56 UTC,casual,"",1,0,true,"North Island, Auckland, Auckland, NZ",-36.8562001491,174.7669713161,22,,,22,,false,,,magnolias,Magnolia,magnolias,Plantae,82096
138340814,1cb25645-fa2d-49f9-a5a5-cc7912409d02,2022-10-11 11:41:52+13:00,2022-10-11,2022-10-10 22:41:52 UTC,Wellington,2022-10-11 02:03:25 UTC,2022-10-11 22:55:50 UTC,research,"",2,0,false,"North Island, Auckland, Auckland, NZ",-36.8561891447,174.7669652449,18,,,18,open,false,,,black maidenhair fern,Adiantum capillus-veneris,black maidenhair fern,Plantae,63916
138340949,aebb7d8a-af8c-4cda-87de-eb853265e8b5,2022-10-11 11:50:15+13:00,2022-10-11,2022-10-10 22:50:15 UTC,Wellington,2022-10-11 02:04:53 UTC,2024-03-26 05:37:52 UTC,research,"",1,0,false,"North Island, Auckland, Auckland, NZ",-36.856371579,174.7671599193,13,,,13,open,false,,,Nīkau palm,Rhopalostylis sapida,Nīkau palm,Plantae,85274
138341602,e5df9dae-c5a4-48b4-ae75-5a4d83e269f5,2022-10-11 15:08:31+13:00,2022-10-11,2022-10-11 02:08:31 UTC,Wellington,2022-10-11 02:11:35 UTC,2022-10-11 03:17:55 UTC,research,"",1,0,false,"North Island, Auckland, Auckland, NZ",-36.8563672618,174.7671419734,15,,,15,open,false,,,tree privet,Ligustrum lucidum,tree privet,Plantae,77740
138448581,11de0367-351d-4b8b-9449-c1c797d2cde2,2022-10-12 10:27:07,2022-10-12,2022-10-11 21:27:07 UTC,Wellington,2022-10-12 00:12:08 UTC,2022-10-12 00:47:28 UTC,research,"",1,0,false,"Auckland, New Zealand",-36.851063,174.771187,7,,,7,,false,,,Aluminium Plant,Lamium galeobdolon,Aluminium plant,Plantae,204339
138449836,e402601d-e1d1-4bb7-a748-1e417379076c,2022-10-12 10:29:45,2022-10-12,2022-10-11 21:29:45 UTC,Wellington,2022-10-12 00:26:55 UTC,2022-10-12 00:30:17 UTC,casual,"",0,0,true,"Auckland, New Zealand",-36.851021,174.770736,4,,,4,,false,,,Blue Mist Flower,Bartlettina sordida,Blue Mist Flower,Plantae,289658
138455055,52a601ab-4272-44c4-8171-affb569f38d6,2022-10-12 11:07:30,2022-10-12,2022-10-11 22:07:30 UTC,Wellington,2022-10-12 01:33:44 UTC,2023-03-23 07:51:45 UTC,casual,"",0,0,true,"Auckland, New Zealand",-36.850051,174.771498,8,,,8,,false,,,Red-fruited Olive Plum,Elaeodendron australe,Red-fruited Olive Plum,Plantae,183592
138636104,386a6918-e40b-4507-8a4b-dd5560b05cfa,2022-09-27 13:17:32+13:00,2022-09-27,2022-09-27 00:17:32 UTC,Wellington,2022-10-13 18:27:31 UTC,2023-06-09 11:29:26 UTC,research,"",1,0,false,"University of Auckland - City Campus, Auckland, Auckland, NZ",-36.850005,174.769255,14,,,14,,false,,,Kaihua,Parsonsia heterophylla,Kaihua,Plantae,366734
138636146,ecb69df2-c2d3-42a1-8856-72ddbbc52389,2022-10-10 13:56:30+13:00,2022-10-10,2022-10-10 00:56:30 UTC,Wellington,2022-10-13 18:27:54 UTC,2023-06-09 11:29:26 UTC,casual,"",0,0,true,"Maclaurin Chapel, Auckland, Auckland, NZ",-36.8492966667,174.7696833333,7,,,7,open,false,,,"",Veronica speciosa,Titirangi,Plantae,738802
138789035,4d88ce8a-611b-44d7-82f8-7117107ba043,2022-10-15 11:31:05,2022-10-15,2022-10-14 22:31:05 UTC,Wellington,2022-10-15 02:00:24 UTC,2022-10-15 02:15:03 UTC,research,"",1,0,false,"Auckland, New Zealand",-36.853141,174.772037,5,,,5,,false,,,Fern-Grass,Catapodium rigidum,Fern-grass,Plantae,288259
139063162,093c26e4-c502-44cc-9ca4-10e80320bb6d,2022/10/17 2:07 PM,2022-10-17,2022-10-17 01:07:00 UTC,Wellington,2022-10-17 01:18:19 UTC,2023-03-08 23:13:17 UTC,casual,"",2,0,true,"Grafton, Auckland, New Zealand",-36.856937,174.767365,6,,,6,,false,,,pine family,Pinaceae,pine family,Plantae,47562
139066403,63bc3059-bc2c-4f06-8de2-63015eea6a61,2022-10-17 14:40:06+13:00,2022-10-17,2022-10-17 01:40:06 UTC,Wellington,2022-10-17 01:50:15 UTC,2025-02-25 09:46:15 UTC,needs_id,"",3,1,false,"North Island, Auckland, Auckland, NZ",-36.8576196391,174.7666856178,4,,,4,,false,,,vascular plants,Tracheophyta,Vascular Plants,Plantae,211194
139406166,665646cb-9613-45ee-bf21-ea1db6a42be9,2022-09-25 15:20:52+13:00,2022-09-25,2022-09-25 02:20:52 UTC,Wellington,2022-10-20 07:24:32 UTC,2022-10-20 08:30:44 UTC,needs_id,"",0,0,false,"University of Auckland - City Campus, Auckland, Auckland, NZ",-36.8509995395,174.7694788515,35,,,35,,false,,,"",Asplenium × lucrosum,false hen and chickens fern,Plantae,988494
139406210,bb92fd5c-1a6f-49b4-abdf-ab3d21a25e69,2022-09-25 17:17:36+13:00,2022-09-25,2022-09-25 04:17:36 UTC,Wellington,2022-10-20 07:25:47 UTC,2022-10-20 07:58:12 UTC,casual,"",0,0,true,"University of Auckland - City Campus, Auckland, Auckland, NZ",-36.8500695521,174.7697650834,8,,,8,open,false,,,"",Piper excelsum,Kawakawa,Plantae,404899
139581303,476c4b6b-5b6c-4ece-bcd0-38cc56ea33df,2022-10-22 10:21:47,2022-10-22,2022-10-21 21:21:47 UTC,Wellington,2022-10-22 00:51:44 UTC,2022-10-22 19:02:11 UTC,casual,"",0,0,true,"Auckland, New Zealand",-36.855843,174.768063,8,,,8,,false,,,Shieldfern Family,Dryopteridaceae,shieldfern family,Plantae,47753
139582152,64b71399-b4fc-47be-ad4e-81c3dfba163f,2022-10-22 10:30:07,2022-10-22,2022-10-21 21:30:07 UTC,Wellington,2022-10-22 01:06:30 UTC,2022-10-22 01:11:15 UTC,casual,"",0,0,true,"Auckland, New Zealand",-36.855343,174.768389,7,,,7,,false,,,River Bells,Mackaya bella,River bells,Plantae,403681
139586225,501e881b-7422-46a9-a85b-e1907fd99178,2022-10-22 11:42:30,2022-10-22,2022-10-21 22:42:30 UTC,Wellington,2022-10-22 02:04:50 UTC,2022-10-22 02:18:26 UTC,casual,"",0,0,true,"Auckland, New Zealand",-36.84978,174.771077,13,,,13,,false,,,Pinellia,Pinellia,,Plantae,156599
139598188,28a5b85e-ff8f-4b98-8f13-769f4de0c3e9,2022-10-17 15:22:43+13:00,2022-10-17,2022-10-17 02:22:43 UTC,Wellington,2022-10-22 05:45:59 UTC,2026-03-09 11:33:55 UTC,needs_id,"",2,0,false,"North Island, Auckland, Auckland, NZ",-36.857545,174.7665466667,4,,,4,,false,,,Hypnales,Hypnales,Feather Mosses,Plantae,67858
139698297,ef6a8a4e-f088-4f8b-a30d-b25c38152ef0,2022-10-23 11:59:16,2022-10-23,2022-10-22 22:59:16 UTC,Wellington,2022-10-23 01:29:20 UTC,2022-10-24 23:50:37 UTC,casual,"",1,0,true,"Auckland, New Zealand",-36.852215,174.771093,5,,,5,open,false,,,Katsura Tree,Cercidiphyllum japonicum,katsura tree,Plantae,133356
139700301,6b419c7e-5a3a-46c5-b289-207bc375a2e3,2022-10-23 12:47:58,2022-10-23,2022-10-22 23:47:58 UTC,Wellington,2022-10-23 01:56:38 UTC,2022-10-23 05:48:24 UTC,casual,"",1,0,true,"Auckland, New Zealand",-36.848926,174.770232,8,,,8,,false,,,Stars,Pauridia capensis,Stars,Plantae,508464
140031856,1ca50eb1-7a9c-428a-b4f7-50e93f9bd492,2022/10/26 5:34 PM,2022-10-26,2022-10-26 04:34:00 UTC,Wellington,2022-10-26 04:39:10 UTC,2022-10-26 04:39:10 UTC,needs_id,"",0,0,false,"Auckland CBD, Auckland, New Zealand",-36.8534831843,174.770610617,2,,,2,,false,,,Coprosma,Coprosma,Coprosma,Plantae,70254
140719971,bc286b20-df92-483b-8712-a7ed2f71ea0e,2022-11-01 12:21:26+13:00,2022-11-01,2022-10-31 23:21:26 UTC,Wellington,2022-11-01 00:33:48 UTC,2022-11-01 00:34:38 UTC,casual,"",0,0,true,"University of Auckland - City Campus, Auckland, Auckland, NZ",-36.8501916667,174.7701716667,4,,,4,open,false,,,"",Psidium guajava,Common guava,Plantae,62859
140720407,5a594144-3a23-4181-879d-5c5d4b4beefa,2022-11-01 12:22:46+13:00,2022-11-01,2022-10-31 23:22:46 UTC,Wellington,2022-11-01 00:38:58 UTC,2022-11-01 02:43:27 UTC,casual,"",1,0,true,"University of Auckland - City Campus, Auckland, Auckland, NZ",-36.84977,174.77002,3,,,3,,false,,,Wonder tree,Idesia polycarpa,Wonder tree,Plantae,402779
140721004,137a9c3b-a125-429f-8ef6-e2c8f673674e,2022-11-01 12:23:10+13:00,2022-11-01,2022-10-31 23:23:10 UTC,Wellington,2022-11-01 00:45:28 UTC,2022-11-01 02:34:19 UTC,needs_id,"",1,0,false,"University of Auckland - City Campus, Auckland, Auckland, NZ",-36.84975,174.7700366667,3,,,3,,false,,,Brachyglottis,Brachyglottis,,Plantae,184566
140721262,ab6a55ac-5fa3-4cfa-99ac-a2f00913fc23,2022-11-01 12:35:42+13:00,2022-11-01,2022-10-31 23:35:42 UTC,Wellington,2022-11-01 00:48:35 UTC,2026-03-07 13:18:54 UTC,needs_id,"",2,0,false,"Maclaurin Chapel, Auckland, Auckland, NZ",-36.849395,174.7698366667,4,,,4,open,false,,,conifers,Pinales,conifers,Plantae,47375
140721439,3773040b-f3f3-48cb-af75-b8b53ef65dd6,2022-11-01 12:37:03+13:00,2022-11-01,2022-10-31 23:37:03 UTC,Wellington,2022-11-01 00:51:10 UTC,2022-11-06 17:34:54 UTC,casual,"",2,0,true,"Maclaurin Chapel, Auckland, Auckland, NZ",-36.8494833333,174.76967,4,,,4,,false,,,coral tree,Erythrina × sykesii,coral tree,Plantae,411298
140721851,8e12a538-7527-4693-92a6-cab8e64b76f8,2022-11-01 12:43:27+13:00,2022-11-01,2022-10-31 23:43:27 UTC,Wellington,2022-11-01 00:55:15 UTC,2022-11-06 17:34:56 UTC,casual,"",2,0,true,"University of Auckland - City Campus, Auckland, Auckland, NZ",-36.8502116667,174.76918,3,,,3,open,false,,,Titoki,Alectryon excelsus,Tītoki,Plantae,399464
140722499,3fc28f63-e52f-414b-b8fc-b36783200845,2022-11-01 12:51:33+13:00,2022-11-01,2022-10-31 23:51:33 UTC,Wellington,2022-11-01 01:03:44 UTC,2022-11-01 01:31:38 UTC,research,"",1,0,false,"North Island, Auckland, Auckland, NZ",-36.8498633333,174.76863,15,,,15,,false,,,Italian arum,Arum italicum,Italian arum,Plantae,61168
140722847,7092385b-b44c-4eb8-b518-0103e6238bad,2022-11-01 12:51:41+13:00,2022-11-01,2022-10-31 23:51:41 UTC,Wellington,2022-11-01 01:05:46 UTC,2022-11-01 03:09:40 UTC,research,"",1,0,false,"North Island, Auckland, Auckland, NZ",-36.84992,174.76857,15,,,15,,false,,,Sweet violet,Viola odorata,Sweet violet,Plantae,55845
140832709,c97adfba-fc81-4209-923a-3eeab25d6cb3,2022-11-02 12:25:01+13:00,2022-11-02,2022-11-01 23:25:01 UTC,Wellington,2022-11-02 00:49:45 UTC,2022-11-02 00:50:27 UTC,casual,"",0,0,true,"University of Auckland - City Campus, Auckland, Auckland, NZ",-36.85073,174.7693633333,4,,,4,,false,,,"",Heuchereae,alumroot tribe,Plantae,1424203
140832860,0733819a-0fca-492e-9c81-8855946f9bd2,2022-11-02 12:24:27+13:00,2022-11-02,2022-11-01 23:24:27 UTC,Wellington,2022-11-02 00:51:59 UTC,2022-11-02 00:52:14 UTC,casual,"",0,0,true,"University of Auckland - City Campus, Auckland, Auckland, NZ",-36.8507466667,174.7694383333,4,,,4,,false,,,"",Dianthus barbatus,Sweet-William,Plantae,60015
140839561,ed84ddc2-443a-47d7-b905-6b156374d4a7,2022-11-02 12:24:35+13:00,2022-11-02,2022-11-01 23:24:35 UTC,Wellington,2022-11-02 02:22:48 UTC,2022-11-02 02:24:00 UTC,casual,"",0,0,true,"University of Auckland - City Campus, Auckland, Auckland, NZ",-36.8507783333,174.7693633333,4,,,4,,false,,,"",Heuchera villosa,hairy alumroot,Plantae,163746
140839629,eeb1d4b1-738e-4775-8a90-ed8d4336c605,2022-11-02 12:22:59+13:00,2022-11-02,2022-11-01 23:22:59 UTC,Wellington,2022-11-02 02:24:10 UTC,2022-11-02 20:09:47 UTC,research,"",1,0,false,"University of Auckland - City Campus, Auckland, Auckland, NZ",-36.8506966667,174.769455,4,,,4,,false,,,Common Mallow,Malva sylvestris,Common Mallow,Plantae,56162
140842139,164d16e2-8d7e-40a9-b4c4-4de80071dd1f,2022-11-02 15:58:35,2022-11-02,2022-11-02 02:58:35 UTC,Wellington,2022-11-02 02:59:37 UTC,2022-11-03 08:05:53 UTC,needs_id,"",0,0,false,"Auckland CBD, Auckland, New Zealand",-36.84898,174.7714383333,9,,,9,,false,,,Section Geranium,Geranium,Section Geranium,Plantae,964919
140842352,0fb21453-030c-44ec-b1bb-90f38c048055,2022-11-02 16:00:29,2022-11-02,2022-11-02 03:00:29 UTC,Wellington,2022-11-02 03:03:19 UTC,2022-11-03 08:05:39 UTC,casual,"",0,0,true,"Auckland High Court, Auckland CBD, Auckland 1010, New Zealand",-36.84894,174.7712716667,8,,,8,open,false,,,weeping bottlebrush,Melaleuca viminalis,weeping bottlebrush,Plantae,77977
141041686,8463e035-34d9-4a5b-adde-384f4d561920,2022-11-04 16:58:22+13:00,2022-11-04,2022-11-04 03:58:22 UTC,Wellington,2022-11-04 04:52:41 UTC,2022-11-04 07:03:49 UTC,casual,"",1,0,true,"University of Auckland - City Campus, Auckland, Auckland, NZ",-36.8501666667,174.7701416667,3,,,3,,false,,,Mountain pawpaw,Vasconcellea pubescens,Mountain pawpaw,Plantae,508242
141125696,76169fe4-598e-476d-b347-4a72262f83f8,2022-11-05 12:12:18,2022-11-05,2022-11-04 23:12:18 UTC,Wellington,2022-11-05 03:38:32 UTC,2024-06-18 23:16:29 UTC,research,"",1,0,false,"Auckland, New Zealand",-36.853141,174.772037,5,,,5,,false,,,Fern-Grass,Catapodium rigidum,Fern-grass,Plantae,288259
141222603,cd1c8ec0-6310-4d04-821d-2723ecda8ae6,2022-11-06 12:44:19,2022-11-06,2022-11-05 23:44:19 UTC,Wellington,2022-11-06 02:13:47 UTC,2022-11-06 02:19:19 UTC,needs_id,"",0,0,false,"Auckland, New Zealand",-36.848937,174.769008,2,,,2,,false,,,Cornsalads,Valerianella,Cornsalads,Plantae,55754
141396746,93f77ed6-2141-4e82-a53b-5c13c8a78045,2022-11-07 16:05:14+13:00,2022-11-07,2022-11-07 03:05:14 UTC,Wellington,2022-11-07 20:02:58 UTC,2022-11-23 10:20:31 UTC,casual,"",1,0,true,"University of Auckland - City Campus, Auckland, Auckland, NZ",-36.8504466667,174.7709666667,14,,,14,,false,,,creeping willowherb,Epilobium nummulariifolium,New Zealand Willowherb,Plantae,411141
141647938,543c4f35-47b8-4efa-95c9-e7efafc308e9,2022-11-01 12:27:38+13:00,2022-11-01,2022-10-31 23:27:38 UTC,Wellington,2022-11-10 22:52:26 UTC,2022-11-11 00:04:00 UTC,research,"",1,0,false,"Maclaurin Chapel, Auckland, Auckland, NZ",-36.849645,174.76967,16,,,16,,false,,,Mano de léon,Monstera deliciosa,Fruit salad plant,Plantae,122521
142257508,1cc4dbcf-0832-4061-b66a-40d1cddf6705,2022-11-18 11:06:33,2022-11-18,2022-11-17 22:06:33 UTC,Wellington,2022-11-18 00:55:09 UTC,2024-03-05 07:38:59 UTC,casual,"",0,2,true,"Auckland, New Zealand",-36.852055,174.770672,4,,,4,open,false,,,Cornelian Cherry,Cornus mas,Cornelian cherry,Plantae,55858
142269084,643b896d-3c55-4d28-a4bc-ef1a333795e9,2022-11-18 09:59:00+13:00,2022-11-18,2022-11-17 20:59:00 UTC,Wellington,2022-11-18 05:07:37 UTC,2022-11-18 22:14:08 UTC,needs_id,"",2,0,false,"North Island, Auckland, Auckland, NZ",-36.8530883333,174.769945,4,,,4,,false,,,Sun Orchids,Thelymitra,Sun Orchids,Plantae,54686
142269302,dd861e66-2106-4148-b98e-ab9f5a426fd4,2022-11-18 10:31:38+13:00,2022-11-18,2022-11-17 21:31:38 UTC,Wellington,2022-11-18 05:11:50 UTC,2022-11-18 21:19:31 UTC,research,"",3,0,false,"North Island, Auckland, Auckland, NZ",-36.8533366667,174.7695916667,18,,,18,,false,,,Leather-leaf fern,Pyrrosia eleagnifolia,Leather-leaf fern,Plantae,210959
142269427,51bc4abd-0dda-4953-a43c-3cb4bdf5d75b,2022-11-18 10:25:56+13:00,2022-11-18,2022-11-17 21:25:56 UTC,Wellington,2022-11-18 05:13:26 UTC,2025-06-25 03:46:39 UTC,needs_id,"",3,0,false,"North Island, Auckland, Auckland, NZ",-36.853295,174.7696216667,27,,,27,open,false,,,Poeae,Poeae,,Plantae,552962
142269561,140bb7b5-cecf-4f55-8ba8-e08f4f391d3b,2022-11-18 10:19:24+13:00,2022-11-18,2022-11-17 21:19:24 UTC,Wellington,2022-11-18 05:15:48 UTC,2023-09-23 01:07:09 UTC,research,"",1,0,false,"North Island, Auckland, Auckland, NZ",-36.8531116667,174.76973,4,,,4,,false,,,common onion-orchid,Microtis unifolia,Maikaika,Plantae,353958
142269685,4cae0c9f-66f3-40b9-88e5-7650558b2306,2022-11-18 09:28:10+13:00,2022-11-18,2022-11-17 20:28:10 UTC,Wellington,2022-11-18 05:18:54 UTC,2025-09-09 23:32:14 UTC,needs_id,"",2,0,false,"North Island, Auckland, Auckland, NZ",-36.85312,174.76973,9,,,9,,false,,,grasses,Aira caryophyllea,Silver Hairgrass,Plantae,52694
142269734,82227d97-8674-41d1-84fd-671206619b9b,2022-11-18 10:34:21+13:00,2022-11-18,2022-11-17 21:34:21 UTC,Wellington,2022-11-18 05:20:11 UTC,2022-11-18 08:40:02 UTC,research,"",2,0,false,"North Island, Auckland, Auckland, NZ",-36.8529883333,174.7697916667,19,,,19,,false,,,Common Broomrape,Orobanche minor,Common Broomrape,Plantae,60029
142269842,cf86985d-eb9e-47c7-b10e-15d16af03297,2022-11-18 10:01:51+13:00,2022-11-18,2022-11-17 21:01:51 UTC,Wellington,2022-11-18 05:22:47 UTC,2023-09-17 10:38:44 UTC,research,"",2,0,false,"North Island, Auckland, Auckland, NZ",-36.85343,174.7689966667,54,,,54,,false,,,Lesser hop trefoil,Trifolium dubium,Suckling clover,Plantae,53313
142337818,8a8083b9-aa06-4038-8347-a4a9e24a8431,2022-11-18 10:26:45+13:00,2022-11-18,2022-11-17 21:26:45 UTC,Wellington,2022-11-19 03:30:40 UTC,2026-03-09 01:23:30 UTC,research,"",1,0,false,"North Island, Auckland, Auckland, NZ",-36.8532416667,174.76967,19,,,19,,false,,,Cut-leaved crane's-bill,Geranium dissectum,Cut-leaved crane's-bill,Plantae,53075
142337962,1da148da-eee6-405d-a4d6-8eb590fe9508,2022-11-18 10:22:11+13:00,2022-11-18,2022-11-17 21:22:11 UTC,Wellington,2022-11-19 03:33:50 UTC,2022-11-19 05:17:15 UTC,research,"",1,0,false,"North Island, Auckland, Auckland, NZ",-36.8532616667,174.76953,69,,,69,,false,,,Smooth hawksbeard,Crepis capillaris,Smooth hawksbeard,Plantae,54050
142338111,052b35a1-bd27-48bb-b4c8-48f946faf171,2022-11-18 10:16:18+13:00,2022-11-18,2022-11-17 21:16:18 UTC,Wellington,2022-11-19 03:36:06 UTC,2023-02-07 16:47:07 UTC,research,"",3,0,false,"North Island, Auckland, Auckland, NZ",-36.85298,174.7697133333,11,,,11,,false,,,scarlet pimpernel,Lysimachia arvensis,scarlet pimpernel,Plantae,791928
142338350,73d26928-24ae-415b-a4c2-8df48bffcceb,2022-11-18 10:02:24+13:00,2022-11-18,2022-11-17 21:02:24 UTC,Wellington,2022-11-19 03:39:35 UTC,2022-11-19 05:31:45 UTC,research,"",1,0,false,"North Island, Auckland, Auckland, NZ",-36.85308,174.7699883333,4,,,4,,false,,,Small-flowered Catchfly,Silene gallica,Small-flowered Catchfly,Plantae,53212
142510479,19022850-b8b1-4afa-ad75-2d6074328d4d,2022-11-21,2022-11-21,,Wellington,2022-11-21 04:26:00 UTC,2024-07-15 00:03:38 UTC,casual,"",0,0,true,"Auckland, New Zealand",-36.849316,174.770063,6,,,6,open,false,,,Canary Islands olive,Picconia excelsa,Canary Islands olive,Plantae,342116
142996848,45473f17-6d38-45e1-b347-a79cfc86104c,2022-11-27 14:44:10,2022-11-27,2022-11-27 01:44:10 UTC,Wellington,2022-11-27 03:18:10 UTC,2023-06-28 03:56:57 UTC,research,"",1,0,false,"Auckland CBD, Auckland, New Zealand",-36.8509861111,174.7706944444,,,,,,false,gps,gps,Potato Orchid,Gastrodia sesamoides,Cinnamon Bells,Plantae,337634
143457495,a3898e81-2f0a-49e9-9e7b-0d47d8429b71,2022-12-02 11:45:18+13:00,2022-12-02,2022-12-01 22:45:18 UTC,Wellington,2022-12-01 22:52:49 UTC,2023-06-28 03:56:44 UTC,research,"",2,0,false,"University of Auckland - City Campus, Auckland, Auckland, NZ",-36.8512833333,174.7709966667,35,,,35,,false,,,Potato Orchid,Gastrodia sesamoides,Cinnamon Bells,Plantae,337634
143849728,787d718d-7169-4405-97e1-916a5dc1899f,2022-12-02 11:05:34+13:00,2022-12-02,2022-12-01 22:05:34 UTC,Wellington,2022-12-07 06:33:20 UTC,2023-06-09 11:29:26 UTC,casual,"",0,0,true,"University of Auckland - City Campus, Auckland, Auckland, NZ",-36.8497018328,174.7706373882,34,,,34,,false,,,"",Coreopsis lanceolata,Lance-leaved Coreopsis,Plantae,76444
143970885,ccc8ba68-fbe3-495d-b7dc-6bec6ccf8046,2022-12-09 11:44:24+13:00,2022-12-09,2022-12-08 22:44:24 UTC,Wellington,2022-12-09 00:28:59 UTC,2022-12-09 22:12:56 UTC,needs_id,"",2,0,false,"Auckland, New Zealand",-36.850155,174.770882,6,,,6,,false,,,Crystalworts,Riccia,Crystalworts,Plantae,53014
145230642,e4b103bf-0b52-4400-9ada-fe044c726e9d,2022-12-28 12:27:32+13:00,2022-12-28,2022-12-27 23:27:32 UTC,Wellington,2022-12-28 02:13:52 UTC,2026-03-10 01:08:06 UTC,research,"",2,0,false,"Auckland, New Zealand",-36.853444,174.771603,5,,,5,,false,,,Saint John's Wort,Hypericum perforatum,Saint John's wort,Plantae,56077
146377535,719fda79-1202-4a70-8585-d4936e74bd95,2023-01-12 13:19:02+13:00,2023-01-12,2023-01-12 00:19:02 UTC,Wellington,2023-01-12 03:00:25 UTC,2026-01-22 19:05:29 UTC,casual,"",2,0,true,"Auckland, New Zealand",-36.848531,174.770217,4,,,4,,false,,,"Bamboos, Canes, and Allies",Bambusoideae,"Bamboos, Canes, and Allies",Plantae,201656
146446491,037f5b70-1d2e-4de6-893b-9cf7f2ea0449,2023-01-13 15:11:54+13:00,2023-01-13,2023-01-13 02:11:54 UTC,Wellington,2023-01-13 04:34:52 UTC,2023-04-22 10:17:29 UTC,casual,"",1,0,true,"University of Auckland - City Campus, Auckland, Auckland, NZ",-36.8501531457,174.7701655898,34,,,34,open,false,,,Common guava,Psidium guajava,Common guava,Plantae,62859
146853831,a00a67b2-b7b0-41b8-947d-e75863d708c1,2023-01-19 11:21:23+13:00,2023-01-19,2023-01-18 22:21:23 UTC,Wellington,2023-01-18 22:37:04 UTC,2023-06-09 11:29:26 UTC,casual,"",1,0,true,"University of Auckland - City Campus, Auckland, Auckland, NZ",-36.849925,174.77005,35,,,35,,false,,,flor de ave del paraíso,Strelitzia reginae,common bird-of-paradise flower,Plantae,49143
146853884,2b11c7a3-6f37-4927-925e-6ce72d077034,2023-01-19 11:22:55+13:00,2023-01-19,2023-01-18 22:22:55 UTC,Wellington,2023-01-18 22:37:54 UTC,2024-03-22 16:41:29 UTC,casual,"",1,0,true,"University of Auckland - City Campus, Auckland, Auckland, NZ",-36.8496083333,174.7701866667,35,,,35,,false,,,Echinacea purpurea,Echinacea purpurea,purple coneflower,Plantae,48627
146855007,191de303-041c-4f69-841d-1f48818b595e,2023-01-19 11:22:08+13:00,2023-01-19,2023-01-18 22:22:08 UTC,Wellington,2023-01-18 22:58:19 UTC,2024-03-22 16:49:28 UTC,casual,"",1,0,true,"University of Auckland - City Campus, Auckland, Auckland, NZ",-36.8496166667,174.7702033333,8,,,8,,false,,,Rudbeckia hirta,Rudbeckia hirta,black-eyed Susan,Plantae,62741
147165329,cffcc0f4-84fe-49c8-a242-bc7b49fe268e,2023-01-23 11:09:27+13:00,2023-01-23,2023-01-22 22:09:27 UTC,Wellington,2023-01-23 02:45:25 UTC,2026-03-10 00:58:00 UTC,research,"",2,0,false,"Auckland, New Zealand",-36.853542,174.771601,2,,,2,,false,,,Saint John's Wort,Hypericum perforatum,Saint John's wort,Plantae,56077
147166661,46a0dbd5-f79f-4deb-b122-ec7c62464bb6,2023-01-23 11:17:25+13:00,2023-01-23,2023-01-22 22:17:25 UTC,Wellington,2023-01-23 03:11:52 UTC,2023-03-28 07:38:23 UTC,research,"",1,0,false,"Auckland, New Zealand",-36.851886,174.773202,5,,,5,open,false,,,Paper Mulberry,Broussonetia papyrifera,Paper mulberry,Plantae,128032
147352397,9372c3bf-e009-4081-93b3-96d0d62c2a17,2023-01-26 10:40:04+13:00,2023-01-26,2023-01-25 21:40:04 UTC,Wellington,2023-01-25 21:55:05 UTC,2023-06-09 11:29:26 UTC,research,"",1,0,false,"University of Auckland - City Campus, Auckland, Auckland, NZ",-36.849105,174.7708883333,10,,,10,open,false,,,Titoki,Alectryon excelsus,Tītoki,Plantae,399464
148212470,4f09311b-52e4-44c8-a772-09dad58a3c5e,2023-02-07 11:27:18,2023-02-07,2023-02-06 22:27:18 UTC,Wellington,2023-02-06 23:27:19 UTC,2024-01-08 05:24:56 UTC,research,"",3,0,false,"Auckland CBD, Auckland, New Zealand",-36.8500009722,174.769463,,,,,open,false,gps,gps,Kawakawa,Piper excelsum,Kawakawa,Plantae,404899
148399886,f8bf9eea-2706-4076-aae0-bf9054d13645,,,,Wellington,2023-02-09 19:48:02 UTC,2023-02-09 19:48:24 UTC,casual,"",0,0,false,"Auckland CBD, Auckland, New Zealand",-36.8503799709,174.7696481645,36,,,36,,false,gps,gps,Glandular Globe-thistle,Echinops sphaerocephalus,Glandular Globe-thistle,Plantae,76762
149277674,b670792c-a44d-4ddc-b72d-8e1594e269d3,2023-02-18 14:40:18+13:00,2023-02-18,2023-02-18 01:40:18 UTC,Wellington,2023-02-20 23:54:02 UTC,2024-05-28 05:34:58 UTC,casual,"",1,0,true,"North Island, Auckland, Auckland, NZ",-36.8496618716,174.7717841666,19,,,19,,false,,,Lilly Pilly,Syzygium smithii,Monkey apple,Plantae,338330
149283222,ef2cee1e-d459-4421-bbcd-6f13a6b6eb0e,2023-02-21 12:33:52,2023-02-21,2023-02-20 23:33:52 UTC,Wellington,2023-02-21 01:15:27 UTC,2023-02-21 01:53:14 UTC,casual,"",1,0,true,"Auckland CBD, Auckland, New Zealand",-36.853579,174.7688609722,,,,,,false,gps,gps,London Plane,Platanus × hispanica,London Plane,Plantae,552449
149498473,6ca8bf42-924a-43eb-8747-d61700c40eb8,2023-02-24 08:52:59+13:00,2023-02-24,2023-02-23 19:52:59 UTC,Wellington,2023-02-23 19:54:15 UTC,2024-11-06 22:47:48 UTC,research,"",1,0,false,"University of Auckland - City Campus, Auckland, Auckland, NZ",-36.85108,174.7709666667,15,,,15,,false,,,Lamium galeobdolon,Lamium galeobdolon,Aluminium plant,Plantae,204339
150005012,e7a0235d-dd0b-478f-a597-be637ea90394,2023-03-02 09:52:12,2023-03-02,2023-03-01 20:52:12 UTC,Wellington,2023-03-01 20:53:32 UTC,2025-04-03 06:42:33 UTC,research,"",1,0,false,"Auckland CBD, Auckland, New Zealand",-36.84991599,174.77132223,4,,,4,open,false,,,Miro,Pectinopitys ferruginea,Miro,Plantae,1532266
150006939,59ac4f67-7faa-43de-9a40-1ceedd40707e,2023-03-02 09:27:15+13:00,2023-03-02,2023-03-01 20:27:15 UTC,Wellington,2023-03-01 21:20:25 UTC,2023-03-01 21:20:42 UTC,casual,"",0,0,true,"University of Auckland - City Campus, Auckland, Auckland, NZ",-36.8509366667,174.7707216667,46,,,46,,false,,,"",Russelia equisetiformis,Firecracker plant,Plantae,122519
150382397,0b35198b-a287-45bf-9460-4f96405d10e7,2023-03-01 09:54:56+13:00,2023-03-01,2023-02-28 20:54:56 UTC,Wellington,2023-03-06 04:14:23 UTC,2023-03-06 04:14:32 UTC,casual,"",0,0,true,"University of Auckland - City Campus, Auckland, Auckland, NZ",-36.8507633333,174.7695466667,35,,,35,,false,,,"",Knautia macedonica,Macedonian scabious,Plantae,429696
150517203,3323ff26-2652-4042-aa2d-1f0ec2d9bfc6,2023-03-08 09:42:48+13:00,2023-03-08,2023-03-07 20:42:48 UTC,Wellington,2023-03-07 20:44:10 UTC,2023-07-17 05:36:48 UTC,casual,"",1,0,true,"University of Auckland - City Campus, Auckland, Auckland, NZ",-36.8511716667,174.770295,53,,,53,open,false,,,Олеандр обыкновенный,Nerium oleander,oleander,Plantae,47563
150521791,abf3786c-58a2-414e-84e2-1a24bde19702,2023-03-08 10:47:15+13:00,2023-03-08,2023-03-07 21:47:15 UTC,Wellington,2023-03-07 21:47:57 UTC,2023-03-13 08:17:54 UTC,needs_id,"",2,0,false,"Maclaurin Chapel, Auckland, Auckland, NZ",-36.8496031082,174.7696768308,8,,,8,,false,,,Nepetoideae,Nepetoideae,,Plantae,520502
151675700,aae490e8-7ae3-47be-bbeb-aab98d84a264,2023-03-20 11:16:03,2023-03-20,2023-03-19 22:16:03 UTC,Wellington,2023-03-20 00:13:38 UTC,2023-04-22 10:12:24 UTC,casual,"",1,0,true,"Auckland CBD, Auckland, New Zealand",-36.8508054502,174.7694131359,6,,,6,,false,,,Globe thistles,Echinops,Globe thistles,Plantae,72109
151675832,987efb3c-aa7e-4a24-b9b1-e7661113598b,2023-03-20 13:13:40,2023-03-20,2023-03-20 00:13:40 UTC,Wellington,2023-03-20 00:15:28 UTC,2024-02-06 19:26:48 UTC,needs_id,"",0,0,false,"Auckland CBD, Auckland, New Zealand",-36.8498649169,174.7712901793,12,,,12,,false,,,,Magnoliopsida,dicots [paraphyletic],Plantae,47124
151676338,efede4cc-c5e4-4fb1-983a-ab65e6874184,2023-03-20 13:15:35,2023-03-20,2023-03-20 00:15:35 UTC,Wellington,2023-03-20 00:20:37 UTC,2023-03-28 05:04:22 UTC,research,"",1,0,false,"Waterloo Quadrant, Auckland CBD, Auckland 1010, New Zealand",-36.8501083693,174.7712499462,9,,,9,,false,,,Tawapou,Planchonella costata,Tawapou,Plantae,404942
152039195,a5e2e803-19f7-4238-a1cd-a1d5cb63971d,Thu Mar 23 2023 14:45:36 GMT+1300 (GMT+13),2023-03-23,2023-03-23 01:45:36 UTC,Wellington,2023-03-23 16:15:17 UTC,2023-03-23 16:15:28 UTC,casual,"",0,0,true,"University of Auckland - City Campus, Auckland, Auckland, NZ",-36.8496466667,174.77033,4,,,4,,false,,,"",Tibouchina,glory bushes and allies,Plantae,85436
152094914,6d909b64-48d2-4e12-b911-36c6e9ed546a,2023-03-24 12:26:14+13:00,2023-03-24,2023-03-23 23:26:14 UTC,Wellington,2023-03-24 02:11:48 UTC,2023-03-24 02:30:35 UTC,casual,"",0,0,true,"Auckland, New Zealand",-36.851041,174.771991,7,,,7,,false,,,Scarlet Clock Vine,Thunbergia coccinea,Scarlet clock vine,Plantae,406533
152180985,2a8d465f-f1df-4238-a59f-f1bfb7b9a072,2023-03-24 12:15:37+13:00,2023-03-24,2023-03-23 23:15:37 UTC,Wellington,2023-03-24 22:48:49 UTC,2023-07-17 05:26:33 UTC,casual,"",0,0,true,"North Island, Auckland, Auckland, NZ",-36.852055,174.7695783333,4,,,4,,false,,,"",Kunzea,,Plantae,194546
152196810,62ed4520-0914-469c-b9f8-91ae77274104,2023-03-25 11:35:58+13:00,2023-03-25,2023-03-24 22:35:58 UTC,Wellington,2023-03-25 01:57:51 UTC,2023-03-25 02:02:22 UTC,casual,"",0,0,true,"Auckland, New Zealand",-36.850898,174.772495,5,,,5,,false,,,Medinilla,Medinilla,,Plantae,68320
152332424,6fb0349b-c8bb-46a9-a78f-5ea2f194987e,2023-03-26 14:35:27+13:00,2023-03-26,2023-03-26 01:35:27 UTC,Wellington,2023-03-26 04:14:37 UTC,2023-03-26 06:27:03 UTC,casual,"",0,0,true,"Auckland, New Zealand",-36.849386,174.769533,5,,,5,,false,,,Dove Tree,Davidia involucrata,Dove tree,Plantae,128506
152332514,0e9a9c99-b3d1-4619-b1b5-de74e26b9bd5,2023-03-26 14:43:17+13:00,2023-03-26,2023-03-26 01:43:17 UTC,Wellington,2023-03-26 04:15:54 UTC,2023-03-26 09:26:45 UTC,casual,"",0,0,true,"Auckland, New Zealand",-36.850083,174.771619,5,,,5,,false,,,Mussaenda,Mussaenda,,Plantae,154845
152332753,d69c97fa-4283-4027-acfa-f2d9f1f2bfbe,2023-03-26 14:44:05+13:00,2023-03-26,2023-03-26 01:44:05 UTC,Wellington,2023-03-26 04:20:30 UTC,2023-03-26 09:28:03 UTC,casual,"",0,0,true,"Auckland, New Zealand",-36.850058,174.771662,5,,,5,,false,,,Stokes' Aster,Stokesia laevis,Stokes' aster,Plantae,155984
152333056,fcf2f56b-08e6-45e7-be54-61d6f552b2d9,2023-03-26 14:46:59+13:00,2023-03-26,2023-03-26 01:46:59 UTC,Wellington,2023-03-26 04:26:19 UTC,2023-04-19 10:48:05 UTC,casual,"",1,0,true,"Auckland, New Zealand",-36.850951,174.77256,5,,,5,,false,,,Mussaenda,Mussaenda,,Plantae,154845
152333191,e7d175a6-2950-4536-b564-9294bc6e30ad,2023-03-26 14:49:34+13:00,2023-03-26,2023-03-26 01:49:34 UTC,Wellington,2023-03-26 04:29:00 UTC,2023-03-26 09:09:03 UTC,casual,"",0,0,true,"Auckland, New Zealand",-36.851032,174.772681,5,,,5,open,false,,,Soap-bark Tree,Quillaja saponaria,Soap-bark tree,Plantae,181934
152333714,f32faad1-2933-40ae-8698-04520ccee4e2,2023-03-26 14:56:32+13:00,2023-03-26,2023-03-26 01:56:32 UTC,Wellington,2023-03-26 04:35:16 UTC,2023-03-26 06:46:51 UTC,casual,"",0,0,true,"Auckland, New Zealand",-36.851217,174.772673,4,,,4,,false,,,snowberries,Symphoricarpos,snowberries,Plantae,48528
152333945,13f2c358-9c0c-43a0-9ea0-7e0b8aa1e0a2,2023-03-26 15:01:48+13:00,2023-03-26,2023-03-26 02:01:48 UTC,Wellington,2023-03-26 04:38:57 UTC,2023-03-26 11:16:59 UTC,casual,"",0,0,true,"Auckland, New Zealand",-36.8520083333,174.77202,5,,,5,,false,,,Mountain Coconut,Parajubaea cocoides,Mountain coconut,Plantae,365724
152334569,385651ed-4121-4617-ba20-e0b48407d4f9,2023-03-26 15:27:29+13:00,2023-03-26,2023-03-26 02:27:29 UTC,Wellington,2023-03-26 04:49:25 UTC,2023-05-28 02:45:22 UTC,research,"",1,0,false,"Auckland, New Zealand",-36.852128,174.773059,3,,,3,,false,,,Yellow Ginger,Hedychium flavescens,Yellow ginger,Plantae,77347
152482232,78be5a80-9dda-496b-99a3-7636ef751298,2023-03-27 12:07:32+13:00,2023-03-27,2023-03-26 23:07:32 UTC,Wellington,2023-03-27 08:05:56 UTC,2024-02-12 02:02:52 UTC,research,"",1,0,false,"North Island, Auckland, Auckland, NZ",-36.853955,174.7703083333,19,,,19,,false,,,Parthenocissus quinquefolia,Parthenocissus quinquefolia,Virginia creeper,Plantae,50278
153008295,3d4a135e-ded3-4d6b-9b62-67a447a74c41,2023-03-22 12:07:37,2023-03-22,2023-03-21 23:07:37 UTC,Wellington,2023-04-01 04:57:39 UTC,2023-04-01 04:57:45 UTC,casual,"",0,0,true,"Auckland High Court, Auckland CBD, Auckland 1010, New Zealand",-36.8491969722,174.7701549722,,,,,open,false,gps,gps,northern red oak,Quercus rubra,northern red oak,Plantae,49005
153391284,a7f20095-2a04-492c-969d-7eb0adbef0d7,2023-04-04 12:36:06+12:00,2023-04-04,2023-04-04 00:36:06 UTC,Wellington,2023-04-04 00:36:31 UTC,2024-02-06 19:21:36 UTC,casual,"",1,0,true,"University of Auckland - City Campus, Auckland, Auckland, NZ",-36.8509620628,174.770542575,35,,,35,open,false,,,celery pine,Phyllocladus trichomanoides,Tānekaha,Plantae,54687
153507581,8ecb6602-4023-4dae-8d0f-9f8b7c9ae96a,2023-04-05 11:50:41+12:00,2023-04-05,2023-04-04 23:50:41 UTC,Wellington,2023-04-04 23:52:09 UTC,2023-04-22 10:07:29 UTC,casual,"",0,0,true,"University of Auckland - City Campus, Auckland, Auckland, NZ",-36.8509784654,174.7705589237,35,,,35,open,false,,,"",Podocarpus totara,Tōtara,Plantae,85275
153509038,a5625ca5-ea1d-40dd-b0b1-3e1940c5eb9a,2023-04-05 12:02:23+12:00,2023-04-05,2023-04-05 00:02:23 UTC,Wellington,2023-04-05 00:05:28 UTC,2023-07-17 05:22:55 UTC,casual,"",1,0,true,"University of Auckland - City Campus, Auckland, Auckland, NZ",-36.8509522821,174.7705230943,195,,,195,open,false,,,celery pine,Phyllocladus trichomanoides,Tānekaha,Plantae,54687
153510025,fa127229-9615-4c8c-a9f3-689d7923293e,2023-04-05 12:13:47+12:00,2023-04-05,2023-04-05 00:13:47 UTC,Wellington,2023-04-05 00:15:43 UTC,2023-07-17 05:22:05 UTC,casual,"",1,0,true,"University of Auckland - City Campus, Auckland, Auckland, NZ",-36.8509845926,174.7705683648,35,,,35,open,false,,,celery pine,Phyllocladus trichomanoides,Tānekaha,Plantae,54687
153510048,fbcd0528-0b2b-42ce-a56b-ed46147b08a5,2023-04-05 12:13:27+12:00,2023-04-05,2023-04-05 00:13:27 UTC,Wellington,2023-04-05 00:16:03 UTC,2023-05-11 08:36:24 UTC,casual,"",1,0,true,"University of Auckland - City Campus, Auckland, Auckland, NZ",-36.8509554224,174.7705276526,35,,,35,,false,,,Kawaka,Libocedrus plumosa,Kawaka,Plantae,135819
153529247,ea81d625-c0d2-40a4-917e-21bb05da7d95,2023-04-05 15:54:00+12:00,2023-04-05,2023-04-05 03:54:00 UTC,Wellington,2023-04-05 03:54:08 UTC,2024-04-08 23:01:47 UTC,casual,"",2,0,true,"University of Auckland - City Campus, Auckland, Auckland, NZ",-36.8509539075,174.7705225105,35,,,35,open,false,,,Podocarps,Podocarpaceae,Podocarps,Plantae,70279
153529977,0478ebad-dbfe-4047-9cd8-4e81d9450ec9,2023-04-05 16:07:38+12:00,2023-04-05,2023-04-05 04:07:38 UTC,Wellington,2023-04-05 04:07:47 UTC,2023-04-05 07:07:14 UTC,casual,"",0,0,true,"North Island, Auckland, Auckland, NZ",-36.8511497358,174.7705351642,24,,,24,,false,,,"",Libocedrus plumosa,Kawaka,Plantae,135819
153530423,3b91ed5b-81bf-410b-8830-8a6df2025041,2023-04-05 16:11:53+12:00,2023-04-05,2023-04-05 04:11:53 UTC,Wellington,2023-04-05 04:12:31 UTC,2023-04-22 10:07:10 UTC,casual,"",2,0,true,"University of Auckland - City Campus, Auckland, Auckland, NZ",-36.8509634997,174.770552953,35,,,35,open,false,,,totara,Podocarpus totara,Tōtara,Plantae,85275
153629419,8546eb3e-d012-4586-9a1c-c46805b12224,2023-04-06 11:48:33+12:00,2023-04-06,2023-04-05 23:48:33 UTC,Wellington,2023-04-05 23:51:34 UTC,2023-04-06 16:08:07 UTC,casual,"",3,0,true,"University of Auckland - City Campus, Auckland, Auckland, NZ",-36.8509533333,174.77052,35,,,35,open,false,,,celery pine,Phyllocladus trichomanoides,Tānekaha,Plantae,54687
153649488,ad7cc190-a076-4d90-bd3a-1cccd552694f,2023-04-06 15:25:35+12:00,2023-04-06,2023-04-06 03:25:35 UTC,Wellington,2023-04-06 03:49:50 UTC,2023-04-22 10:06:45 UTC,casual,"",3,1,true,"University of Auckland - City Campus, Auckland, Auckland, NZ",-36.850977022,174.7705747543,35,,,35,,false,,,Podocarps,Podocarpaceae,Podocarps,Plantae,70279
153768775,0100b8a0-1e6d-4e1a-b0d4-27b20d50677b,2023-04-07 12:32:26+12:00,2023-04-07,2023-04-07 00:32:26 UTC,Wellington,2023-04-07 03:21:11 UTC,2023-04-07 03:46:51 UTC,casual,"",0,0,true,"Auckland, New Zealand",-36.850027,174.770197,5,,,5,,false,,,Zebra Grass,Miscanthus sinensis,Zebra grass,Plantae,165474
153769065,055153bd-93a8-44d6-909c-d164f3200224,2023-04-07 12:37:47+12:00,2023-04-07,2023-04-07 00:37:47 UTC,Wellington,2023-04-07 03:24:23 UTC,2023-04-07 03:45:17 UTC,casual,"",0,0,true,"Auckland, New Zealand",-36.849665,174.770085,5,,,5,,false,,,Strobilanthes,Strobilanthes,Coneflowers,Plantae,243721
154009913,6ad0906d-3c30-4277-ae61-f4dec6226b2b,2023-02-28 13:00:45+13:00,2023-02-28,2023-02-28 00:00:45 UTC,Wellington,2023-04-08 22:17:25 UTC,2023-04-11 21:35:05 UTC,casual,"",2,0,true,"University of Auckland - City Campus, Auckland, Auckland, NZ",-36.8506866667,174.7705533333,16,,,16,,false,,,Lowland Rock Daisy,Pachystegia insignis,Lowland Rock Daisy,Plantae,404472
154211860,88d050ae-181e-4e4a-993c-dbb82397a3ab,2023-04-10 11:31:04+12:00,2023-04-10,2023-04-09 23:31:04 UTC,Wellington,2023-04-10 02:10:17 UTC,2023-08-05 09:54:25 UTC,casual,"",0,0,true,"Auckland, New Zealand",-36.850505,174.770642,5,,,5,,false,,,Tapeworm Plant,Muehlenbeckia platyclada,tapeworm plant,Plantae,278467
154214709,673679ec-761a-448a-9bc6-6739fd1c75b2,2023-04-10 11:36:01+12:00,2023-04-10,2023-04-09 23:36:01 UTC,Wellington,2023-04-10 02:35:32 UTC,2023-04-16 10:34:01 UTC,casual,"",1,0,true,"Auckland, New Zealand",-36.850412,174.770666,10,,,10,open,false,,,Byfield Fern,Bowenia serrulata,byfield fern,Plantae,136281
154215670,20ddb4dc-dbdd-4eba-a4a5-91786fa858a6,2023-04-10 11:57:09+12:00,2023-04-10,2023-04-09 23:57:09 UTC,Wellington,2023-04-10 02:43:05 UTC,2023-04-10 10:27:10 UTC,casual,"",0,0,true,"Auckland, New Zealand",-36.849866,174.771582,5,,,5,open,false,,,Taro,Colocasia esculenta,Taro,Plantae,122835
154226983,2b63ff1a-8ddf-4adb-a3f4-2cf1d2ee3ad0,2023-04-10 14:12:10+12:00,2023-04-10,2023-04-10 02:12:10 UTC,Wellington,2023-04-10 04:41:30 UTC,2023-04-10 07:19:14 UTC,needs_id,"",0,0,false,"University of Auckland - City Campus, Auckland, Auckland, NZ",-36.85043,174.76967,5,,,5,,false,,,"",Phormium tenax,Harakeke,Plantae,51754
156524642,b2653b78-56b4-42e5-aef9-53d97b72b731,2023-04-25 12:25:03+12:00,2023-04-25,2023-04-25 00:25:03 UTC,Wellington,2023-04-25 03:13:51 UTC,2023-04-25 03:51:05 UTC,casual,"",0,0,true,"Auckland, New Zealand",-36.849394,174.7702,5,,,5,open,false,,,Sentry Palm,Howea belmoreana,Sentry palm,Plantae,365341
156856156,ee78a873-2a74-4646-a5fd-b2fe54e66867,2023-04-26 12:08:31+12:00,2023-04-26,2023-04-26 00:08:31 UTC,Wellington,2023-04-27 08:09:01 UTC,2023-07-02 05:23:18 UTC,casual,"",1,0,true,"North Island, Auckland, Auckland, NZ",-36.8520083333,174.7720633333,35,,,35,,false,,,Sanchezia,Sanchezia,,Plantae,156237
156856302,737a9310-7439-4131-addd-3e49dd270e92,2023-04-26 12:05:13+12:00,2023-04-26,2023-04-26 00:05:13 UTC,Wellington,2023-04-27 08:11:05 UTC,2023-04-27 08:11:32 UTC,casual,"",0,0,true,"North Island, Auckland, Auckland, NZ",-36.8519133333,174.7705833333,15,,,15,,false,,,"",Jasminum,jasmine,Plantae,82888
157027860,bebd2ec2-0d13-4a02-adbc-8203d9c7666e,2023/04/28 2:53 PM,2023-04-28,2023-04-28 02:53:00 UTC,Wellington,2023-04-28 07:07:50 UTC,2024-03-26 07:09:50 UTC,casual,"",1,0,true,"Auckland CBD, Auckland, New Zealand",-36.8533638889,174.7688,3,,,3,,false,,,Creeping philodendron,Rhaphidophora decursiva,,Plantae,431536
157039750,52f2756c-5551-4cff-a416-e494a849399f,2023-04-04 12:33:01,2023-04-04,2023-04-04 00:33:01 UTC,Wellington,2023-04-28 08:19:04 UTC,2023-12-04 06:55:22 UTC,research,"",2,0,false,"Auckland CBD, Auckland, New Zealand",-36.8509408,174.7704941,20,,,20,open,false,,,celery pine,Phyllocladus trichomanoides,Tānekaha,Plantae,54687
157388867,e626675d-8d76-43cb-8b3e-ed176d579ee0,2023-04-04 12:39:03+12:00,2023-04-04,2023-04-04 00:39:03 UTC,Wellington,2023-04-29 01:24:03 UTC,2025-11-19 23:54:16 UTC,research,"",2,0,false,"University of Auckland - City Campus, Auckland, Auckland, NZ",-36.8509932163,174.7705857283,35,,,35,,false,,,pipe-cleaner moss,Ptychomnion aciculare,pipe-cleaner moss,Plantae,407324
157413768,0f131e75-a164-448e-8b70-050c08dc731c,2023-04-29 12:06:26+12:00,2023-04-29,2023-04-29 00:06:26 UTC,Wellington,2023-04-29 02:43:17 UTC,2023-10-08 11:02:24 UTC,research,"",1,0,false,"Auckland, New Zealand",-36.855328,174.76811,5,,,5,,false,,,Veronica javanica,Veronica javanica,,Plantae,371708
157415451,917b8ac9-322c-41fc-bdf6-9328a1d5450c,2023-04-29 12:11:36+12:00,2023-04-29,2023-04-29 00:11:36 UTC,Wellington,2023-04-29 02:48:10 UTC,2023-10-08 11:02:23 UTC,research,"",1,0,false,"Auckland, New Zealand",-36.85524,174.768471,5,,,5,,false,,,Veronica javanica,Veronica javanica,,Plantae,371708
157422982,e0b6bb67-b516-49a6-9b4b-467ebcb953e1,2023-04-29 12:23:46+12:00,2023-04-29,2023-04-29 00:23:46 UTC,Wellington,2023-04-29 03:13:58 UTC,2023-04-29 03:26:51 UTC,casual,"",0,0,true,"Auckland, New Zealand",-36.852663,174.770921,5,,,5,open,false,,,Sitka Spruce,Picea sitchensis,Sitka spruce,Plantae,68131
157427948,69af52ba-47b5-4a7c-a0e4-41be073f5436,2023-04-29 12:35:05+12:00,2023-04-29,2023-04-29 00:35:05 UTC,Wellington,2023-04-29 03:31:33 UTC,2023-04-29 03:35:50 UTC,casual,"",0,0,true,"Auckland, New Zealand",-36.852307,174.770728,5,,,5,open,false,,,Morinda spruce,Picea smithiana,Morinda spruce,Plantae,135805
157430308,a019650c-c487-4b74-9eef-bea71f8ab197,2023-04-29 12:46:28+12:00,2023-04-29,2023-04-29 00:46:28 UTC,Wellington,2023-04-29 03:39:39 UTC,2023-04-29 04:51:26 UTC,casual,Seed cones,1,0,true,"Auckland, New Zealand",-36.849774,174.77059,14,,,14,open,false,,,Norway Spruce,Picea abies,Norway spruce,Plantae,63567
157437971,a16ee29c-b431-43db-9a16-ab55032b75b0,2023-04-29 12:53:05+12:00,2023-04-29,2023-04-29 00:53:05 UTC,Wellington,2023-04-29 04:10:33 UTC,2023-04-29 08:15:11 UTC,casual,"",1,0,true,"Auckland, New Zealand",-36.849611,174.770118,5,,,5,,false,,,Blue Ginger,Dichorisandra thyrsiflora,Blue ginger,Plantae,427503
159000013,876b498a-11ce-4211-b771-f3b9960a804a,2023-05-02 10:10:04,2023-05-02,2023-05-01 22:10:04 UTC,Wellington,2023-05-02 01:54:55 UTC,2023-05-18 10:15:35 UTC,casual,"",0,0,true,"Auckland CBD, Auckland, New Zealand",-36.8509038,174.7705601,20,,,20,,false,,,White rain-lily,Zephyranthes candida,White rain-lily,Plantae,170415
159000170,9c3c2052-287b-4011-b060-2c102b42c46d,2023-05-02 10:10:42,2023-05-02,2023-05-01 22:10:42 UTC,Wellington,2023-05-02 01:55:10 UTC,2023-05-18 10:15:17 UTC,casual,"",0,0,true,"Auckland CBD, Auckland, New Zealand",-36.8509043,174.7705609,20,,,20,,false,,,Spider plant,Chlorophytum comosum,Spider plant,Plantae,322492
160487868,dd7245ae-33a6-493d-b451-4c48b7c2ecb6,2023-05-08 15:08:55+12:00,2023-05-08,2023-05-08 03:08:55 UTC,Wellington,2023-05-08 03:09:02 UTC,2023-07-17 05:16:46 UTC,casual,"",2,0,true,"North Island, 奥克兰, 奥克兰, NZ",-36.8534501442,174.7694318241,35,,,35,open,false,,,rimu,Dacrydium cupressinum,rimu,Plantae,52382
161495060,e77371bb-f429-4314-b41e-cae150540be0,2023-05-12 12:06:51+12:00,2023-05-12,2023-05-12 00:06:51 UTC,Wellington,2023-05-13 22:18:06 UTC,2023-07-17 05:17:18 UTC,casual,"",1,0,true,"North Island, Auckland, Auckland, NZ",-36.8534189189,174.7689965177,98,,,98,,false,,,Loquat,Eriobotrya japonica,Loquat,Plantae,76949
162105495,6f38e1b5-a0e6-4d56-a2b3-c5e5d9d56f91,2023-05-17 20:56:56+12:00,2023-05-17,2023-05-17 08:56:56 UTC,Wellington,2023-05-17 08:57:04 UTC,2026-01-23 05:42:27 UTC,needs_id,"",0,0,false,"North Island, Auckland, Auckland, NZ",-36.856324813,174.7674802055,35,,,35,,false,,,"",Angiospermae,Flowering Plants,Plantae,47125
162105605,1366b7d6-e8c7-4e16-b54c-4e0d0232f88a,2023-05-17 20:57:43+12:00,2023-05-17,2023-05-17 08:57:43 UTC,Wellington,2023-05-17 08:58:00 UTC,2023-05-17 10:19:02 UTC,casual,"",1,0,true,"North Island, Auckland, Auckland, NZ",-36.8563571822,174.7674704092,35,,,35,,false,,,Radermachera,Radermachera,,Plantae,181136
162225800,a5ba2d76-c152-4ca9-8052-5e628e9c3e86,2023-05-18 12:44:45+12:00,2023-05-18,2023-05-18 00:44:45 UTC,Wellington,2023-05-18 00:44:57 UTC,2023-05-18 20:26:42 UTC,casual,"",2,1,true,"University of Auckland - City Campus, 奥克兰, 奥克兰, NZ",-36.8513293611,174.7697112804,3,,,3,,false,,,bottlebrushes,Melaleuca,bottlebrushes,Plantae,72232
163367569,8383d137-41a0-4388-a383-481a37cf3652,2023-05-24 07:59:43+12:00,2023-05-24,2023-05-23 19:59:43 UTC,Wellington,2023-05-23 20:00:30 UTC,2023-05-26 01:46:47 UTC,research,"",1,0,false,"North Island, Auckland, Auckland, NZ",-36.8552960581,174.7677677713,16,,,16,,false,,,Mignonette vine,Anredera cordifolia,Madeira Vine,Plantae,75457
163423789,8667522a-b58e-454d-9e9d-9176b760fde5,2023-05-24 10:58:54+12:00,2023-05-24,2023-05-23 22:58:54 UTC,Wellington,2023-05-24 02:51:41 UTC,2023-05-24 07:32:23 UTC,research,"",1,0,false,"North Island, Auckland, Auckland, NZ",-36.8560711147,174.7676673838,40,,,40,,false,,,Ирис вонючий,Iris foetidissima,Stinking iris,Plantae,64331
163423834,f1070bae-c53a-450f-8d98-0e7aa2da77ea,2023-05-24 11:12:30+12:00,2023-05-24,2023-05-23 23:12:30 UTC,Wellington,2023-05-24 02:52:05 UTC,2023-11-17 22:51:24 UTC,needs_id,"",0,0,false,"North Island, Auckland, Auckland, NZ",-36.8559435093,174.7675343009,8,,,8,,false,,,Cotoneasters,Cotoneaster,Cotoneasters,Plantae,53376
163424068,bbffa3f2-ccbf-405c-84c6-d74cd3726cf2,2023-05-24 14:54:01+12:00,2023-05-24,2023-05-24 02:54:01 UTC,Wellington,2023-05-24 02:55:02 UTC,2023-05-25 06:40:43 UTC,research,"",1,0,false,"North Island, Auckland, Auckland, NZ",-36.8552545658,174.7685320121,32,,,32,,false,,,Woolly Plectranthus,Coleus barbatus,Woolly Plectranthus,Plantae,157127
163424174,88c56021-9d94-4e0f-baf1-900c8672d7cb,2023-05-24 14:54:54+12:00,2023-05-24,2023-05-24 02:54:54 UTC,Wellington,2023-05-24 02:55:51 UTC,2023-05-24 07:34:26 UTC,research,"",1,0,false,"North Island, Auckland, Auckland, NZ",-36.8552412916,174.7682114339,66,,,66,,false,,,velvet groundsel,Roldana petasitis,velvet groundsel,Plantae,345097
163424711,03cf2436-de7f-4e33-b514-c0e32413de74,2023-05-24 15:00:42+12:00,2023-05-24,2023-05-24 03:00:42 UTC,Wellington,2023-05-24 03:01:39 UTC,2023-05-27 01:05:23 UTC,needs_id,"",0,0,false,"North Island, Auckland, Auckland, NZ",-36.8550975164,174.7685062003,8,,,8,open,false,,,"",Radermachera sinica,Emerald Tree,Plantae,429214
164957476,a77a78c4-e8bb-49b7-9d95-b365678ae24f,2021-08-03 17:15:22+12:00,2021-08-03,2021-08-03 05:15:22 UTC,Wellington,2023-06-01 11:18:46 UTC,2023-06-23 17:03:58 UTC,casual,"",4,1,true,"North Island, Auckland, Auckland, NZ",-36.8530916667,174.76953,10,,,10,,false,,,Climbing fig,Ficus pumila,Climbing fig,Plantae,162972
166020568,76c47f71-aa7b-41bc-b30a-280e29798068,2023-06-07 13:41:55+12:00,2023-06-07,2023-06-07 01:41:55 UTC,Wellington,2023-06-07 04:21:29 UTC,2023-06-08 01:31:48 UTC,needs_id,"",1,0,false,"Auckland, New Zealand",-36.850233,174.769677,5,,,5,,false,,,Frillworts,Fossombronia,Frillworts,Plantae,56446
166529739,1ee92aa3-fc6a-43a1-ba06-223d283bd2e5,2023-06-10 13:27:43+12:00,2023-06-10,2023-06-10 01:27:43 UTC,Wellington,2023-06-10 03:59:48 UTC,2023-06-10 07:37:41 UTC,research,"",1,0,false,"Auckland, New Zealand",-36.856696,174.767475,5,,,5,,false,,,Veronica javanica,Veronica javanica,,Plantae,371708
166537958,22c5a387-281f-4fa4-8c3a-e6ab4053c7eb,2023-06-10 17:14:19+12:00,2023-06-10,2023-06-10 05:14:19 UTC,Wellington,2023-06-10 05:44:19 UTC,2023-06-10 05:46:40 UTC,casual,"",0,0,true,"University of Auckland - City Campus, Auckland, Auckland, NZ",-36.8508383333,174.7704783333,4,,,4,open,false,,,"",Oncoba spinosa,Fried-egg flower,Plantae,340332
168400717,ccaf1619-f947-48f2-b832-5213e80f19a2,2023-06-19 15:38:49,2023-06-19,2023-06-19 03:38:49 UTC,Wellington,2023-06-19 23:55:50 UTC,2025-09-17 05:16:10 UTC,needs_id,"",2,0,false,"Auckland CBD, Auckland, New Zealand",-36.8514729722,174.7710069722,,,,,open,false,gps,gps,Syntrichia,Syntrichia,,Plantae,67916
168783141,3d7c7773-cc25-4260-bfe2-998e67c3eb7f,2023-06-21 13:09:22,2023-06-21,2023-06-21 01:09:22 UTC,Wellington,2023-06-22 06:21:34 UTC,2023-08-22 07:48:44 UTC,research,"",2,0,false,"Auckland CBD, Auckland, New Zealand",-36.849854,174.7711449722,,,,,,false,gps,gps,Sparse Fern Moss,Thuidiopsis sparsa,Sparse Fern Moss,Plantae,782851
169314562,7d9619ac-eac4-49a0-bc44-29b1b3f3771c,2023-06-25 13:21:21+12:00,2023-06-25,2023-06-25 01:21:21 UTC,Wellington,2023-06-25 03:45:20 UTC,2023-06-25 05:12:39 UTC,casual,"",0,0,true,"Auckland, New Zealand",-36.849387,174.771008,5,,,5,,false,,,Makamaka,Ackama rosifolia,Makamaka,Plantae,399339
169316832,f15129d4-850b-4685-b04f-c687bb0c7993,2023-06-25 14:22:31+12:00,2023-06-25,2023-06-25 02:22:31 UTC,Wellington,2023-06-25 04:08:38 UTC,2023-09-20 14:04:13 UTC,research,"",1,0,false,"Auckland, New Zealand",-36.85252,174.772123,5,,,5,,false,,,Veronica javanica,Veronica javanica,,Plantae,371708
169492546,2c91ae32-65fe-43e9-aabe-eb4b585eb07a,2023-06-23 14:40:26,2023-06-23,2023-06-23 02:40:26 UTC,Wellington,2023-06-25 23:29:41 UTC,2023-06-30 06:05:22 UTC,research,"",1,0,false,"Auckland CBD, Auckland, New Zealand",-36.850202,174.7700049722,,,,,,false,gps,gps,Fissidens leptocladus,Fissidens leptocladus,,Plantae,401893
169494156,dfb6e4e8-db2b-4e54-bb0d-3ffa48d7bc34,2023-06-23 14:47:49,2023-06-23,2023-06-23 02:47:49 UTC,Wellington,2023-06-25 23:40:33 UTC,2023-07-12 19:59:03 UTC,research,"",1,0,false,"Auckland CBD, Auckland, New Zealand",-36.8508479722,174.769462,,,,,,false,gps,gps,Blunt-leaf Tufa-moss,Gymnostomum calcareum,Blunt-leaf Tufa-moss,Plantae,163469
170211784,7776d687-c414-4b34-89ca-e8af2bbdbe32,2023-06-30 13:55:19+12:00,2023-06-30,2023-06-30 01:55:19 UTC,Wellington,2023-06-30 01:56:18 UTC,2023-06-30 04:29:03 UTC,casual,"",2,0,true,"University of Auckland - City Campus, Auckland, Auckland, NZ",-36.8504826962,174.7694467454,6,,,6,,false,,,King fern,Ptisana salicina,King fern,Plantae,410562
170214889,b8a6435b-0829-4095-a54b-bf9f244dbcfe,2023-06-30 11:49:20+12:00,2023-06-30,2023-06-29 23:49:20 UTC,Wellington,2023-06-30 02:24:57 UTC,2023-06-30 02:45:08 UTC,casual,"",0,0,true,"Auckland, New Zealand",-36.85078,174.7695916667,5,,,5,,false,,,Tatarian Dogwood,Cornus alba,Tatarian dogwood,Plantae,124879
170217929,735b9ec9-bf41-4dc1-8cb2-94172a45bfff,2023-06-30 12:27:01+12:00,2023-06-30,2023-06-30 00:27:01 UTC,Wellington,2023-06-30 02:54:24 UTC,2023-06-30 03:07:09 UTC,casual,"",0,0,true,"Auckland, New Zealand",-36.849452,174.77017,5,,,5,,false,,,legumes,Fabaceae,Legumes,Plantae,47122
170579951,29a2bfa5-61bb-4fea-8bb3-8a8f1a749f6d,2023-07-02 13:05:50+12:00,2023-07-02,2023-07-02 01:05:50 UTC,Wellington,2023-07-02 03:58:53 UTC,2023-07-03 13:14:14 UTC,casual,"",1,0,true,"Auckland, New Zealand",-36.85208,174.7718366667,5,,,5,,false,,,Sanchezia,Sanchezia,,Plantae,156237
170581073,f2315250-cf98-4f5e-a752-194a67d5e993,2023-07-02 13:20:04+12:00,2023-07-02,2023-07-02 01:20:04 UTC,Wellington,2023-07-02 04:09:39 UTC,2023-07-03 23:14:34 UTC,research,leaf spot,1,0,false,"Auckland, New Zealand",-36.852881,174.772376,5,,,5,,false,,,Woolly Nightshade,Solanum mauritianum,Woolly nightshade,Plantae,133287
170581695,6ea5def3-b39e-43b0-b96a-4698b9716faa,2023-07-02 14:12:35+12:00,2023-07-02,2023-07-02 02:12:35 UTC,Wellington,2023-07-02 04:16:20 UTC,2023-07-02 04:56:11 UTC,research,"",1,0,false,"Auckland, New Zealand",-36.849129,174.770928,5,,,5,,false,,,Mahoe Leafspot,Cephaleuros lagerheimii,Mahoe Leafspot,Plantae,381513
170968394,5bd262c0-96be-43c1-acba-2375f413a382,2023-07-04 12:49:01+12:00,2023-07-04,2023-07-04 00:49:01 UTC,Wellington,2023-07-04 04:32:58 UTC,2023-07-04 10:02:59 UTC,casual,"",0,0,true,"Auckland, New Zealand",-36.849941,174.769901,5,,,5,,false,,,Lindera aggregata,Lindera aggregata,,Plantae,604749
170968728,259088fb-3eea-4b3a-898b-1cd4016e6716,2023-07-04 12:53:13+12:00,2023-07-04,2023-07-04 00:53:13 UTC,Wellington,2023-07-04 04:36:48 UTC,2023-07-04 04:56:31 UTC,casual,"",0,0,true,"Auckland, New Zealand",-36.849864,174.76886,5,,,5,,false,,,Elephant's-Ears,Bergenia crassifolia,Elephant's-ears,Plantae,127228
171881989,abf6429a-a188-4e3d-b6a6-8d79a682a5c2,2023-07-09 11:37:46,2023-07-09,2023-07-08 23:37:46 UTC,Wellington,2023-07-09 03:13:50 UTC,2023-07-10 16:45:08 UTC,casual,"",1,0,true,"Auckland, New Zealand",-36.855582,174.767599,5,,,5,,false,,,Makamaka,Ackama rosifolia,Makamaka,Plantae,399339
171883847,6ab72650-a8c1-4ae9-b3dd-b0a1a631a88f,2023-07-09 11:53:59,2023-07-09,2023-07-08 23:53:59 UTC,Wellington,2023-07-09 03:28:33 UTC,2023-07-09 04:27:36 UTC,research,"",1,0,false,"Auckland, New Zealand",-36.855894,174.768142,5,,,5,,false,,,Mistflower,Ageratina riparia,Mistflower,Plantae,158112
171885610,ca4d5981-ba78-4efc-95c2-b288865660cf,2023-07-09 12:03:08,2023-07-09,2023-07-09 00:03:08 UTC,Wellington,2023-07-09 03:43:40 UTC,2023-07-09 04:21:51 UTC,research,"",1,0,false,"Auckland, New Zealand",-36.855336,174.768499,5,,,5,,false,,,Velvet Groundsel,Roldana petasitis,velvet groundsel,Plantae,345097
172088133,42aeb32f-aaf2-414a-a4dd-6df8813eda7f,2023-07-10 11:58:26,2023-07-10,2023-07-09 23:58:26 UTC,Wellington,2023-07-10 02:15:02 UTC,2023-07-11 08:45:22 UTC,casual,syconia,0,0,true,"Auckland, New Zealand",-36.848932,174.771592,5,,,5,open,false,,,Dinner plate fig,Ficus dammaropsis,Dinner plate fig,Plantae,431774
172277782,963599ff-af22-460e-b1d2-5ca348e7202a,2023-07-11 11:53:42,2023-07-11,2023-07-10 23:53:42 UTC,Wellington,2023-07-11 03:50:02 UTC,2024-12-09 16:20:38 UTC,casual,"",0,0,true,"Auckland, New Zealand",-36.852062,174.770981,5,,,5,open,false,,,Elephant Ear Fig,Ficus auriculata,Elephant ear fig,Plantae,361868
172603588,8a7382f1-a757-49e1-9330-92426e1ea9b6,2023-07-13 10:57:50,2023-07-13,2023-07-12 22:57:50 UTC,Wellington,2023-07-13 01:19:27 UTC,2023-07-13 01:28:58 UTC,casual,"",0,0,true,"Auckland, New Zealand",-36.854063,174.769462,5,,,5,,false,,,Tetrastigma voinierianum,Tetrastigma voinierianum,,Plantae,431682
172608608,9bd684f6-fe60-4694-b378-91f3dcc048f1,2023-07-13 11:01:30,2023-07-13,2023-07-12 23:01:30 UTC,Wellington,2023-07-13 02:03:06 UTC,2023-07-13 03:36:33 UTC,casual,"",0,0,true,"Auckland, New Zealand",-36.854104,174.769391,5,,,5,open,false,,,Big Mountain Palm,Hedyscepe canterburyana,Big Mountain Palm,Plantae,365308
172627187,0468ee5a-235c-438d-bab8-0282b2ce2fe4,2023-07-13 16:52:11,2023-07-13,2023-07-13 04:52:11 UTC,Wellington,2023-07-13 04:54:18 UTC,2026-01-09 04:46:52 UTC,needs_id,"",3,0,false,"University of Auckland, Auckland CBD, Auckland 1010, New Zealand",-36.852095,174.7700783333,6,,,6,,false,,,dicots,Magnoliopsida,dicots [paraphyletic],Plantae,47124
172950962,09e5dab8-b911-482b-9d05-28d1de107885,2023-07-15 12:21:19,2023-07-15,2023-07-15 00:21:19 UTC,Wellington,2023-07-15 03:06:01 UTC,2023-07-15 03:13:46 UTC,casual,"",0,0,true,"Auckland, New Zealand",-36.849387,174.771008,5,,,5,,false,,,Makamaka,Ackama rosifolia,Makamaka,Plantae,399339
173140625,f19f8db7-73d5-45ab-809c-bfa2b8c0fc21,2023-07-16 11:51:56,2023-07-16,2023-07-15 23:51:56 UTC,Wellington,2023-07-16 03:04:51 UTC,2023-07-16 03:14:17 UTC,research,"",1,0,false,"Auckland, New Zealand",-36.853393,174.771533,5,,,5,,false,,,Philonotis tenuis,Philonotis tenuis,,Plantae,404787
173145572,3ddc42a8-900b-4c2b-a0ae-2522c8efde57,2023-07-16 12:05:17,2023-07-16,2023-07-16 00:05:17 UTC,Wellington,2023-07-16 03:44:31 UTC,2023-07-16 03:58:41 UTC,research,"",1,0,false,"Auckland, New Zealand",-36.853425,174.771463,5,,,5,,false,,,Campylopus clavatus,Campylopus clavatus,,Plantae,400359
173151078,013baeff-330a-48d6-809b-26cbdf31990d,2023-07-16 12:29:00,2023-07-16,2023-07-16 00:29:00 UTC,Wellington,2023-07-16 04:35:30 UTC,2023-07-16 05:12:13 UTC,research,"",1,0,false,"Auckland, New Zealand",-36.852848,174.772581,5,,,5,,false,,,Spotted Medick,Medicago arabica,Spotted medick,Plantae,61012
173153033,1b054453-c567-424d-a5f3-258c77715fde,2023-07-16 12:40:29,2023-07-16,2023-07-16 00:40:29 UTC,Wellington,2023-07-16 04:57:05 UTC,2023-09-20 14:03:51 UTC,research,"",1,0,false,"Auckland, New Zealand",-36.852531,174.77215,5,,,5,,false,,,Veronica javanica,Veronica javanica,,Plantae,371708
173156466,790396da-2626-42b5-86a8-db9c06fd4b73,2023-07-16 13:06:56,2023-07-16,2023-07-16 01:06:56 UTC,Wellington,2023-07-16 05:32:41 UTC,2023-07-16 05:37:06 UTC,casual,"",0,0,true,"Auckland, New Zealand",-36.850037,174.771547,5,,,5,,false,,,Evergreen Clematis,Clematis armandi,Evergreen Clematis,Plantae,498019
173341254,5ce78a89-cb25-452d-a8a0-42e99f3138bc,2023/07/17 11:23 AM,2023-07-17,2023-07-16 23:23:00 UTC,Wellington,2023-07-17 02:06:56 UTC,2023-07-17 10:40:03 UTC,casual,"",0,0,true,"Auckland, New Zealand",-36.852556,174.772137,5,,,5,,false,,,weeping lilli pilli,Syzygium floribundum,weeping lilli pilli,Plantae,418394
173367946,83df5f34-fc00-4d22-a07b-3557eee33eff,2023-07-17 10:41:40,2023-07-17,2023-07-16 22:41:40 UTC,Wellington,2023-07-17 06:25:05 UTC,2025-06-29 18:03:56 UTC,casual,"",1,0,true,"Grafton, Auckland, New Zealand",-36.8551915997,174.7672483997,,,,,,false,gps,gps,Pukanui,Meryta sinclairii,Pukanui,Plantae,403874
173870203,2475d0ca-bf4e-4490-96e9-50aeddb1a17a,2023/07/20 11:08 AM,2023-07-20,2023-07-19 23:08:00 UTC,Wellington,2023-07-20 01:40:57 UTC,2023-07-20 05:42:35 UTC,research,"",1,0,false,"Auckland, New Zealand",-36.855336,174.768499,5,,,5,,false,,,Velvet Groundsel,Roldana petasitis,velvet groundsel,Plantae,345097
177308360,8c35eb47-7f79-471e-862b-a814827ae2b4,2023-08-08 05:13:04,2023-08-08,2023-08-07 17:13:04 UTC,Wellington,2023-08-08 06:59:39 UTC,2026-04-15 01:28:26 UTC,needs_id,"",0,0,false,"Auckland CBD, Auckland, New Zealand",-36.8502090704,174.7705440223,28,,,28,,false,gps,gps,,Plantae,Plants,Plantae,47126
177423643,c4614f56-f573-4e04-9651-8bee26d936b2,2023-08-09 11:13:57,2023-08-09,2023-08-08 23:13:57 UTC,Wellington,2023-08-08 23:16:59 UTC,2026-04-13 01:17:51 UTC,research,"",3,0,false,"University General Library, Auckland CBD, Auckland 1010, New Zealand",-36.8520183997,174.7695583997,,,,,,false,gps,gps,Hairy Pennywort,Hydrocotyle moschata,Hairy Pennywort,Plantae,163873
177968209,c701c545-d17e-46bc-8b33-f371f18575b8,2023-08-12 16:50:35+12:00,2023-08-12,2023-08-12 04:50:35 UTC,Wellington,2023-08-12 10:25:27 UTC,2023-08-23 19:05:58 UTC,research,"",2,0,false,"University of Auckland - City Campus, Auckland, Auckland, NZ",-36.849755,174.76973,3,,,3,,false,,,Puriri,Vitex lucens,Pūriri,Plantae,338187
177968328,0fc41ccd-ac4e-4af8-9195-6f89cc8cf76b,2023-08-12 16:44:54+12:00,2023-08-12,2023-08-12 04:44:54 UTC,Wellington,2023-08-12 10:26:24 UTC,2023-08-18 10:51:58 UTC,casual,"",3,0,true,"University of Auckland - City Campus, Auckland, Auckland, NZ",-36.8503083333,174.769805,3,,,3,open,false,,,Daisybushes,Olearia,Daisybushes,Plantae,129177
178310086,fe74a8ea-15f3-4598-a4fb-e3c61cf87247,2023/08/14 12:02 PM,2023-08-14,2023-08-14 00:02:00 UTC,Wellington,2023-08-14 03:25:58 UTC,2023-08-14 03:36:44 UTC,casual,"",0,0,true,"Auckland, New Zealand",-36.849554,174.770129,5,,,5,,false,,,Strobilanthes,Strobilanthes,Coneflowers,Plantae,243721
179099428,23bcfc7b-8ae8-411d-a8f0-093bc2caf2b2,2023-08-19 17:07:42,2023-08-19,2023-08-19 05:07:42 UTC,Wellington,2023-08-19 05:08:33 UTC,2024-05-28 05:31:49 UTC,casual,"",0,0,true,"Auckland CBD, Auckland, New Zealand",-36.848476001,174.771623586,16,,,16,open,false,,,,Telanthophora grandifolia,giant groundsel,Plantae,281675
179275074,ab54fc99-bcc2-4b88-b432-ab699ac73dad,2023/08/20 12:54 PM,2023-08-20,2023-08-20 00:54:00 UTC,Wellington,2023-08-20 03:13:04 UTC,2023-08-20 03:37:28 UTC,casual,"",0,0,true,"Auckland, New Zealand",-36.855875,174.768105,5,,,5,open,false,,,Chinese Fir,Cunninghamia lanceolata,Chinese fir,Plantae,127861
179637669,2c815f74-0897-4827-9977-e09e74b87004,2023/08/22 1:22 PM,2023-08-22,2023-08-22 01:22:00 UTC,Wellington,2023-08-22 05:17:05 UTC,2023-08-23 05:07:00 UTC,casual,"",1,0,true,"Auckland, New Zealand",-36.85149,174.772576,5,,,5,,false,,,Kaikomako,Pennantia corymbosa,,Plantae,185249
179774588,2ae4edbd-726d-4ff8-bf10-3ef1a6540c0f,2023/08/23 11:56 AM,2023-08-23,2023-08-22 23:56:00 UTC,Wellington,2023-08-23 02:37:33 UTC,2023-08-23 02:44:09 UTC,casual,"",0,0,true,"Auckland, New Zealand",-36.849229,174.770761,5,,,5,open,false,,,Illicium majus,Illicium majus,,Plantae,508250
180872744,dfb31321-5cf8-41d4-83d1-86958e7ea23d,2023/08/30 12:48 PM,2023-08-30,2023-08-30 00:48:00 UTC,Wellington,2023-08-30 04:31:21 UTC,2023-08-30 05:13:30 UTC,casual,"",0,0,true,"Auckland, New Zealand",-36.849254,174.77063,5,,,5,open,false,,,Lindera angustifolia,Lindera angustifolia,,Plantae,788032
182568993,81bee90a-5baa-442a-b4de-465c2d85e44f,2023-09-10 09:50:50,2023-09-10,2023-09-09 21:50:50 UTC,Wellington,2023-09-10 01:48:52 UTC,2023-09-10 01:49:11 UTC,casual,"",0,0,true,"Auckland High Court, Auckland CBD, Auckland 1010, New Zealand",-36.8486472222,174.7698472222,,,,,,false,gps,gps,French broom,Genista monspessulana,French broom,Plantae,53403
182584985,b3de65ff-9f8b-4153-aa6d-4fdafe532092,2023/09/10 1:06 PM,2023-09-10,2023-09-10 01:06:00 UTC,Wellington,2023-09-10 04:20:34 UTC,2023-09-10 05:07:59 UTC,casual,"",0,0,true,"Auckland, New Zealand",-36.8506805556,174.7706138889,5,,,5,open,false,,,Pittosporum pimeleoides pimeleoides,Pittosporum pimeleoides pimeleoides,,Plantae,413004
182993146,6f5d3bba-c83e-4903-a50c-a5287b35f07c,2023-09-13 08:28:12,2023-09-13,2023-09-12 20:28:12 UTC,Wellington,2023-09-12 20:30:32 UTC,2024-04-28 22:33:20 UTC,casual,"",0,0,true,"Auckland High Court, Auckland CBD, Auckland 1010, New Zealand",-36.848626,174.769901,,,,,,false,gps,gps,French broom,Genista monspessulana,French broom,Plantae,53403
183609124,6187f95e-0064-4e22-8f65-8f219eb8e497,2023/09/17 10:44 AM,2023-09-17,2023-09-16 22:44:00 UTC,Wellington,2023-09-17 02:49:03 UTC,2023-09-17 09:07:07 UTC,research,"",2,0,false,"Auckland, New Zealand",-36.854329,174.769653,5,,,5,,false,,,Mock Strawberry,Potentilla indica,mock strawberry,Plantae,243824
183609840,c16c9df5-1e48-41de-aeb4-051bea69c286,2023/09/17 10:48 AM,2023-09-17,2023-09-16 22:48:00 UTC,Wellington,2023-09-17 02:56:11 UTC,2024-08-26 08:50:40 UTC,needs_id,"",0,1,false,"Auckland, New Zealand",-36.854329,174.769653,5,,,5,,false,,,Frillworts,Fossombronia,Frillworts,Plantae,56446
183610433,1a8bb6fe-13da-4eee-b2dc-5b3192551a0c,2023/09/17 10:51 AM,2023-09-17,2023-09-16 22:51:00 UTC,Wellington,2023-09-17 03:03:26 UTC,2025-10-08 07:30:46 UTC,research,"",1,0,false,"Auckland, New Zealand",-36.854329,174.769653,5,,,5,,false,,,Pale Pink-Sorrel,Oxalis incarnata,Pale pink-sorrel,Plantae,61776
183611024,f85570aa-aa05-44a9-89d4-4acd241fe70f,2023/09/17 10:54 AM,2023-09-17,2023-09-16 22:54:00 UTC,Wellington,2023-09-17 03:09:27 UTC,2023-09-17 04:58:58 UTC,research,"",1,0,false,"Auckland, New Zealand",-36.854329,174.769653,5,,,5,,false,,,Common Pocket-Moss,Fissidens taxifolius,Common Pocket-moss,Plantae,163024
183614554,8e96b1c0-9422-48f3-8e87-98574a29cc4d,2023/09/17 12:16 PM,2023-09-17,2023-09-17 00:16:00 UTC,Wellington,2023-09-17 03:47:23 UTC,2023-09-17 03:56:40 UTC,casual,"",0,0,true,"Auckland, New Zealand",-36.85208,174.771837,5,,,5,,false,,,Sanchezia,Sanchezia,,Plantae,156237
184474336,ea6345be-12c2-478d-b088-d77e40eea134,2023/09/23 10:57 AM,2023-09-23,2023-09-22 21:57:00 UTC,Wellington,2023-09-23 02:35:51 UTC,2023-09-23 02:40:31 UTC,casual,"",0,0,true,"Auckland, New Zealand",-36.851498,174.772559,5,,,5,,false,,,Kaikomako,Pennantia corymbosa,,Plantae,185249
184647850,a88765d6-03ed-4e0a-8965-da42442d65e7,2023-09-24 18:51:35+13:00,2023-09-24,2023-09-24 05:51:35 UTC,Wellington,2023-09-24 05:52:22 UTC,2023-10-24 01:49:06 UTC,casual,"",1,0,true,"North Island, Auckland, Auckland, NZ",-36.8570800173,174.7671845557,12,,,12,,false,,,Zebra-plant,Goeppertia zebrina,Zebra-plant,Plantae,1172861
186134518,abd56f4f-129e-4315-865d-6050cbba67dc,2023-10-04 15:48:48+13:00,2023-10-04,2023-10-04 02:48:48 UTC,Wellington,2023-10-04 07:41:44 UTC,2023-10-04 07:42:02 UTC,casual,"",0,0,true,"University of Auckland - City Campus, Auckland, Auckland, NZ",-36.8505866667,174.7707666667,10,,,10,,false,,,"",Metrosideros parkinsonii,Parkinson's Rātā,Plantae,403883
186380689,d5e29836-b695-4d80-861b-7bed90256b12,2023-10-06 15:19:27,2023-10-06,2023-10-06 02:19:27 UTC,Wellington,2023-10-06 08:32:37 UTC,2023-10-06 08:34:20 UTC,needs_id,"",0,0,false,"Alfred Street, Auckland CBD, Auckland 1010, New Zealand",-36.8515361111,174.7689277778,,,,,,false,gps,gps,Lemmon's marigold,Tagetes lemmonii,Lemmon's marigold,Plantae,169524
187982359,aebfa4ce-e53c-49df-b54c-eb02550230b9,2023-10-18 16:02:31+13:00,2023-10-18,2023-10-18 03:02:31 UTC,Wellington,2023-10-18 03:25:16 UTC,2023-10-18 04:12:28 UTC,research,"",1,0,false,"University of Auckland - City Campus, Auckland, Auckland, NZ",-36.8498054054,174.7696911638,9,,,9,open,false,,,Mahoe,Melicytus ramiflorus,Māhoe,Plantae,197063
188079262,3b8e46f2-9790-4129-a9da-29016db45bb8,2023-10-19 11:42:41,2023-10-19,2023-10-18 22:42:41 UTC,Wellington,2023-10-18 22:54:29 UTC,2023-10-19 00:52:17 UTC,research,"",2,0,false,"Auckland CBD, Auckland, New Zealand",-36.850725,174.7706483333,8,,,8,,false,,,mophead hydrangea,Hydrangea macrophylla,mophead hydrangea,Plantae,122034
188329951,ff8d76e5-5d68-46f8-bd07-bcf212fd306d,2023/10/21 11:35 AM,2023-10-21,2023-10-20 22:35:00 UTC,Wellington,2023-10-21 02:05:38 UTC,2024-11-06 22:01:20 UTC,research,"",1,0,false,"Auckland, New Zealand",-36.851084,174.771121,5,,,5,,false,,,Aluminium Plant,Lamium galeobdolon,Aluminium plant,Plantae,204339
188331429,744a4289-b984-4f9e-880d-ca79b9019385,2023/10/21 12:05 PM,2023-10-21,2023-10-20 23:05:00 UTC,Wellington,2023-10-21 02:23:00 UTC,2023-10-21 02:42:01 UTC,casual,"",0,0,true,"Auckland, New Zealand",-36.849201,174.769647,5,,,5,,false,,,Callicoma,Callicoma serratifolia,Callicoma,Plantae,321039
188332934,7150fa13-6877-4380-b4e6-654ee8b2541b,2023/10/21 1:03 PM,2023-10-21,2023-10-21 00:03:00 UTC,Wellington,2023-10-21 02:40:58 UTC,2023-10-21 02:50:02 UTC,needs_id,"",0,0,false,"Auckland, New Zealand",-36.848841,174.769028,5,,,5,,false,,,Cornsalads,Valerianella,Cornsalads,Plantae,55754
188931846,2c527def-28be-4e73-8cc5-906b02806fbc,2023-10-24 08:16:19+13:00,2023-10-24,2023-10-23 19:16:19 UTC,Wellington,2023-10-25 19:54:45 UTC,2023-10-25 19:54:53 UTC,casual,"",0,0,true,"Te Ika-a-Māui, Auckland, Auckland, NZ",-36.8512583333,174.7730866667,5,,,5,,false,,,"",Metrosideros colensoi,,Plantae,366728
188931875,59d80a2f-82a6-4c9e-9661-b9c3f9ab93d3,2023-09-27 16:06:07+13:00,2023-09-27,2023-09-27 03:06:07 UTC,Wellington,2023-10-25 19:54:59 UTC,2023-10-25 21:15:48 UTC,casual,"",1,0,true,"Te Ika-a-Māui, Auckland, Auckland, NZ",-36.8512633333,174.77292,10,,,10,,false,,,crimson rātā,Metrosideros carminea,crimson rātā,Plantae,403885
190186367,99710f12-49e4-4f8c-b87b-65d90330a63e,2023/11/06 9:02 PM,2023-11-06,2023-11-06 08:02:00 UTC,Wellington,2023-11-06 08:05:35 UTC,2023-11-17 04:16:39 UTC,casual,"",2,0,true,"Auckland CBD, Auckland, New Zealand",-36.8503789264,174.7690945425,15,,,15,,false,,,Lowland Rock Daisy,Pachystegia insignis,Lowland Rock Daisy,Plantae,404472
190245969,0d7d81ad-8e4a-4330-a80f-2f45dd2ebeec,2023-11-07 10:13:28,2023-11-07,2023-11-06 21:13:28 UTC,Wellington,2023-11-06 21:30:57 UTC,2023-11-14 07:14:27 UTC,research,"",2,0,false,"Auckland CBD, Auckland, New Zealand",-36.8518943786,174.7706298828,,,,,,false,gps,gps,Maikaika,Microtis unifolia,Maikaika,Plantae,353958
190707129,c6816f87-4429-40f9-acbf-883d8ef17b48,2023/11/08 4:03 PM,2023-11-08,2023-11-08 03:03:00 UTC,Wellington,2023-11-11 19:22:23 UTC,2023-11-11 19:23:14 UTC,casual,"",0,0,true,"Auckland CBD, Auckland, New Zealand",-36.8495657405,174.7698110243,4,,,4,open,false,,,Monoao,Halocarpus kirkii,monoao,Plantae,135974
191560952,4dcd754a-710c-48d9-acbf-56e39c735f44,2023-11-20 8:04:58 AM GMT+13:00,2023-11-20,2023-11-19 19:04:58 UTC,Wellington,2023-11-20 07:43:17 UTC,2023-11-20 07:43:23 UTC,needs_id,"",0,0,false,"Auckland CBD, Auckland 1010, New Zealand",-36.8533132,174.7717518,,,,,,false,gps,gps,false bindweeds,Calystegia,false bindweeds,Plantae,56031
191691098,67235033-0f71-42b1-9245-90c0b25a02ec,2023/11/21 8:07 AM,2023-11-21,2023-11-20 19:07:00 UTC,Wellington,2023-11-21 18:24:34 UTC,2024-01-10 22:27:38 UTC,casual,"",1,0,true,"Auckland CBD, Auckland 1010, New Zealand",-36.849636761,174.7696367743,2,,,2,open,false,,,toatoa,Phyllocladus toatoa,toatoa,Plantae,135733
191742733,6bbd0fdc-6017-4890-8cb6-317672f5b86b,2023-11-22 8:44:48 AM GMT+13:00,2023-11-22,2023-11-21 19:44:48 UTC,Wellington,2023-11-22 07:37:38 UTC,2023-11-22 07:37:52 UTC,needs_id,"",0,0,false,"Auckland CBD, Auckland 1010, New Zealand",-36.8515062,174.7724967,,,,,,false,gps,gps,Libertia,Libertia,,Plantae,59942
192593508,4840400f-3122-44ca-9a87-c64f2a4bf6a0,2023-11-30 11:57:08+13:00,2023-11-30,2023-11-29 22:57:08 UTC,Wellington,2023-11-30 00:04:36 UTC,2023-11-30 06:10:51 UTC,casual,"",1,0,true,"University of Auckland - City Campus, Auckland, Auckland, NZ",-36.8500666667,174.76973,11,,,11,,false,,,Kawaka,Libocedrus plumosa,Kawaka,Plantae,135819
193053194,2f1e624d-d4ba-41b9-ab56-a9ca56afe59c,2023/12/04 3:43 PM,2023-12-04,2023-12-04 02:43:00 UTC,Wellington,2023-12-04 18:26:41 UTC,2023-12-05 19:13:49 UTC,research,"",4,0,false,"Auckland CBD, Auckland 1010, New Zealand",-36.850124966,174.7698685201,2,,,2,,false,,,skeleton fork fern,Psilotum nudum,skeleton fork fern,Plantae,167517
193183613,5b235e96-7d3e-4a26-9418-fc9d11f24c7c,2023-12-06 16:32:43+13:00,2023-12-06,2023-12-06 03:32:43 UTC,Wellington,2023-12-06 03:51:32 UTC,2023-12-06 05:40:40 UTC,research,"",2,0,false,"University of Auckland - City Campus, Auckland, Auckland, NZ",-36.8497716667,174.76953,15,,,15,open,false,,,Kawakawa,Piper excelsum excelsum,Kawakawa,Plantae,466004
193184027,67d0e472-028f-4ec5-a8a5-799c462df954,2023-12-06 16:30:47+13:00,2023-12-06,2023-12-06 03:30:47 UTC,Wellington,2023-12-06 03:58:43 UTC,2023-12-06 03:59:04 UTC,casual,"",0,0,true,"University of Auckland - City Campus, Auckland, Auckland, NZ",-36.8499416667,174.7701866667,46,,,46,,false,,,"",Lagunaria patersonia,Norfolk Island hibiscus,Plantae,77622
193267615,e3157df0-d5e4-4db8-bf7a-bea94ccefa97,2023/12/07 2:17 PM,2023-12-07,2023-12-07 01:17:00 UTC,Wellington,2023-12-07 03:35:48 UTC,2023-12-07 18:15:46 UTC,casual,"",1,0,true,"Auckland CBD, Auckland 1010, New Zealand",-36.8499699579,174.769660684,2,,,2,,false,,,King fern,Ptisana salicina,King fern,Plantae,410562
193267834,5f014e50-d130-4f50-a708-1a6ae30fcf56,2023/12/07 2:19 PM,2023-12-07,2023-12-07 01:19:00 UTC,Wellington,2023-12-07 03:38:46 UTC,2023-12-07 03:39:17 UTC,casual,"",0,0,true,"Auckland CBD, Auckland 1010, New Zealand",-36.8499863247,174.7696445861,4,,,4,open,false,,,Pittosporum kirkii,Pittosporum kirkii,,Plantae,366710
193664844,2cb6c485-6719-445f-8734-74a9605f429c,2021-12-23 15:01:27,2021-12-23,2021-12-23 02:01:27 UTC,Wellington,2023-12-11 01:22:18 UTC,2023-12-11 02:18:56 UTC,research,"",1,0,false,"Alfred Street, Auckland CBD, Auckland 1010, New Zealand",-36.8504923841,174.7689306736,125,,,125,,false,gps,gps,Pukatea,Laurelia novae-zelandiae,Pukatea,Plantae,186188
193665519,8b2e0eaa-1007-4cbb-bde7-91accf0509f2,2023-06-27 09:12:42,2023-06-27,2023-06-26 21:12:42 UTC,Wellington,2023-12-11 01:29:53 UTC,2023-12-11 20:36:45 UTC,casual,"",1,0,true,"Auckland, NZ",-36.8504247753,174.7709859163,88,,,88,,false,gps,gps,Rough Maidenhair Fern,Adiantum hispidulum,Rough Maidenhair Fern,Plantae,158020
193665617,e40e0cde-606f-4b98-a224-8004b4206099,2023-12-06 13:09:05,2023-12-06,2023-12-06 00:09:05 UTC,Wellington,2023-12-11 01:31:06 UTC,2024-01-11 22:59:28 UTC,research,"",1,0,false,"Auckland CBD, Auckland 1010, New Zealand",-36.8512323217,174.7709232196,22,,,22,,false,gps,gps,Potato Orchid,Gastrodia sesamoides,Cinnamon Bells,Plantae,337634
193753234,66d282bf-7a34-4916-aa23-46826144ddaa,2023-12-12 10:01:26,2023-12-12,2023-12-11 21:01:26 UTC,Wellington,2023-12-12 00:48:10 UTC,2024-01-07 21:43:49 UTC,research,"",1,0,false,"Auckland, New Zealand",-36.851246,174.770919,5,,,5,,false,,,Potato Orchid,Gastrodia sesamoides,Cinnamon Bells,Plantae,337634
193755245,88aa7f45-b34f-46b7-934d-a3e5669c7302,2023-12-12 10:22:34,2023-12-12,2023-12-11 21:22:34 UTC,Wellington,2023-12-12 01:14:55 UTC,2024-01-07 21:44:06 UTC,research,"",1,0,false,"Auckland, New Zealand",-36.848995,174.770066,5,,,5,,false,,,Potato Orchid,Gastrodia sesamoides,Cinnamon Bells,Plantae,337634
193842839,d9da66b6-cc47-4bd9-bb58-bc9064d95c17,2023-12-13 15:42:28,2023-12-13,2023-12-13 02:42:28 UTC,Wellington,2023-12-13 02:43:48 UTC,2025-12-15 02:16:06 UTC,needs_id,"",0,0,false,"Grafton, Auckland, New Zealand",-36.8549495142,174.7685947687,16,,,16,,false,,,vascular plants,Tracheophyta,Vascular Plants,Plantae,211194
193843521,86ba73f6-4c55-43a1-8d22-df5f29a9fa62,2023-12-13 15:53:58,2023-12-13,2023-12-13 02:53:58 UTC,Wellington,2023-12-13 02:57:58 UTC,2026-01-22 22:08:36 UTC,research,"",2,0,false,"Grafton, Auckland, New Zealand",-36.8551360248,174.7681885626,12,,,12,open,false,,,Hachiku Bamboo,Phyllostachys nigra henonis,Hachiku Bamboo,Plantae,413937
194000781,1b69eff4-0d47-4e60-ad7b-53c385903a47,2023-11-20 16:07:54+13:00,2023-11-20,2023-11-20 03:07:54 UTC,Wellington,2023-12-15 04:52:37 UTC,2023-12-15 19:07:24 UTC,casual,"",1,0,true,"Te Ika-a-Māui, Auckland, Auckland, NZ",-36.851395,174.7724916667,35,,,35,,false,,,Metrosideros colensoi,Metrosideros colensoi,,Plantae,366728
194073504,fd4f3a47-87b8-480c-8aa6-64e701545b46,2023-12-16 13:09:13,2023-12-16,2023-12-16 00:09:13 UTC,Wellington,2023-12-16 02:59:48 UTC,2023-12-16 03:05:46 UTC,casual,"",0,0,true,"Auckland, New Zealand",-36.849314,174.77005,5,,,5,,false,,,Kurrajong,Brachychiton populneus,kurrajong,Plantae,349248
194073888,dad6a0fc-7cf1-4b5d-8be8-000906cd9257,2023-12-16 13:14:52,2023-12-16,2023-12-16 00:14:52 UTC,Wellington,2023-12-16 03:06:47 UTC,2023-12-16 03:15:57 UTC,casual,"",0,0,true,"Auckland, New Zealand",-36.849253,174.769941,5,,,5,,false,,,Dove Tree,Davidia involucrata,Dove tree,Plantae,128506
194323456,a03d29b6-ee5b-4382-b16e-e49f8d136ccb,2023-12-19 14:55:03+13:00,2023-12-19,2023-12-19 01:55:03 UTC,Wellington,2023-12-19 01:55:25 UTC,2023-12-19 04:16:14 UTC,research,"",1,0,false,"North Island, Auckland, Auckland, NZ",-36.8517421657,174.7685737082,9,,,9,,false,,,Spanish Broom,Spartium junceum,Spanish Broom,Plantae,47406
194323605,74d2d2ea-75f9-47fb-b136-78f0bcf7fdac,2023-12-19 14:56:18+13:00,2023-12-19,2023-12-19 01:56:18 UTC,Wellington,2023-12-19 01:57:13 UTC,2025-03-09 23:28:43 UTC,casual,"",2,0,true,"Albert Park, Auckland, Auckland, NZ",-36.8516473656,174.7684938086,75,,,75,,false,,,roses,Rosa,roses,Plantae,53438
194862623,b7763959-1af4-4b8c-8b45-e08fc58f6a3e,2023-12-26 14:05:07,2023-12-26,2023-12-26 01:05:07 UTC,Wellington,2023-12-26 03:15:46 UTC,2023-12-26 03:21:44 UTC,casual,"",0,0,true,"Auckland, New Zealand",-36.850195,174.76983,5,,,5,,false,,,Easter Lily Vine,Beaumontia grandiflora,Easter lily vine,Plantae,428002
195239703,8caed2a7-fd86-48f6-b3ec-06e3ed2baa78,2023-12-30 14:41:28,2023-12-30,2023-12-30 01:41:28 UTC,Wellington,2023-12-30 05:00:42 UTC,2023-12-30 22:18:53 UTC,needs_id,"",1,0,false,"Auckland, New Zealand",-36.853268,174.769049,5,,,5,,false,,,Earina,Earina,,Plantae,378919
195438593,197c1384-d1e5-423e-9138-155ae7aca965,2024-01-01 13:06:07,2024-01-01,2024-01-01 00:06:07 UTC,Wellington,2024-01-01 05:08:08 UTC,2024-01-04 23:16:56 UTC,casual,"",2,0,true,"Auckland, New Zealand",-36.851119,174.7728,5,,,5,,false,,,Flax-Lilies,Dianella,flax-lilies,Plantae,53691
195438968,31b3a720-59f4-4f8a-9a94-2fa014ba8db2,2024-01-01 13:10:10,2024-01-01,2024-01-01 00:10:10 UTC,Wellington,2024-01-01 05:12:58 UTC,2024-01-01 05:18:51 UTC,casual,"",0,0,true,"Auckland, New Zealand",-36.851007,174.772702,5,,,5,open,false,,,Soap-bark Tree,Quillaja saponaria,Soap-bark tree,Plantae,181934
195439616,b95bb079-77d8-4410-a672-27533043ab68,2024-01-01 13:13:43,2024-01-01,2024-01-01 00:13:43 UTC,Wellington,2024-01-01 05:24:23 UTC,2024-01-01 05:28:03 UTC,casual,"",0,0,true,"Auckland, New Zealand",-36.85096,174.772167,5,,,5,,false,,,Tecomanthe dendrophila,Tecomanthe dendrophila,,Plantae,344235
195640658,0ce43b0b-9a95-41f8-9939-69ef9b2c58d0,2024-01-03 13:58:22+13:00,2024-01-03,2024-01-03 00:58:22 UTC,Wellington,2024-01-03 06:39:36 UTC,2024-01-26 20:39:37 UTC,casual,"",0,0,true,"University of Auckland - City Campus, Auckland, Auckland, NZ",-36.8499213476,174.7700251188,14,,,14,,false,,,"",Hydrangea,hydrangeas,Plantae,83157
196398475,aa8dee5f-b5e7-4516-97dd-9d770dc42d2b,2024-01-12 16:16:25,2024-01-12,2024-01-12 03:16:25 UTC,Wellington,2024-01-12 03:17:28 UTC,2025-04-05 03:07:39 UTC,research,"",1,0,false,"Grafton, Auckland, New Zealand",-36.85397493,174.770298,10,,,10,open,false,,,tree privet,Ligustrum lucidum,tree privet,Plantae,77740
197118702,9e728031-1347-455e-94b1-667d2462f06c,2024-01-10 16:46:10,2024-01-10,2024-01-10 03:46:10 UTC,Wellington,2024-01-20 05:49:19 UTC,2024-01-28 04:43:14 UTC,casual,"",1,0,true,"Alfred Street, Auckland CBD, Auckland 1010, New Zealand",-36.8511772156,174.7687530517,,,,,,false,,,climbing rātā,Metrosideros perforata,climbing rātā,Plantae,366726
197445761,8f19f46c-5a42-4190-8007-3d198123bb71,2024-01-19 16:13:49,2024-01-19,2024-01-19 03:13:49 UTC,Wellington,2024-01-24 07:20:06 UTC,2024-01-24 07:20:52 UTC,needs_id,"",0,0,false,"University of Auckland, Auckland CBD, Auckland 1010, New Zealand",-36.852629,174.7708849722,,,,,,false,gps,gps,Fissidens leptocladus,Fissidens leptocladus,,Plantae,401893
197481100,5aaf99dc-a3b2-469d-b492-756d39800f26,2024-01-24 08:45:00+13:00,2024-01-24,2024-01-23 19:45:00 UTC,Wellington,2024-01-24 19:45:10 UTC,2024-06-19 19:55:24 UTC,research,"",2,0,false,"University of Auckland - City Campus, Auckland, Auckland, NZ",-36.8500283333,174.76915,31,,,31,,false,,,Houpara,Pseudopanax lessonii,Houpara,Plantae,405342
198860284,be9c267a-52fb-4b6c-94f0-13a4890af9f7,2024-02-10 12:52:54,2024-02-10,2024-02-09 23:52:54 UTC,Wellington,2024-02-10 02:58:52 UTC,2024-09-09 19:02:33 UTC,research,"",2,0,false,"Auckland, New Zealand",-36.850113,174.770894,5,,,5,,false,,,Common Liverwort,Marchantia polymorpha,Common Liverwort,Plantae,56406
198860912,084a5eab-d34a-47b3-9a2c-974dc55e366e,2024-02-10 13:10:07,2024-02-10,2024-02-10 00:10:07 UTC,Wellington,2024-02-10 03:06:36 UTC,2024-04-12 06:00:31 UTC,research,"",2,0,false,"Auckland, New Zealand",-36.8498916667,174.7714833333,5,,,5,open,false,,,Coastal Morning Glory,Ipomoea cairica,Coastal morning glory,Plantae,77494
199123950,e36151da-8d06-417c-a810-996fb1807d23,2024/02/13 7:53 AM,2024-02-13,2024-02-12 18:53:00 UTC,Wellington,2024-02-12 19:11:23 UTC,2024-02-12 19:12:13 UTC,casual,"",0,0,true,"Auckland CBD, Auckland 1010, New Zealand",-36.8506230316,174.7695099484,2,,,2,,false,,,Makamaka,Ackama rosifolia,Makamaka,Plantae,399339
199302805,767d38f5-d0e0-406f-a06c-51080b3edf55,2024/02/15 8:33 AM,2024-02-15,2024-02-14 19:33:00 UTC,Wellington,2024-02-14 20:08:08 UTC,2024-02-14 20:10:38 UTC,casual,"",0,0,true,"Auckland CBD, Auckland 1010, New Zealand",-36.8512220254,174.7707366653,2,,,2,open,false,,,Bog Pine,Halocarpus bidwillii,bog pine,Plantae,54695
199303120,6fd0dbb4-e664-46d9-8cd6-eafaf6a1a47e,2024/02/15 8:36 AM,2024-02-15,2024-02-14 19:36:00 UTC,Wellington,2024-02-14 20:13:25 UTC,2024-11-16 07:24:25 UTC,casual,"",0,0,true,"Auckland CBD, Auckland 1010, New Zealand",-36.8512416419,174.7707876837,4,,,4,open,false,,,mountain toatoa,Phyllocladus alpinus,mountain toatoa,Plantae,447042
199634421,3562247c-203e-4358-964e-34aea8fde501,2024-02-18 16:22:37,2024-02-18,2024-02-18 03:22:37 UTC,Wellington,2024-02-18 03:24:37 UTC,2024-02-18 04:00:45 UTC,casual,"",0,0,true,"Auckland CBD, Auckland 1010, New Zealand",-36.84959179,174.77018051,4,,,4,,false,,,,Pleroma urvilleanum,Glory bush,Plantae,1263850
199707427,13950fe6-486a-4d1d-86f3-4f2691ddda34,2024/02/19 8:15 AM,2024-02-19,2024-02-18 19:15:00 UTC,Wellington,2024-02-18 19:30:16 UTC,2024-02-24 00:49:43 UTC,casual,"",1,0,true,"Auckland CBD, Auckland 1010, New Zealand",-36.8502755739,174.770775924,4,,,4,open,false,,,Three Kings Titoki,Alectryon excelsus grandis,Three Kings Titoki,Plantae,411919
199718283,0bd0acaa-a9c9-4fda-b0cb-4338fc873a65,2024/02/19 9:49 AM,2024-02-19,2024-02-18 20:49:00 UTC,Wellington,2024-02-18 21:09:49 UTC,2024-02-18 21:10:55 UTC,casual,"",0,0,true,"Auckland CBD, Auckland 1010, New Zealand",-36.8511967154,174.7688039698,3,,,3,,false,,,Climbing Rātā,Metrosideros perforata,climbing rātā,Plantae,366726
199869318,6d241e5a-29df-4937-b108-b9029fb4dfa5,2024-02-20 18:16:20,2024-02-20,2024-02-20 05:16:20 UTC,Wellington,2024-02-20 05:17:09 UTC,2024-02-20 05:17:16 UTC,needs_id,"",0,0,false,"Auckland CBD, Auckland 1010, New Zealand",-36.85214643,174.77164624,6,,,6,,false,,,Red pineapple,Ananas comosus bracteatus,Red pineapple,Plantae,933163
199948293,4a99b701-37e1-4be1-a8a5-90b031094c3c,2024-02-21 13:36:21+13:00,2024-02-21,2024-02-21 00:36:21 UTC,Wellington,2024-02-21 00:36:53 UTC,2025-01-30 03:29:11 UTC,casual,"",1,0,true,"University of Auckland - City Campus, Auckland, Auckland, NZ",-36.850175,174.7714216667,35,,,35,open,false,,,Rough-leaved Cats-whiskers,Rotheca myricoides,Rough-leaved Cats-whiskers,Plantae,340357
199948323,6d121451-b29e-4df2-863e-1188a2ff9181,2024-02-21 13:36:49,2024-02-21,2024-02-21 00:36:49 UTC,Wellington,2024-02-21 00:37:31 UTC,2024-02-21 00:50:42 UTC,research,"",1,0,false,"Waterloo Quadrant, Auckland CBD, Auckland 1010, New Zealand",-36.85006096,174.77109533,6,,,6,open,false,,,kauri,Agathis australis,Kauri,Plantae,121718
199948350,e1a1734b-e0ac-41b2-9586-6fcb349d008c,2024-02-21 13:31:15+13:00,2024-02-21,2024-02-21 00:31:15 UTC,Wellington,2024-02-21 00:38:05 UTC,2024-03-31 18:52:16 UTC,casual,"",2,0,true,"University of Auckland - City Campus, 奥克兰, 奥克兰, NZ",-36.850125,174.7710416667,4,,,4,,false,,,被子植物,Angiospermae,Flowering Plants,Plantae,47125
199948522,eab8b1ac-73d0-4d54-938a-73e645dec5f4,2024-02-21 13:39:24,2024-02-21,2024-02-21 00:39:24 UTC,Wellington,2024-02-21 00:41:02 UTC,2024-02-21 06:23:45 UTC,research,"",1,0,false,"Auckland CBD, Auckland 1010, New Zealand",-36.84971617,174.77142411,8,,,8,,false,,,Houpara,Pseudopanax lessonii,Houpara,Plantae,405342
199948528,425e4ea4-6a5f-4f5c-b157-f619cc74e208,2024-02-21 13:39:45,2024-02-21,2024-02-21 00:39:45 UTC,Wellington,2024-02-21 00:41:07 UTC,2024-02-24 00:46:54 UTC,casual,"",1,0,true,"Auckland CBD, Auckland 1010, New Zealand",-36.8498665997,174.7713841997,,,,,open,false,gps,gps,Tānekaha,Phyllocladus trichomanoides,Tānekaha,Plantae,54687
199948784,2964e86e-7658-4786-bc88-49b2c2ec76aa,2024-02-21 13:41:59+13:00,2024-02-21,2024-02-21 00:41:59 UTC,Wellington,2024-02-21 00:42:47 UTC,2024-04-28 08:22:12 UTC,casual,"",2,0,true,"University of Auckland - City Campus, 奥克兰, 奥克兰, NZ",-36.8500906469,174.7710891265,4,,,4,open,false,,,云杉属,Picea,spruces,Plantae,63573
199948821,8158b4c8-f15b-489f-9f23-99742f140853,2024-02-21 13:42:47+13:00,2024-02-21,2024-02-21 00:42:47 UTC,Wellington,2024-02-21 00:43:08 UTC,2025-06-20 12:08:50 UTC,needs_id,"",1,0,false,"North Island, Auckland, Auckland, NZ",-36.8494043825,174.7714099914,18,,,18,,false,,,agapanthus,Agapanthus praecox,agapanthus,Plantae,199324
199948831,532b3e9b-91b6-4bb4-8ebd-355391a59576,2024-02-21 13:41:30,2024-02-21,2024-02-21 00:41:30 UTC,Wellington,2024-02-21 00:43:25 UTC,2024-04-12 05:30:50 UTC,research,"",3,0,false,"Auckland CBD, Auckland 1010, New Zealand",-36.8497516,174.77130315,6,,,6,open,false,,,Mile-a-minute vine,Ipomoea cairica,Coastal morning glory,Plantae,77494
199948839,22c728a3-446e-4760-a941-2a6cb60d9599,2024-02-21 13:42:06,2024-02-21,2024-02-21 00:42:06 UTC,Wellington,2024-02-21 00:43:41 UTC,2024-02-24 00:46:56 UTC,casual,"",1,0,true,"Auckland CBD, Auckland 1010, New Zealand",-36.849814,174.7712279,,,,,,false,gps,gps,ginkgo,Ginkgo biloba,ginkgo,Plantae,64350
199948915,9c476338-ff4a-4f84-89cc-8a84b8b19d9b,2024-02-21 13:43:49+13:00,2024-02-21,2024-02-21 00:43:49 UTC,Wellington,2024-02-21 00:44:49 UTC,2024-02-21 00:50:26 UTC,research,"",1,0,false,"University of Auckland - City Campus, 奥克兰, 奥克兰, NZ",-36.8500577715,174.771103135,4,,,4,,false,,,象耳姑婆芋,Alocasia brisbanensis,Cunjevoi,Plantae,126965
199948930,d0bc6e34-295e-4e8e-9e7c-4820295a44fa,2024-02-21 13:44:04,2024-02-21,2024-02-21 00:44:04 UTC,Wellington,2024-02-21 00:45:10 UTC,2024-02-21 00:50:21 UTC,research,"",1,0,false,"Auckland CBD, Auckland 1010, New Zealand",-36.84970249,174.77129916,9,,,9,,false,,,Wharangi,Melicope ternata,Wharangi,Plantae,403835
199948968,77ffd61b-d552-49a0-b164-521e7e8479d8,2024-02-21 13:45:06+13:00,2024-02-21,2024-02-21 00:45:06 UTC,Wellington,2024-02-21 00:45:43 UTC,2024-02-21 00:51:06 UTC,research,"",1,0,false,"University of Auckland - City Campus, 奥克兰, 奥克兰, NZ",-36.8500359566,174.7711717185,7,,,7,open,false,,,新西兰贝壳杉,Agathis australis,Kauri,Plantae,121718
199948972,20ea7b60-0384-4a1f-9ef2-fb675ccc81e9,2024-02-21 13:45:18+13:00,2024-02-21,2024-02-21 00:45:18 UTC,Wellington,2024-02-21 00:45:47 UTC,2024-02-26 01:07:55 UTC,casual,"",1,0,true,"University of Auckland - City Campus, 奥克兰, 奥克兰, NZ",-36.8500666667,174.77127,4,,,4,,false,,,红萼苘麻,Callianthe megapotamica,Trailing abutilon,Plantae,508221
199949033,879bbf0f-014d-4a1b-975d-d6580959826f,2024-02-21 13:45:34,2024-02-21,2024-02-21 00:45:34 UTC,Wellington,2024-02-21 00:46:57 UTC,2025-08-15 11:22:20 UTC,research,"",2,0,false,"Auckland CBD, Auckland 1010, New Zealand",-36.84948365,174.77137113,8,,,8,,false,,,Marble leaf,Carpodetus serratus,Marble leaf,Plantae,341690
199949085,b431f387-be76-4c6c-8b8a-c76f3fd3e2e4,2024-02-21 13:46:36+13:00,2024-02-21,2024-02-21 00:46:36 UTC,Wellington,2024-02-21 00:47:49 UTC,2024-02-21 00:47:57 UTC,casual,"",0,0,true,"University of Auckland - City Campus, 奥克兰, 奥克兰, NZ",-36.8500889652,174.7711362039,4,,,4,open,false,,,"",Cycas revoluta,Sago cycad,Plantae,129783
199949172,752ea776-9e4a-4cf5-9811-3c90c9178ffe,2024-02-21 13:46:44+13:00,2024-02-21,2024-02-21 00:46:44 UTC,Wellington,2024-02-21 00:49:16 UTC,2026-01-22 19:08:35 UTC,needs_id,"",3,0,false,"University of Auckland - City Campus, 奥克兰, 奥克兰, NZ",-36.8500219216,174.7713309105,4,,,4,,false,,,簕竹属,Bambusa,,Plantae,68667
199949198,b9f31220-62ac-421d-88f6-dc875a5149e2,2024-02-21 13:47:55,2024-02-21,2024-02-21 00:47:55 UTC,Wellington,2024-02-21 00:49:51 UTC,2024-02-21 23:08:29 UTC,research,"",3,0,false,"Auckland CBD, Auckland 1010, New Zealand",-36.8496038997,174.7712424,,,,,,false,gps,gps,Leather-leaf fern,Pyrrosia eleagnifolia,Leather-leaf fern,Plantae,210959
199949201,71878f99-8c22-4502-9a04-30b83efa93f9,2024-02-21 13:49:39+13:00,2024-02-21,2024-02-21 00:49:39 UTC,Wellington,2024-02-21 00:49:51 UTC,2024-02-21 06:23:27 UTC,casual,"",1,0,true,"University of Auckland - City Campus, 奥克兰, 奥克兰, NZ",-36.8497952017,174.7713657891,4,,,4,,false,,,君子兰,Clivia miniata,Natal Lily,Plantae,210194
199949231,628b4457-19a4-419a-a3e8-52b440a9da3d,2024-02-21 13:48:34+13:00,2024-02-21,2024-02-21 00:48:34 UTC,Wellington,2024-02-21 00:50:25 UTC,2024-02-21 00:50:31 UTC,casual,"",0,0,true,"University of Auckland - City Campus, 奥克兰, 奥克兰, NZ",-36.8500375841,174.7710372137,3,,,3,open,false,,,"",Aesculus flava,yellow buckeye,Plantae,116362
199949497,837ad1ec-fcec-4690-a24f-983c13367a57,2024-02-21 13:53:26+13:00,2024-02-21,2024-02-21 00:53:26 UTC,Wellington,2024-02-21 00:53:50 UTC,2024-02-21 06:23:09 UTC,research,"",1,0,false,"University of Auckland - City Campus, 奥克兰, 奥克兰, NZ",-36.8495095416,174.7712773676,4,,,4,,false,,,早花百子莲,Agapanthus praecox,agapanthus,Plantae,199324
199949540,2c3d1b33-0366-46cd-9e54-28df6b60de43,2024-02-21 13:54:32+13:00,2024-02-21,2024-02-21 00:54:32 UTC,Wellington,2024-02-21 00:54:52 UTC,2025-01-30 03:29:11 UTC,casual,"",1,0,true,"Auckland, NZ",-36.8494116667,174.77118,25,,,25,,false,,,Wharangi,Melicope ternata,Wharangi,Plantae,403835
199949591,024d2193-049f-4048-8bb5-a7d1ad760332,2024-02-21 13:54:32+13:00,2024-02-21,2024-02-21 00:54:32 UTC,Wellington,2024-02-21 00:55:42 UTC,2024-02-21 06:22:43 UTC,research,"",1,0,false,"University of Auckland - City Campus, 奥克兰, 奥克兰, NZ",-36.849737051,174.7711616849,3,,,3,open,false,,,蕨状叶枝杉,Phyllocladus trichomanoides,Tānekaha,Plantae,54687
199949632,255fbbe4-487f-4aec-9831-b2d5cb1f13e2,2024-02-21 13:55:40+13:00,2024-02-21,2024-02-21 00:55:40 UTC,Wellington,2024-02-21 00:56:17 UTC,2026-02-24 06:23:47 UTC,research,"",1,0,false,"University of Auckland - City Campus, 奥克兰, 奥克兰, NZ",-36.849292635,174.7710507641,4,,,4,open,false,,,锈色核果杉,Pectinopitys ferruginea,Miro,Plantae,1532266
199949675,58ae21ff-5419-4572-854d-38db1fe0a741,2024-02-21 13:55:26,2024-02-21,2024-02-21 00:55:26 UTC,Wellington,2024-02-21 00:56:38 UTC,2024-02-21 23:08:14 UTC,research,"",2,0,false,"Auckland CBD, Auckland 1010, New Zealand",-36.84979911,174.77105484,6,,,6,,false,,,Leather-leaf fern,Pyrrosia eleagnifolia,Leather-leaf fern,Plantae,210959
199949690,24b71343-7159-422f-8020-ba66da3cbd48,2024-02-21 13:56:43+13:00,2024-02-21,2024-02-21 00:56:43 UTC,Wellington,2024-02-21 00:56:58 UTC,2024-04-12 05:30:49 UTC,research,"",2,0,false,"University of Auckland - City Campus, 奥克兰, 奥克兰, NZ",-36.8496622846,174.7712544726,4,,,4,open,false,,,五爪金龙,Ipomoea cairica,Coastal morning glory,Plantae,77494
199949722,f35e9ac1-b6fe-4fc6-8479-f3723feb5073,2024-02-21 13:57:01,2024-02-21,2024-02-21 00:57:01 UTC,Wellington,2024-02-21 00:57:22 UTC,2024-02-21 06:22:37 UTC,research,"",1,0,false,"Auckland CBD, Auckland 1010, New Zealand",-36.84978276,174.77124817,8,,,8,open,false,,,celery pine,Phyllocladus trichomanoides,Tānekaha,Plantae,54687
199949736,90d619cf-b1a2-4e97-998c-9494f6fdb53a,2024-02-21 13:57:45+13:00,2024-02-21,2024-02-21 00:57:45 UTC,Wellington,2024-02-21 00:57:43 UTC,2024-02-21 06:22:33 UTC,research,"",1,0,false,"University of Auckland - City Campus, 奥克兰, 奥克兰, NZ",-36.8496512624,174.7712388823,4,,,4,open,false,,,野芋,Colocasia esculenta,Taro,Plantae,122835
199949851,ac3aeae7-988c-40d1-b154-cbb5d03480ee,2024-02-21 13:58:45+13:00,2024-02-21,2024-02-21 00:58:45 UTC,Wellington,2024-02-21 00:59:24 UTC,2024-04-24 05:54:20 UTC,casual,"",1,0,true,"University of Auckland - City Campus, 奥克兰, 奥克兰, NZ",-36.8496741908,174.7712677742,4,,,4,open,false,,,蓝蝴蝶,Rotheca myricoides,Rough-leaved Cats-whiskers,Plantae,340357
199949878,f274b277-f71c-44e1-a07c-f69709bce6fc,2024-02-21 13:59:44+13:00,2024-02-21,2024-02-21 00:59:44 UTC,Wellington,2024-02-21 00:59:51 UTC,2024-02-21 00:59:56 UTC,casual,"",0,0,true,"University of Auckland - City Campus, 奥克兰, 奥克兰, NZ",-36.8495670243,174.7712542211,4,,,4,,false,,,"",Erigeron coulteri,Coulter's fleabane,Plantae,76914
199950054,8f142ffc-a1aa-46b1-ab84-77269a344f9d,2024-02-21 14:01:34+13:00,2024-02-21,2024-02-21 01:01:34 UTC,Wellington,2024-02-21 01:01:41 UTC,2024-02-21 02:58:47 UTC,research,"",1,0,false,"University of Auckland - City Campus, 奥克兰, 奥克兰, NZ",-36.8494877734,174.7712144071,4,,,4,,false,,,射干菖蒲,Crocosmia × crocosmiiflora,Garden Montbretia,Plantae,181465
199950100,4f8e7bed-25d8-4ff3-b58e-5bf5d846acb2,2024-02-21 14:02:23+13:00,2024-02-21,2024-02-21 01:02:23 UTC,Wellington,2024-02-21 01:02:30 UTC,2024-02-21 02:58:41 UTC,research,"",1,0,false,"University of Auckland - City Campus, 奥克兰, 奥克兰, NZ",-36.8495178642,174.7712633574,4,,,4,,false,,,早花百子莲,Agapanthus praecox,agapanthus,Plantae,199324
199950118,5dc01427-0848-407b-bf62-e3048071e234,2024-02-21 14:02:33+13:00,2024-02-21,2024-02-21 01:02:33 UTC,Wellington,2024-02-21 01:02:59 UTC,2024-02-21 06:22:32 UTC,research,"",1,0,false,"University of Auckland - City Campus, 奥克兰, 奥克兰, NZ",-36.8496473328,174.7712683231,4,,,4,open,false,,,野芋,Colocasia esculenta,Taro,Plantae,122835
199950211,3865825e-47e4-4634-961a-9248e31f14af,2024-02-21 14:03:09+13:00,2024-02-21,2024-02-21 01:03:09 UTC,Wellington,2024-02-21 01:04:00 UTC,2024-04-12 05:30:49 UTC,research,"",2,0,false,"University of Auckland - City Campus, 奥克兰, 奥克兰, NZ",-36.8496380694,174.7712887811,4,,,4,open,false,,,五爪金龙,Ipomoea cairica,Coastal morning glory,Plantae,77494
199950377,abd6564a-5e4b-4b98-b8f0-ff8b0c843ed8,2024-02-21 14:04:42+13:00,2024-02-21,2024-02-21 01:04:42 UTC,Wellington,2024-02-21 01:05:04 UTC,2025-04-05 05:32:11 UTC,research,"",1,0,false,"University of Auckland - City Campus, 奥克兰, 奥克兰, NZ",-36.849542046,174.7712071148,3,,,3,open,false,,,新西兰罗汉松,Podocarpus totara,Tōtara,Plantae,85275
199950509,88aacb3f-a978-41dc-82c9-cbb4dfe7d7bd,2024-02-21 14:06:21,2024-02-21,2024-02-21 01:06:21 UTC,Wellington,2024-02-21 01:07:10 UTC,2024-02-24 00:46:48 UTC,casual,"",2,0,true,"Auckland CBD, Auckland 1010, New Zealand",-36.85048187,174.77061365,10,,,10,open,false,,,Three Kings Titoki,Alectryon excelsus grandis,Three Kings Titoki,Plantae,411919
199950513,25c1e31b-8533-4aaf-9525-3673e420dea8,2024-02-21 14:06:54+13:00,2024-02-21,2024-02-21 01:06:54 UTC,Wellington,2024-02-21 01:07:16 UTC,2026-01-07 13:41:10 UTC,casual,"",1,0,true,"University of Auckland - City Campus, 奥克兰, 奥克兰, NZ",-36.8497410945,174.7712338594,4,,,4,,false,,,银杏,Ginkgo biloba,ginkgo,Plantae,64350
199950546,4d54a7f5-33c8-4ad2-b9ba-40e4f5ff8794,2024-02-21 14:07:16,2024-02-21,2024-02-21 01:07:16 UTC,Wellington,2024-02-21 01:08:02 UTC,2024-02-21 03:00:32 UTC,casual,"",1,0,true,"Auckland CBD, Auckland 1010, New Zealand",-36.85045431,174.77062185,7,,,7,,false,,,Tawa,Beilschmiedia tawa,Tawa,Plantae,366613
199950637,ad0aa227-cba4-44c5-99eb-3866b61e4d0e,2024-02-21 14:09:06,2024-02-21,2024-02-21 01:09:06 UTC,Wellington,2024-02-21 01:09:57 UTC,2024-02-24 20:21:33 UTC,casual,"",0,0,true,"Auckland CBD, Auckland 1010, New Zealand",-36.85022512,174.77067083,7,,,7,,false,,,Three Kings milk tree,Paratrophis smithii,Three Kings milk tree,Plantae,407146
199950712,9eb2091f-6020-43e2-9422-a2bfcabcc983,2024-02-21 14:10:07,2024-02-21,2024-02-21 01:10:07 UTC,Wellington,2024-02-21 01:11:03 UTC,2024-02-24 20:21:57 UTC,casual,"",0,0,true,"Auckland CBD, Auckland 1010, New Zealand",-36.85006905,174.77065639,6,,,6,,false,,,Pittosporum fairchildii,Pittosporum fairchildii,,Plantae,404905
199950880,99c5ab19-0045-48b1-ab73-b9cbe880448c,2024-02-21 14:12:09,2024-02-21,2024-02-21 01:12:09 UTC,Wellington,2024-02-21 01:13:31 UTC,2024-11-30 09:09:56 UTC,casual,"",1,0,true,"Auckland CBD, Auckland 1010, New Zealand",-36.85015979,174.77049519,5,,,5,,false,,,Pigeonwood,Hedycarya arborea,Pigeonwood,Plantae,402414
199950932,5631a766-0a89-4ded-bcd7-5619475801a1,2024-02-21 14:13:46,2024-02-21,2024-02-21 01:13:46 UTC,Wellington,2024-02-21 01:14:43 UTC,2026-02-19 18:25:09 UTC,needs_id,"",2,0,false,"Auckland CBD, Auckland 1010, New Zealand",-36.84994495,174.77125255,8,,,8,open,false,,,Aroideae,Aroideae,,Plantae,467650
199951118,2755930a-59af-4685-a9ed-a9b4c795aef2,2024-02-21 14:17:57+13:00,2024-02-21,2024-02-21 01:17:57 UTC,Wellington,2024-02-21 01:18:10 UTC,2024-02-21 01:18:18 UTC,casual,"",0,0,true,"University of Auckland - City Campus, 奥克兰, 奥克兰, NZ",-36.8500613206,174.7711848353,4,,,4,open,false,,,"",Cycas revoluta,Sago cycad,Plantae,129783
199951289,38a20513-c9b6-4f27-841a-33365c3bec4f,2024-02-21 14:19:42+13:00,2024-02-21,2024-02-21 01:19:42 UTC,Wellington,2024-02-21 01:21:19 UTC,2024-05-28 05:22:44 UTC,casual,"",2,0,true,"University of Auckland - City Campus, 奥克兰, 奥克兰, NZ",-36.85012318,174.7711553483,4,,,4,,false,,,柏科,Cupressaceae,cypress family,Plantae,47374
199951300,f46da50d-03ce-4188-b51c-b44b08434f08,2024-02-21 14:03:40,2024-02-21,2024-02-21 01:03:40 UTC,Wellington,2024-02-21 01:21:33 UTC,2024-04-07 07:59:05 UTC,casual,"",2,0,true,"Auckland CBD, Auckland 1010, New Zealand",-36.8494922,174.7711403,,,,,,false,gps,gps,Large-leaved milk tree,Paratrophis banksii,Large-leaved milk tree,Plantae,404561
199951315,4c091d82-cb66-41ce-8af9-790ee7affe0f,2024-02-21 14:20:49+13:00,2024-02-21,2024-02-21 01:20:49 UTC,Wellington,2024-02-21 01:21:55 UTC,2025-01-30 03:29:11 UTC,needs_id,"",0,0,false,"University of Auckland - City Campus, Auckland, Auckland, NZ",-36.8502916667,174.7713616667,114,,,114,,false,,,"",Cyathea dealbata,silver fern,Plantae,131669
199951395,c7077cf0-eb7e-4019-9231-58075ef3e94e,2024-02-21 14:22:55+13:00,2024-02-21,2024-02-21 01:22:55 UTC,Wellington,2024-02-21 01:23:13 UTC,2024-02-21 01:23:20 UTC,needs_id,"",0,0,false,"University of Auckland - City Campus, 奥克兰, 奥克兰, NZ",-36.8502397556,174.7711937038,4,,,4,open,false,,,"",Quercus robur,English oak,Plantae,56133
199952161,9f85ffb2-188a-4dd3-982e-57668977064b,2024-02-21 14:31:56+13:00,2024-02-21,2024-02-21 01:31:56 UTC,Wellington,2024-02-21 01:32:12 UTC,2024-02-21 01:32:19 UTC,casual,"",0,0,true,"University of Auckland - City Campus, 奥克兰, 奥克兰, NZ",-36.8499750619,174.7710265251,14,,,14,open,false,,,"",Ficus rubiginosa,Port Jackson fig,Plantae,199385
199952239,95abbe17-c1ae-4576-be47-1a573056ebcb,2024-02-21 14:32:24+13:00,2024-02-21,2024-02-21 01:32:24 UTC,Wellington,2024-02-21 01:33:21 UTC,2024-02-21 02:55:15 UTC,research,"",1,0,false,"University of Auckland - City Campus, 奥克兰, 奥克兰, NZ",-36.8503813363,174.7712233075,4,,,4,open,false,,,卡瓦胡椒,Piper excelsum,Kawakawa,Plantae,404899
199953074,a2e658a7-4e38-4394-9192-7f2014f60edf,2024-02-21 14:44:26+13:00,2024-02-21,2024-02-21 01:44:26 UTC,Wellington,2024-02-21 01:45:48 UTC,2024-02-21 01:46:15 UTC,casual,"",0,0,true,"University of Auckland - City Campus, 奥克兰, 奥克兰, NZ",-36.8507883333,174.7704916667,4,,,4,,false,,,"",Euphorbia trigona,African Milk Weed,Plantae,322318
199954127,2121116c-d268-4391-a596-45aabf1c9ac6,2024-02-21 14:27:05,2024-02-21,2024-02-21 01:27:05 UTC,Wellington,2024-02-21 02:01:51 UTC,2025-05-31 02:18:26 UTC,casual,"",2,0,true,"Waterloo Quadrant, Auckland CBD, Auckland 1010, New Zealand",-36.8503966,174.7710853,,,,,,false,gps,gps,Tricolor Hibiscus,Hibiscus × rosa-sinensis,Tricolor Hibiscus,Plantae,1628098
199954620,6e13f273-145d-4965-b01b-0348f207619b,2024-02-21 15:07:55+13:00,2024-02-21,2024-02-21 02:07:55 UTC,Wellington,2024-02-21 02:09:23 UTC,2024-02-22 06:22:49 UTC,casual,"",1,0,true,"University of Auckland - City Campus, Auckland, Auckland, NZ",-36.8500072627,174.7710780018,31,,,31,,false,,,Trailing abutilon,Callianthe megapotamica,Trailing abutilon,Plantae,508221
199954749,359adda5-9b9e-4c63-a458-3cec1162ed1b,2024-02-21 15:10:36+13:00,2024-02-21,2024-02-21 02:10:36 UTC,Wellington,2024-02-21 02:11:04 UTC,2024-02-21 02:11:17 UTC,casual,"",0,0,true,"University of Auckland - City Campus, Auckland, Auckland, NZ",-36.8501966667,174.77092,4,,,4,,false,,,Lantana × hybrida,Lantana × hybrida,New Gold Lantana,Plantae,472077
199955032,17b846c6-7d26-4fb8-859e-d9ded0c98cb2,2024-02-21 15:14:50+13:00,2024-02-21,2024-02-21 02:14:50 UTC,Wellington,2024-02-21 02:15:40 UTC,2024-02-21 02:15:45 UTC,casual,"",0,0,true,"University of Auckland - City Campus, Auckland, Auckland, NZ",-36.8500793625,174.7710986582,52,,,52,,false,,,Hemerocallis fulva,Hemerocallis fulva,orange day-lily,Plantae,126583
199955120,ab5cf03a-8073-4920-bd93-da9a5c0e7f65,2024-02-21 15:16:58+13:00,2024-02-21,2024-02-21 02:16:58 UTC,Wellington,2024-02-21 02:17:20 UTC,2024-07-11 22:01:26 UTC,casual,"",2,0,true,"University of Auckland - City Campus, Auckland, Auckland, NZ",-36.8500112018,174.7712356134,57,,,57,,false,,,roses,Rosa,roses,Plantae,53438
199955383,c40de728-b1ff-4b1a-b87f-88dd4503b415,2024-02-21 15:18:22+13:00,2024-02-21,2024-02-21 02:18:22 UTC,Wellington,2024-02-21 02:18:42 UTC,2025-05-31 03:53:14 UTC,casual,"",0,0,true,"University of Auckland - City Campus, Auckland, Auckland, NZ",-36.8498932741,174.7711882784,104,,,104,,false,,,Tricolor Hibiscus,Hibiscus × rosa-sinensis,Tricolor Hibiscus,Plantae,1628098
199955661,4ef38be8-51a9-408a-9f9c-61914fbdb4a6,2024-02-21 15:19:31+13:00,2024-02-21,2024-02-21 02:19:31 UTC,Wellington,2024-02-21 02:19:44 UTC,2024-02-21 02:19:49 UTC,casual,"",0,0,true,"University of Auckland - City Campus, Auckland, Auckland, NZ",-36.8499991019,174.7711552535,100,,,100,,false,,,"",Rosa spinosissima,Burnet Rose,Plantae,167993
199955774,0b5c8d81-647e-4305-8524-e9b945e33e9a,2024-02-21 15:20:34+13:00,2024-02-21,2024-02-21 02:20:34 UTC,Wellington,2024-02-21 02:20:45 UTC,2024-02-21 02:20:50 UTC,casual,"",0,0,true,"University of Auckland - City Campus, Auckland, Auckland, NZ",-36.8498550545,174.7713332498,81,,,81,,false,,,"",Salvia mexicana,Mexican Sage,Plantae,153911
199956170,5d52d71d-9e67-4491-a9b0-a920eb1f18ad,Wed Feb 21 2024 15:26:32 GMT +1300 (GMT),2024-02-21,2024-02-21 02:26:32 UTC,Wellington,2024-02-21 02:26:50 UTC,2024-02-21 02:27:00 UTC,casual,"",0,0,true,奥克兰,-36.8517456055,174.7689666748,38,,,38,,false,,,,Coleus scutellarioides,Coleus,Plantae,291284
199956192,cdc9cb63-ce83-4882-b592-8331485b0ae7,Wed Feb 21 2024 15:27:10 GMT +1300 (GMT),2024-02-21,2024-02-21 02:27:10 UTC,Wellington,2024-02-21 02:27:26 UTC,2024-03-02 06:29:43 UTC,casual,"",1,0,true,奥克兰,-36.8519897461,174.7689819336,35,,,35,,false,,,大花美人蕉,Canna × hybrida,Garden Canna,Plantae,1535043
199956203,27099e7e-3e28-42ae-855c-5129bc690fcd,2024-02-21 15:27:34+13:00,2024-02-21,2024-02-21 02:27:34 UTC,Wellington,2024-02-21 02:27:44 UTC,2024-02-21 23:04:33 UTC,research,"",2,0,false,"University of Auckland - City Campus, Auckland, Auckland, NZ",-36.8500183624,174.7711645162,119,,,119,,false,,,Leather-leaf fern,Pyrrosia eleagnifolia,Leather-leaf fern,Plantae,210959
199956458,4acc3e50-ca1b-43f9-90c5-ac7f113e5cbb,2024-02-21 15:30:05+13:00,2024-02-21,2024-02-21 02:30:05 UTC,Wellington,2024-02-21 02:30:15 UTC,2024-02-21 03:33:46 UTC,research,"",1,0,false,"University of Auckland - City Campus, Auckland, Auckland, NZ",-36.8499211744,174.7712747786,106,,,106,,false,,,blue lily,Agapanthus praecox,agapanthus,Plantae,199324
199956528,77c07261-e796-488c-a7fd-9f43d719213d,2024-02-21 15:31:13+13:00,2024-02-21,2024-02-21 02:31:13 UTC,Wellington,2024-02-21 02:31:22 UTC,2025-04-07 20:16:01 UTC,casual,"",2,1,true,"University of Auckland - City Campus, Auckland, Auckland, NZ",-36.8499120287,174.7712106388,143,,,143,,false,,,roses,Rosa,roses,Plantae,53438
199956606,1c5fa0ca-cf54-4906-9576-eb8a95b4842a,2024-02-21 15:32:06+13:00,2024-02-21,2024-02-21 02:32:06 UTC,Wellington,2024-02-21 02:32:17 UTC,2024-02-21 02:32:22 UTC,casual,"",0,0,true,"University of Auckland - City Campus, Auckland, Auckland, NZ",-36.8498682389,174.7711269506,169,,,169,open,false,,,"",Rotheca myricoides,Rough-leaved Cats-whiskers,Plantae,340357
199956663,0ac9cc8f-6b59-4ade-bfe7-b8b291e2be6a,2024-02-21 15:32:52+13:00,2024-02-21,2024-02-21 02:32:52 UTC,Wellington,2024-02-21 02:33:04 UTC,2024-02-21 02:33:09 UTC,casual,"",0,0,true,"University of Auckland - City Campus, Auckland, Auckland, NZ",-36.8497975792,174.7711322536,162,,,162,,false,,,"",Erigeron coulteri,Coulter's fleabane,Plantae,76914
199956693,d96ef834-4d18-4465-b230-22f140942ab7,2024-02-21 15:33:43+13:00,2024-02-21,2024-02-21 02:33:43 UTC,Wellington,2024-02-21 02:33:52 UTC,2024-02-21 02:33:57 UTC,casual,"",0,0,true,"University of Auckland - City Campus, Auckland, Auckland, NZ",-36.8498084862,174.771147321,153,,,153,open,false,,,Liquidambar styraciflua,Liquidambar styraciflua,American sweetgum,Plantae,49658
199956742,844a9eb6-96d3-4e6f-8060-5c22e2851a17,2024-02-21 15:34:30+13:00,2024-02-21,2024-02-21 02:34:30 UTC,Wellington,2024-02-21 02:34:40 UTC,2024-02-21 02:34:58 UTC,casual,"",0,0,true,"University of Auckland - City Campus, Auckland, Auckland, NZ",-36.8498302778,174.7711498333,115,,,115,open,false,,,"",Picea pungens,blue spruce,Plantae,119092
199956789,9b17de6a-7c34-41d8-8454-081305e14cbd,2024-02-21 15:35:17+13:00,2024-02-21,2024-02-21 02:35:17 UTC,Wellington,2024-02-21 02:35:45 UTC,2024-02-21 04:40:19 UTC,research,"",1,0,false,"University of Auckland - City Campus, Auckland, Auckland, NZ",-36.849912764,174.7708175832,28,,,28,open,false,,,Candelabra Aloe,Aloe arborescens,Candelabra Aloe,Plantae,81518
199956847,cc01fa97-fb5d-49f3-ac72-9dc245350a8c,2024-02-21 15:36:18+13:00,2024-02-21,2024-02-21 02:36:18 UTC,Wellington,2024-02-21 02:36:32 UTC,2024-02-21 06:19:43 UTC,research,"",1,0,false,"University of Auckland - City Campus, Auckland, Auckland, NZ",-36.8500536937,174.7708533615,46,,,46,,false,,,Tree Aeonium,Aeonium arboreum,Tree Aeonium,Plantae,67717
199971750,5b6a79e9-d495-4722-bf74-0c39700a1a21,2024/02/21 8:05 AM,2024-02-21,2024-02-20 19:05:00 UTC,Wellington,2024-02-21 07:27:20 UTC,2024-02-24 00:46:22 UTC,casual,"",1,0,true,"Auckland CBD, Auckland 1010, New Zealand",-36.851112843,174.76977118,1,,,1,open,false,,,manoao,Manoao colensoi,manoao,Plantae,135858
200012892,0abbb6a9-6bbf-482d-8424-3ac9ddceb7d0,2024/02/21 8:06 AM,2024-02-21,2024-02-20 19:06:00 UTC,Wellington,2024-02-21 18:18:40 UTC,2024-02-21 18:19:24 UTC,casual,"",0,0,true,"Auckland CBD, Auckland 1010, New Zealand",-36.8512248554,174.769715252,4,,,4,open,false,,,Coastal Māhoe,Melicytus novae-zelandiae,Coastal Māhoe,Plantae,409502
200039132,afab9926-b737-40e5-93c5-6db4e2c113e0,2024-02-21 13:36:42+13:00,2024-02-21,2024-02-21 00:36:42 UTC,Wellington,2024-02-21 23:06:07 UTC,2024-02-21 23:15:57 UTC,casual,"",0,0,true,"University of Auckland - City Campus, Auckland, Auckland, NZ",-36.8500583333,174.771225,4,,,4,,false,,,"",Callianthe,,Plantae,508220
200039218,64f4c9d7-39c2-4021-9609-bf98f5a1696f,2024-02-21 13:57:34+13:00,2024-02-21,2024-02-21 00:57:34 UTC,Wellington,2024-02-21 23:07:18 UTC,2024-02-24 00:45:49 UTC,casual,"",2,0,true,"University of Auckland - City Campus, Auckland, Auckland, NZ",-36.8501666667,174.77092,4,,,4,,false,,,roses,Rosa,roses,Plantae,53438
200039294,a98589c4-61b4-4d42-b8a4-6489dcdd78de,2024-02-21 13:56:54+13:00,2024-02-21,2024-02-21 00:56:54 UTC,Wellington,2024-02-21 23:08:43 UTC,2024-02-24 00:45:46 UTC,casual,"",2,0,true,"University of Auckland - City Campus, Auckland, Auckland, NZ",-36.850055,174.7707833333,4,,,4,,false,,,roses,Rosa,roses,Plantae,53438
200039469,f9e528c5-2613-4874-ad95-db4ea6e24679,2024-02-21 13:56:06+13:00,2024-02-21,2024-02-21 00:56:06 UTC,Wellington,2024-02-21 23:09:59 UTC,2024-02-21 23:12:25 UTC,casual,"",0,0,true,"University of Auckland - City Campus, Auckland, Auckland, NZ",-36.8502116667,174.770905,4,,,4,,false,,,"",Rosa,roses,Plantae,53438
200039570,547fdf84-a015-4370-9341-a0aa1f0389f7,2024-02-21 13:55:45+13:00,2024-02-21,2024-02-21 00:55:45 UTC,Wellington,2024-02-21 23:11:33 UTC,2024-02-24 00:45:41 UTC,casual,"",0,0,true,"University of Auckland - City Campus, Auckland, Auckland, NZ",-36.8502283333,174.7708883333,4,,,4,,false,,,"",Rosa,roses,Plantae,53438
200039731,60d36a13-bc1f-45b6-8a4c-853d1495ed96,2024-02-21 13:55:12+13:00,2024-02-21,2024-02-21 00:55:12 UTC,Wellington,2024-02-21 23:13:38 UTC,2025-05-31 03:53:14 UTC,casual,"",0,0,true,"University of Auckland - City Campus, Auckland, Auckland, NZ",-36.8503083333,174.770905,4,,,4,,false,,,Tricolor Hibiscus,Hibiscus × rosa-sinensis,Tricolor Hibiscus,Plantae,1628098
200039862,f313dbb9-dde7-48e2-90fd-6fd469e62610,2024-02-21 13:54:38+13:00,2024-02-21,2024-02-21 00:54:38 UTC,Wellington,2024-02-21 23:15:02 UTC,2024-02-24 00:45:19 UTC,casual,"",0,0,true,"University of Auckland - City Campus, Auckland, Auckland, NZ",-36.8501883333,174.7708133333,4,,,4,,false,,,"",Dahlia imperialis,Tree Dahlia,Plantae,288936
200039980,254473ab-1c65-41d7-8efd-036af4c6dc2b,2024-02-21 13:52:16+13:00,2024-02-21,2024-02-21 00:52:16 UTC,Wellington,2024-02-21 23:16:04 UTC,2024-02-24 00:45:06 UTC,casual,"",0,0,true,"University of Auckland - City Campus, Auckland, Auckland, NZ",-36.849945,174.7701416667,4,,,4,,false,,,"",Hydrangea macrophylla,mophead hydrangea,Plantae,122034
200039991,4e340ddf-6d9d-429f-86bd-281b01c50ae2,2024-02-21 13:57:14,2024-02-21,2024-02-21 00:57:14 UTC,Wellington,2024-02-21 23:16:13 UTC,2025-05-31 02:39:31 UTC,casual,"",2,0,true,"Auckland CBD, Auckland 1010, New Zealand",-36.8494723425,174.7704310343,41,,,41,,false,gps,gps,hibiscuses,Hibiscus,hibiscuses,Plantae,48891
200040004,f59b1d95-49e9-4796-8b82-307de8667fc0,2024-02-21 13:53:36+13:00,2024-02-21,2024-02-21 00:53:36 UTC,Wellington,2024-02-21 23:16:29 UTC,2024-09-24 21:04:21 UTC,casual,"",1,0,true,"University of Auckland - City Campus, Auckland, Auckland, NZ",-36.8501783333,174.7707666667,4,,,4,,false,,,sneezeweeds,Helenium,sneezeweeds,Plantae,53093
200040068,2920182c-0145-4966-a143-476d3a1ab77d,2024-02-21 13:51:24+13:00,2024-02-21,2024-02-21 00:51:24 UTC,Wellington,2024-02-21 23:17:05 UTC,2024-03-18 00:01:47 UTC,casual,"",0,0,true,"University of Auckland - City Campus, Auckland, Auckland, NZ",-36.8497166667,174.7701116667,4,,,4,,false,,,"",Salvia leucantha,Mexican Bush Sage,Plantae,120488
200040142,9d775092-6837-42f0-b2fc-251dc721f2c6,2024-02-21 13:50:24+13:00,2024-02-21,2024-02-21 00:50:24 UTC,Wellington,2024-02-21 23:18:12 UTC,2024-02-24 00:56:34 UTC,casual,"",1,0,true,"University of Auckland - City Campus, Auckland, Auckland, NZ",-36.8496033333,174.7701116667,4,,,4,open,false,,,Kawakawa,Piper excelsum,Kawakawa,Plantae,404899
200040187,e7695735-84d0-449f-a892-e97ecb9fb07b,2024-02-21 13:50:14+13:00,2024-02-21,2024-02-21 00:50:14 UTC,Wellington,2024-02-21 23:18:43 UTC,2024-02-24 00:56:46 UTC,casual,"",0,0,true,"University of Auckland - City Campus, Auckland, Auckland, NZ",-36.8495866667,174.7701416667,4,,,4,,false,,,"",Farfugium japonicum,leopard-plant,Plantae,322755
200040242,53ab70e9-e11b-4754-894a-5dde24d1c8bc,2024-02-21 13:49:31+13:00,2024-02-21,2024-02-21 00:49:31 UTC,Wellington,2024-02-21 23:19:18 UTC,2024-02-24 00:44:33 UTC,casual,"",0,0,true,"University of Auckland - City Campus, Auckland, Auckland, NZ",-36.84953,174.7701716667,4,,,4,,false,,,"",Cymbalaria muralis,Ivy-leaved toadflax,Plantae,55727
200040264,e4f3be89-77f0-4adc-955f-eadcf8f6feca,2024-02-21 13:49:17,2024-02-21,2024-02-21 00:49:17 UTC,Wellington,2024-02-21 23:19:36 UTC,2024-03-14 02:28:24 UTC,casual,"",0,0,true,"Auckland CBD, Auckland 1010, New Zealand",-36.8502605821,174.7694580629,195,,,195,,false,,,,Salvia,Sages,Plantae,50644
200040316,5e672c44-0cf3-47fe-ba00-03cfcde09513,2024-02-21 13:48:45+13:00,2024-02-21,2024-02-21 00:48:45 UTC,Wellington,2024-02-21 23:20:06 UTC,2024-03-14 02:28:15 UTC,casual,"",0,0,true,"University of Auckland - City Campus, Auckland, Auckland, NZ",-36.8495366667,174.7702166667,4,,,4,,false,,,"",Salvia,Sages,Plantae,50644
200040365,8d2af107-aef6-4b8f-a222-2906aea7ca3d,2024-02-21 13:48:10+13:00,2024-02-21,2024-02-21 00:48:10 UTC,Wellington,2024-02-21 23:20:50 UTC,2025-01-12 02:56:33 UTC,casual,"",2,0,true,"University of Auckland - City Campus, Auckland, Auckland, NZ",-36.8494716667,174.7703383333,4,,,4,,false,,,honeysuckle fuchsia,Fuchsia triphylla,honeysuckle fuchsia,Plantae,498028
200040605,5c37a897-e9ff-4ea5-8a03-a9aaf67bfa43,2024-02-21 13:41:29+13:00,2024-02-21,2024-02-21 00:41:29 UTC,Wellington,2024-02-21 23:24:00 UTC,2024-03-14 02:27:42 UTC,casual,"",0,0,true,"University of Auckland - City Campus, Auckland, Auckland, NZ",-36.8495,174.77133,4,,,4,,false,,,"",Crocosmia × crocosmiiflora,Garden Montbretia,Plantae,181465
200040951,d7ced21a-6cd0-44a4-9683-a644c3568616,2024-02-21 13:46:16+13:00,2024-02-21,2024-02-21 00:46:16 UTC,Wellington,2024-02-21 23:28:58 UTC,2024-03-14 02:27:27 UTC,casual,"",0,0,true,"University of Auckland - City Campus, Auckland, Auckland, NZ",-36.849205,174.7706133333,4,,,4,,false,,,"",Indigofera,Indigos,Plantae,83365
200108836,cefe783e-e583-411c-8cab-0f2bb183f5c3,2024/02/22 10:46 AM,2024-02-22,2024-02-21 21:46:00 UTC,Wellington,2024-02-22 18:46:30 UTC,2024-02-22 18:47:06 UTC,casual,"",0,0,true,"Auckland CBD, Auckland 1010, New Zealand",-36.8515834342,174.7713150799,2,,,2,,false,,,Mairehau,Leionema nudum,Mairehau,Plantae,380862
200109027,d6e0e72f-8f20-4e9e-b72e-be23c957dc46,2024/02/22 10:46 AM,2024-02-22,2024-02-21 21:46:00 UTC,Wellington,2024-02-22 18:49:14 UTC,2024-02-24 00:55:10 UTC,casual,"",1,0,true,"Auckland CBD, Auckland 1010, New Zealand",-36.8516683002,174.7711864312,2,,,2,,false,,,Tawa,Beilschmiedia tawa,Tawa,Plantae,366613
200426224,66e199c9-3f32-4a70-8467-0e2bee597815,2024/02/26 7:48 AM,2024-02-26,2024-02-25 18:48:00 UTC,Wellington,2024-02-25 19:14:07 UTC,2024-02-25 19:15:18 UTC,casual,"",0,0,true,"Auckland CBD, Auckland 1010, New Zealand",-36.8506160653,174.770745188,2,,,2,,false,,,Mamangi,Coprosma arborea,Māmāngi,Plantae,70250
200540032,98c83184-5855-4390-b795-8302dcc1ebb1,2024/02/27 7:54 AM,2024-02-27,2024-02-26 18:54:00 UTC,Wellington,2024-02-26 19:13:36 UTC,2024-02-26 19:14:06 UTC,casual,"",0,0,true,"Auckland CBD, Auckland 1010, New Zealand",-36.8512114892,174.7707415308,1,,,1,,false,,,Pukatea,Laurelia novae-zelandiae,Pukatea,Plantae,186188
200540201,225a6be3-aca4-4f5f-86de-72809f910bb8,2024/02/27 7:51 AM,2024-02-27,2024-02-26 18:51:00 UTC,Wellington,2024-02-26 19:16:15 UTC,2024-02-26 22:46:00 UTC,casual,"",1,0,true,"Auckland CBD, Auckland 1010, New Zealand",-36.8512086739,174.7707827865,2,,,2,,false,,,black tree fern,Cyathea medullaris,mamaku,Plantae,333797
200663755,fbe07256-871b-48c4-8852-9eecc1fb6e99,2024/02/28 7:31 AM,2024-02-28,2024-02-27 18:31:00 UTC,Wellington,2024-02-27 22:37:07 UTC,2024-02-27 22:37:38 UTC,casual,"",0,0,true,"Auckland CBD, Auckland 1010, New Zealand",-36.8491485805,174.7708503119,4,,,4,,false,,,Rewarewa,Knightia excelsa,Rewarewa,Plantae,366632
200772083,6b25b5cc-e6c9-412e-9235-80449ead3435,2024/02/05 6:15 PM,2024-02-05,2024-02-05 05:15:00 UTC,Wellington,2024-02-29 00:25:34 UTC,2024-10-14 02:05:38 UTC,casual,"",2,0,true,"Auckland CBD, Auckland 1010, New Zealand",-36.8509013889,174.7691780556,,,,,,false,,,Climbing fig,Ficus pumila,Climbing fig,Plantae,162972
200926471,ace8bf6c-0024-4480-b8b5-660222d7c8c5,2024/03/01 9:35 AM,2024-03-01,2024-02-29 20:35:00 UTC,Wellington,2024-03-01 18:22:24 UTC,2024-03-08 07:31:53 UTC,casual,"",1,0,true,"Auckland CBD, Auckland 1010, New Zealand",-36.8499791762,174.7693449096,2,,,2,,false,,,Kaihua,Parsonsia heterophylla,Kaihua,Plantae,366734
200926825,f1cca2d9-4547-4383-9534-9c5f409d6595,2024/03/01 9:36 AM,2024-03-01,2024-02-29 20:36:00 UTC,Wellington,2024-03-01 18:27:11 UTC,2024-03-01 18:27:45 UTC,casual,"",0,0,true,"Auckland CBD, Auckland 1010, New Zealand",-36.8499031737,174.7693905472,8,,,8,,false,,,Poataniwha,Melicope simplex,Poataniwha,Plantae,366690
201162121,2acc1f20-4f22-460d-8fef-cc7e4a0dcef6,2024/03/04 7:55 AM,2024-03-04,2024-03-03 18:55:00 UTC,Wellington,2024-03-03 19:17:20 UTC,2024-03-04 23:19:49 UTC,casual,"",1,0,true,"Auckland CBD, Auckland 1010, New Zealand",-36.8530948993,174.7693632271,2,,,2,,false,,,Kamahi,Pterophylla racemosa,kāmahi,Plantae,1399819
201162903,048b8798-1adf-4f29-b2f4-f62f714b1d5a,2024/03/04 7:57 AM,2024-03-04,2024-03-03 18:57:00 UTC,Wellington,2024-03-03 19:22:44 UTC,2024-03-04 23:19:43 UTC,casual,"",1,0,true,"Auckland CBD, Auckland 1010, New Zealand",-36.853561245,174.7692117734,1,,,1,open,false,,,Bird Catcher Tree,Ceodes brunoniana,Parapara,Plantae,400629
201230206,b018cecf-5cd8-4600-bf12-bb1049c2cd2b,2024-03-04 18:58:15,2024-03-04,2024-03-04 05:58:15 UTC,Wellington,2024-03-04 06:04:43 UTC,2024-03-04 16:29:34 UTC,casual,"",1,0,true,"Auckland CBD, Auckland 1010, New Zealand",-36.853538,174.769133,,,,,open,false,gps,gps,ooray,Davidsonia pruriens,ooray,Plantae,427456
201295265,99b2fbb3-5f43-46a4-92a4-29f08b7ad855,2024/03/05 9:33 AM,2024-03-05,2024-03-04 20:33:00 UTC,Wellington,2024-03-04 20:44:51 UTC,2024-03-07 01:53:09 UTC,casual,"",2,0,true,"Auckland CBD, Auckland 1010, New Zealand",-36.851122255,174.7731875809,2,,,2,,false,,,Taraire,Beilschmiedia tarairi,Taraire,Plantae,399962
201357572,81a2519e-0f22-423e-b40f-1dd948a6f8b7,2024-03-05 12:51:02,2024-03-05,2024-03-04 23:51:02 UTC,Wellington,2024-03-05 11:09:46 UTC,2024-03-06 06:56:13 UTC,research,"",2,0,false,"Auckland CBD, Auckland 1010, New Zealand",-36.8503035084,174.7694040835,189,,,189,,false,gps,gps,Kohekohe,Didymocheton spectabilis,Kohekohe,Plantae,1471799
201501438,6391ebff-623e-4570-9c3a-6edec5b91565,2024/03/06 3:29 PM,2024-03-06,2024-03-06 02:29:00 UTC,Wellington,2024-03-06 19:23:13 UTC,2024-10-21 01:38:52 UTC,casual,"",0,0,true,"Auckland CBD, Auckland 1010, New Zealand",-36.8508639635,174.7708383948,2,,,2,open,false,,,Pittosporum huttonianum,Pittosporum huttonianum,Hutton’s Kōhūhū,Plantae,404920
201766704,bd5d9525-f2b3-463e-9bf3-11179e867a68,2024-03-08 17:51:06+13:00,2024-03-08,2024-03-08 04:51:06 UTC,Wellington,2024-03-09 09:13:49 UTC,2026-03-30 23:05:52 UTC,casual,"",3,0,true,"North Island, Auckland, Auckland, NZ",-36.8517233829,174.7720323321,11,,,11,,false,,,pineapple,Ananas comosus,pineapple,Plantae,122965
202078458,ddcba806-127f-43dc-a3df-398178576dfc,2024/03/12 8:10 AM,2024-03-12,2024-03-11 19:10:00 UTC,Wellington,2024-03-11 19:25:59 UTC,2024-04-08 23:17:00 UTC,casual,"",0,0,true,"Auckland CBD, Auckland 1010, New Zealand",-36.8505931308,174.7691236215,4,,,4,open,false,,,Miro,Pectinopitys ferruginea,Miro,Plantae,1532266
202309460,53057996-12c6-48e5-83d6-576f6f85668d,2024/03/14 8:06 AM,2024-03-14,2024-03-13 19:06:00 UTC,Wellington,2024-03-13 19:15:23 UTC,2024-03-20 05:31:14 UTC,casual,"",2,0,true,"Auckland CBD, Auckland 1010, New Zealand",-36.8511168222,174.7708818038,1,,,1,,false,,,Tall Mingimingi,Leucopogon fasciculatus,Mingimingi,Plantae,409552
202324528,7e4391fd-2aa9-43b2-89ca-b26ca30531a2,2024-03-14 10:13:51+13:00,2024-03-14,2024-03-13 21:13:51 UTC,Wellington,2024-03-13 21:14:05 UTC,2024-03-14 01:00:55 UTC,research,"",2,0,false,"North Island, 奥克兰, 奥克兰, NZ",-36.8531343608,174.7700282514,9,,,9,,false,,,蕨麻芒刺,Acaena anserinifolia,Piripiri,Plantae,409167
202325890,fe8b0f83-0a13-4d57-9380-ad94149d060b,2024-03-14 10:25:12+13:00,2024-03-14,2024-03-13 21:25:12 UTC,Wellington,2024-03-13 21:25:25 UTC,2025-03-17 10:45:15 UTC,casual,"",2,0,true,"Chancery SQ., Auckland, Auckland, NZ",-36.8506785483,174.7688442563,12,,,12,,false,,,common lantana,Lantana camara,Lantana,Plantae,50333
202891025,36078967-c8d5-46cc-b358-28bc505898a6,2024-03-18 11:24:52,2024-03-18,2024-03-17 22:24:52 UTC,Wellington,2024-03-17 22:26:11 UTC,2024-03-18 08:27:51 UTC,needs_id,"",2,0,false,"Auckland CBD, Auckland 1010, New Zealand",-36.8496287569,174.7702037171,36,,,36,,false,,,Hypopterygiaceae,Hypopterygiaceae,,Plantae,244956
202911389,4655f0f7-88b8-443a-8d04-27b7e6ae35d1,2024-03-18 13:57:43,2024-03-18,2024-03-18 00:57:43 UTC,Wellington,2024-03-18 00:59:04 UTC,2024-08-08 12:24:12 UTC,research,"",1,0,false,"Auckland High Court, Auckland CBD, Auckland 1010, New Zealand",-36.84891648,174.77047846,9,,,9,open,false,,,Tōtara,Podocarpus totara,Tōtara,Plantae,85275
202926120,362d3f4c-d0d0-46fe-a6fb-72634c8004b5,2024-03-18 16:09:58,2024-03-18,2024-03-18 03:09:58 UTC,Wellington,2024-03-18 03:10:36 UTC,2024-10-23 20:44:08 UTC,casual,"",1,0,true,"Auckland CBD, Auckland 1010, New Zealand",-36.84867413,174.77146175,7,,,7,open,false,,,Queensland kauri,Agathis robusta,Queensland kauri,Plantae,135362
203008712,837ddb89-4051-454a-a57d-cfca0eec8e1d,2024/03/19 7:57 AM,2024-03-19,2024-03-18 18:57:00 UTC,Wellington,2024-03-18 19:21:07 UTC,2024-03-18 19:22:00 UTC,casual,"",0,0,true,"Auckland CBD, Auckland 1010, New Zealand",-36.8495375169,174.7713867861,2,,,2,,false,,,Tōwai,Pterophylla sylvicola,Tōwai,Plantae,1399814
203009085,ab57499b-118f-4d46-8681-d0e55b483396,2024/03/19 7:59 AM,2024-03-19,2024-03-18 18:59:00 UTC,Wellington,2024-03-18 19:24:52 UTC,2024-03-20 05:21:56 UTC,casual,"",1,0,true,"Auckland CBD, Auckland 1010, New Zealand",-36.8494639125,174.771252565,4,,,4,,false,,,Marble leaf,Carpodetus serratus,Marble leaf,Plantae,341690
203052467,37414ae5-9078-4cd7-949f-dfa735ee030a,2024-03-19 14:45:57,2024-03-19,2024-03-19 01:45:57 UTC,Wellington,2024-03-19 01:47:43 UTC,2025-03-19 10:22:22 UTC,research,"",2,0,false,"Auckland CBD, Auckland 1010, New Zealand",-36.8499327312,174.7714371979,6,,,6,open,false,gps,gps,rimu,Dacrydium cupressinum,rimu,Plantae,52382
203166551,cfff35b6-a338-4356-ac49-1e6a48cafa59,2024-03-20 11:57:08,2024-03-20,2024-03-19 22:57:08 UTC,Wellington,2024-03-19 23:02:54 UTC,2024-10-23 20:29:11 UTC,casual,"",1,0,true,"Auckland, NZ",-36.85312502,174.76910919,17,,,17,,false,,,plants,Platanus × hispanica,London Plane,Plantae,552449
203201868,816a5e84-ed2a-40a7-af2b-c396548d65ca,2024/03/18 5:16 PM,2024-03-18,2024-03-18 04:16:00 UTC,Wellington,2024-03-20 06:46:37 UTC,2025-09-11 23:42:44 UTC,research,"",1,0,false,"Grafton, Auckland, New Zealand",-36.8540743201,174.7702176048,8,,,8,,false,,,Mistflower,Ageratina riparia,Mistflower,Plantae,158112
203201869,e51f0f87-fad8-4c20-bdd7-2ea1ff00a23d,2024/03/18 5:16 PM,2024-03-18,2024-03-18 04:16:00 UTC,Wellington,2024-03-20 06:46:38 UTC,2025-09-11 23:42:23 UTC,research,"",2,0,false,"Grafton, Auckland, New Zealand",-36.8552784552,174.7687053574,15,,,15,open,false,,,Coastal morning glory,Ipomoea cairica,Coastal morning glory,Plantae,77494
203201870,d323f015-2046-4937-b664-e797a6cbe128,2024/03/18 5:17 PM,2024-03-18,2024-03-18 04:17:00 UTC,Wellington,2024-03-20 06:46:38 UTC,2025-09-11 23:42:48 UTC,research,"",1,0,false,"Grafton, Auckland, New Zealand",-36.8552784552,174.7687053574,15,,,15,,false,,,bird's-eye speedwell,Veronica persica,bird's-eye speedwell,Plantae,55666
203783677,f7ea8bf6-cf18-44ee-ae47-837a05992da4,2024/03/25 8:25 AM,2024-03-25,2024-03-24 19:25:00 UTC,Wellington,2024-03-24 19:33:58 UTC,2024-03-25 19:17:11 UTC,research,"",1,0,false,"Auckland CBD, Auckland 1010, New Zealand",-36.850833566,174.7698783225,2,,,2,,false,,,Hard fern,Paesia scaberula,ring fern,Plantae,404468
203933021,5eda974d-5fb4-46f3-98b6-6122133140d6,2024-03-20 13:42:55,2024-03-20,2024-03-20 00:42:55 UTC,Wellington,2024-03-25 20:35:15 UTC,2024-03-26 23:19:31 UTC,casual,"",0,0,true,"Auckland CBD, Auckland 1010, New Zealand",-36.84997532,174.77129462,7,,,7,,false,,,,Aesculus hippocastanum,horse-chestnut,Plantae,84298
204206948,22c8ef2d-7812-4e4f-b5ef-9fdfc79a4c39,2024/03/28 11:03 AM,2024-03-28,2024-03-27 22:03:00 UTC,Wellington,2024-03-27 23:42:08 UTC,2024-03-28 20:04:35 UTC,casual,"",0,0,true,"Auckland CBD, Auckland 1010, New Zealand",-36.8508210113,174.7690178877,2,,,2,,false,,,Kātote,Cyathea smithii,kātote,Plantae,197060
204496927,b2d00f55-d1e0-44fa-b579-63239cf8b5e9,2024-03-30 12:56:28,2024-03-30,2024-03-29 23:56:28 UTC,Wellington,2024-03-30 03:19:35 UTC,2024-09-14 08:30:41 UTC,casual,"",0,0,true,"Auckland, New Zealand",-36.84961,174.768759,5,,,5,,false,,,Garden Angel's Trumpet,Brugmansia × candida,garden angel's trumpet,Plantae,372452
204863262,813e2671-db53-498e-a927-7fbbf2d02945,2024-04-01 11:53:40,2024-04-01,2024-03-31 22:53:40 UTC,Wellington,2024-04-01 03:00:01 UTC,2024-08-26 09:08:27 UTC,needs_id,Riccia sp. ST1,1,0,false,"Auckland, New Zealand",-36.849052,174.770706,5,,,5,,false,,,Crystalworts,Riccia,Crystalworts,Plantae,53014
207492557,d78e5c07-c3a1-40bf-9f10-9cda5acbcb07,2024-04-16 11:45:20+12:00,2024-04-16,2024-04-15 23:45:20 UTC,Wellington,2024-04-16 00:02:35 UTC,2024-04-16 00:02:35 UTC,casual,"",0,0,false,"University of Auckland - City Campus, Auckland, Auckland, NZ",-36.8510133333,174.7706383333,35,,,35,open,false,,,"",Prumnopitys taxifolia,Mataī,Plantae,135506
207706325,8ba6fe0d-138e-4e4c-ab83-7cf4e19737cc,2024-04-17 16:08:31+12:00,2024-04-17,2024-04-17 04:08:31 UTC,Wellington,2024-04-17 04:08:36 UTC,2024-04-17 16:00:57 UTC,casual,"",0,0,true,"University of Auckland - City Campus, Auckland, Auckland, NZ",-36.8509616867,174.7705670346,35,,,35,open,false,,,"",Prumnopitys taxifolia,Mataī,Plantae,135506
207835907,021b7051-2352-413a-9a14-ee9afc99aa2f,2024-04-18 10:29:54,2024-04-18,2024-04-17 22:29:54 UTC,Wellington,2024-04-17 22:31:40 UTC,2024-09-09 19:47:22 UTC,needs_id,"",2,0,false,"Auckland CBD, Auckland 1010, New Zealand",-36.851061,174.7707791,17,,,17,,false,,,Marchantia,Marchantia,,Plantae,56394
207841489,128e87fc-6c11-49ec-9ee6-d88db2c789d6,2024-04-18 11:08:33+12:00,2024-04-18,2024-04-17 23:08:33 UTC,Wellington,2024-04-17 23:08:43 UTC,2024-05-20 05:38:29 UTC,needs_id,"",0,0,false,"University of Auckland - City Campus, Auckland, Auckland, NZ",-36.8510862603,174.770716058,35,,,35,,false,,,"",Asplenium,Spleenworts,Plantae,71992
207870737,0875ec66-04fd-4254-a1d6-4369cb1ad89f,2024-04-18 15:13:05,2024-04-18,2024-04-18 03:13:05 UTC,Wellington,2024-04-18 03:13:40 UTC,2024-04-18 08:02:36 UTC,casual,"",2,0,true,"Auckland CBD, Auckland 1010, New Zealand",-36.85133735,174.77108321,3,,,3,,false,,,Coprosma,Coprosma,Coprosma,Plantae,70254
208013128,b3d35168-58d1-473d-a46d-208d63d43614,2024-04-19 11:37:46+12:00,2024-04-19,2024-04-18 23:37:46 UTC,Wellington,2024-04-18 23:37:57 UTC,2024-11-16 07:24:07 UTC,casual,"",2,0,true,"University of Auckland - City Campus, Auckland, Auckland, NZ",-36.8509792994,174.7705824134,35,,,35,open,false,,,celery pine,Phyllocladus trichomanoides,Tānekaha,Plantae,54687
208015216,24f0b523-9507-4995-857a-7c9d982691f1,2024-04-19 11:55:12+12:00,2024-04-19,2024-04-18 23:55:12 UTC,Wellington,2024-04-18 23:55:17 UTC,2026-03-22 08:46:44 UTC,needs_id,"",1,0,false,"University of Auckland - City Campus, Auckland, Auckland, NZ",-36.8510880737,174.7707201362,35,,,35,,false,,,Kawaka,Libocedrus plumosa,Kawaka,Plantae,135819
208015500,3640aad6-a7a7-48bd-8ea6-c2c45d11bcaa,2024-04-19 11:57:19+12:00,2024-04-19,2024-04-18 23:57:19 UTC,Wellington,2024-04-18 23:57:28 UTC,2024-04-19 04:20:53 UTC,research,"",2,0,false,"University of Auckland - City Campus, Auckland, Auckland, NZ",-36.8510371548,174.7706679144,35,,,35,open,false,,,celery pine,Phyllocladus trichomanoides,Tānekaha,Plantae,54687
208015561,73d99c54-144c-424f-a9c3-5f205faa9b6c,2024-04-19 11:57:05+12:00,2024-04-19,2024-04-18 23:57:05 UTC,Wellington,2024-04-18 23:57:44 UTC,2024-04-19 04:20:43 UTC,research,"",2,0,false,"University of Auckland - City Campus, Auckland, Auckland, NZ",-36.851016211,174.7706249848,130,,,130,open,false,,,celery pine,Phyllocladus trichomanoides,Tānekaha,Plantae,54687
208813704,52c45ec7-7a35-4b72-93a9-8317908c7a22,2024-04-23 12:30:27,2024-04-23,2024-04-23 00:30:27 UTC,Wellington,2024-04-23 00:31:50 UTC,2024-06-05 19:00:22 UTC,research,"",3,0,false,"Auckland CBD, Auckland 1010, New Zealand",-36.8504212875,174.7697242722,6,,,6,,false,gps,gps,Crescent-cup liverwort,Lunularia cruciata,Crescent-cup liverwort,Plantae,55703
208814431,d86debfe-1018-4349-b70f-7310634ac459,2024-04-23 12:35:45,2024-04-23,2024-04-23 00:35:45 UTC,Wellington,2024-04-23 00:37:38 UTC,2024-04-23 01:02:26 UTC,needs_id,"",0,0,false,"Auckland CBD, Auckland 1010, New Zealand",-36.8495600741,174.769637771,4,,,4,,false,,,Lophocolea,Lophocolea,,Plantae,83965
208816288,b27817f4-072f-43ec-b168-017ab6d71ea5,2024-04-23 12:51:08,2024-04-23,2024-04-23 00:51:08 UTC,Wellington,2024-04-23 00:51:43 UTC,2024-04-23 03:55:15 UTC,research,"",2,0,false,"Auckland CBD, Auckland 1010, New Zealand",-36.8498568048,174.7698432952,32,,,32,,false,,,Ivy-leaved toadflax,Cymbalaria muralis,Ivy-leaved toadflax,Plantae,55727
208816373,d3904195-9ada-48ed-99bc-46e76c12237a,2024-04-23 12:50:54,2024-04-23,2024-04-23 00:50:54 UTC,Wellington,2024-04-23 00:52:15 UTC,2024-04-23 03:19:27 UTC,needs_id,"",1,0,false,"Auckland CBD, Auckland 1010, New Zealand",-36.8506520159,174.7701312974,6,,,6,,false,gps,gps,kidney weed,Dichondra repens,kidney weed,Plantae,161824
208847236,98c8c4d7-d0d0-4c74-88e0-1d945658f6ae,2024-04-23 17:02:54+12:00,2024-04-23,2024-04-23 05:02:54 UTC,Wellington,2024-04-23 05:06:16 UTC,2024-04-24 03:54:13 UTC,casual,"",1,0,true,"University of Auckland - City Campus, Auckland, Auckland, NZ",-36.850925,174.768905,16,,,16,,false,,,Climbing fig,Ficus pumila,Climbing fig,Plantae,162972
209021499,339d4b14-bac8-4fce-a369-9f7943e0b381,2024-04-24 15:20:41+12:00,2024-04-24,2024-04-24 03:20:41 UTC,Wellington,2024-04-24 03:20:49 UTC,2024-04-27 02:00:16 UTC,casual,"",2,0,true,"University of Auckland - City Campus, Auckland, Auckland, NZ",-36.8495941336,174.7701721396,37,,,37,,false,,,Heavenly bamboo,Nandina domestica,Heavenly bamboo,Plantae,127010
211342123,17872b63-b87d-4882-9ab0-549f575c3196,2024-04-23 15:23:20+12:00,2024-04-23,2024-04-23 03:23:20 UTC,Wellington,2024-04-29 03:53:43 UTC,2024-05-24 07:43:15 UTC,needs_id,"",0,0,false,"University of Auckland - City Campus, Auckland, Auckland, NZ",-36.8498040172,174.7694771707,49,,,49,,false,,,"",Rudbeckia,black-eyed Susans and coneflowers,Plantae,62742
211342298,cbb02f84-2ca3-4736-95fc-8dd744fe97eb,2024-04-23 15:23:14+12:00,2024-04-23,2024-04-23 03:23:14 UTC,Wellington,2024-04-29 03:54:07 UTC,2024-04-29 07:45:01 UTC,needs_id,"",0,0,false,"University of Auckland - City Campus, Auckland, Auckland, NZ",-36.8497530385,174.7693210357,34,,,34,,false,,,"",Asplenium × lucrosum,false hen and chickens fern,Plantae,988494
211342507,84942e41-50c7-4ea5-8272-9aeb086519d8,2024-04-23 15:23:03+12:00,2024-04-23,2024-04-23 03:23:03 UTC,Wellington,2024-04-29 03:54:35 UTC,2024-05-06 05:45:31 UTC,casual,"",2,0,true,"University of Auckland - City Campus, Auckland, Auckland, NZ",-36.8497439603,174.7694463348,73,,,73,open,false,,,Kawakawa,Piper excelsum,Kawakawa,Plantae,404899
211454838,11988c04-49ac-4035-ac3c-ed7d7939b4d6,2024/04/29 2:14 PM,2024-04-29,2024-04-29 02:14:00 UTC,Wellington,2024-04-29 09:49:43 UTC,2024-05-03 19:09:51 UTC,casual,"",1,0,true,"Auckland CBD, Auckland 1010, New Zealand",-36.8497749262,174.7695129335,4,,,4,,false,,,silver fern,Cyathea dealbata,silver fern,Plantae,131669
211455516,ed17cc5d-6c39-4fb6-b5ba-5b9dcbb4e262,2024/04/29 2:16 PM,2024-04-29,2024-04-29 02:16:00 UTC,Wellington,2024-04-29 09:52:00 UTC,2024-04-29 09:52:33 UTC,casual,"",0,0,true,"Auckland CBD, Auckland 1010, New Zealand",-36.8497752442,174.7696709633,4,,,4,,false,,,Creeping Shield Fern,Parapolystichum microsorum,creeping shield fern,Plantae,966851
211456181,94e9c358-7641-4ff4-a99b-cd4926ec6e55,2024/04/29 2:17 PM,2024-04-29,2024-04-29 02:17:00 UTC,Wellington,2024-04-29 09:53:57 UTC,2024-05-03 19:09:38 UTC,casual,"",1,0,true,"Auckland CBD, Auckland 1010, New Zealand",-36.8500969585,174.7698226551,4,,,4,,false,,,Kawaka,Libocedrus plumosa,Kawaka,Plantae,135819
211456793,622c2ae9-f4fb-42e1-bd04-29d5ad744cda,2024/04/29 2:20 PM,2024-04-29,2024-04-29 02:20:00 UTC,Wellington,2024-04-29 09:55:53 UTC,2024-05-03 19:09:37 UTC,casual,"",1,0,true,"Auckland CBD, Auckland 1010, New Zealand",-36.8491024253,174.7702483065,8,,,8,open,false,,,rimu,Dacrydium cupressinum,rimu,Plantae,52382
212060164,d3c0b6ed-3e41-4728-9e2c-c778c9f20d9f,2024/04/29 2:10 PM,2024-04-29,2024-04-29 02:10:00 UTC,Wellington,2024-04-30 02:28:14 UTC,2024-04-30 02:29:15 UTC,casual,"",0,0,true,"Auckland CBD, Auckland 1010, New Zealand",-36.8513217803,174.768804998,5,,,5,,false,,,Black Maire,Nestegis cunninghamii,Black Maire,Plantae,366622
212188692,a8f5207b-58a7-4984-9f99-83637fc09ae9,2024/04/30 4:12 PM,2024-04-30,2024-04-30 04:12:00 UTC,Wellington,2024-04-30 09:20:55 UTC,2024-04-30 09:21:33 UTC,casual,"",0,0,true,"Auckland CBD, Auckland 1010, New Zealand",-36.8496762653,174.770509266,4,,,4,open,false,,,Koyamaki,Sciadopitys verticillata,koyamaki,Plantae,129057
212789589,f193cfa3-31d3-4136-9537-488fb2846c21,2024/05/02 8:26 AM,2024-05-02,2024-05-01 20:26:00 UTC,Wellington,2024-05-02 02:38:27 UTC,2024-05-04 21:14:43 UTC,casual,"",1,0,true,"Auckland CBD, Auckland 1010, New Zealand",-36.849687723,174.7713105894,5,,,5,open,false,,,celery pine,Phyllocladus trichomanoides,Tānekaha,Plantae,54687
214498185,6cc5ffcf-1146-4eed-b956-4f03c6074790,2024-05-08 15:26:14+12:00,2024-05-08,2024-05-08 03:26:14 UTC,Wellington,2024-05-09 00:54:58 UTC,2024-05-09 00:55:27 UTC,casual,"",0,0,true,"University of Auckland - City Campus, Auckland, Auckland, NZ",-36.85093,174.770645,35,,,35,open,false,,,"",Punica granatum,pomegranate,Plantae,58300
215104514,27054de3-ada3-49b4-98b1-59312c16b7d8,2024-04-29 15:47:34,2024-04-29,2024-04-29 03:47:34 UTC,Wellington,2024-05-11 21:33:51 UTC,2024-05-12 19:56:41 UTC,research,"",2,0,false,"Auckland CBD, Auckland 1010, New Zealand",-36.8496526349,174.7701919824,15,,,15,,false,gps,gps,Fishbone Fern,Nephrolepis cordifolia,ladder fern,Plantae,48233
215104835,3d6adcb6-c389-46f6-a664-2f2307592ac2,2024-04-29 15:50:21,2024-04-29,2024-04-29 03:50:21 UTC,Wellington,2024-05-11 21:35:50 UTC,2024-05-12 21:34:45 UTC,casual,"",0,0,true,"Auckland CBD, Auckland 1010, New Zealand",-36.8496263423,174.7702188045,14,,,14,,false,,,Firespike,Odontonema tubaeforme,Firespike,Plantae,281140
215119743,4819da54-9241-4022-8a3a-76ba198bf61c,2024-04-29 15:50:35,2024-04-29,2024-04-29 03:50:35 UTC,Wellington,2024-05-11 22:47:20 UTC,2024-05-12 21:34:33 UTC,casual,"",1,0,true,"Auckland CBD, Auckland 1010, New Zealand",-36.8496569276,174.7701929882,24,,,24,,false,,,Mexican Bush Sage,Salvia leucantha,Mexican Bush Sage,Plantae,120488
215336251,8505e13e-a7d0-4267-b688-476f5b786bec,2024/05/09 4:17 PM,2024-05-09,2024-05-09 04:17:00 UTC,Wellington,2024-05-12 20:01:51 UTC,2024-05-12 20:02:45 UTC,casual,"",0,0,true,"Auckland CBD, Auckland 1010, New Zealand",-36.849165563,174.7708102438,4,,,4,,false,,,Three Kings Milk Tree,Paratrophis smithii,Three Kings milk tree,Plantae,407146
215349290,bf180651-3baa-4e12-ab3d-0b408ba15cab,2024-04-27 14:55:21,2024-04-27,2024-04-27 02:55:21 UTC,Wellington,2024-05-12 20:53:03 UTC,2024-05-12 20:53:08 UTC,casual,"",0,0,true,"Grafton, Auckland, New Zealand",-36.8558622685,174.7663832456,19,,,19,,false,gps,gps,Bloodleaf,Iresine diffusa herbstii,Bloodleaf,Plantae,914138
215827589,1c0e1b05-5a40-4b36-9383-eb3366769434,2024-05-15 13:37:46+12:00,2024-05-15,2024-05-15 01:37:46 UTC,Wellington,2024-05-15 01:38:21 UTC,2025-05-17 23:11:58 UTC,casual,"",0,0,true,"University of Auckland - City Campus, Auckland, Auckland, NZ",-36.8502068986,174.7709159275,8,,,8,,false,,,"",Lantana camara,Lantana,Plantae,50333
215844366,17399364-5634-40fb-b02e-cf770198c793,2024-05-15 15:33:49+12:00,2024-05-15,2024-05-15 03:33:49 UTC,Wellington,2024-05-15 03:34:51 UTC,2024-05-17 15:19:36 UTC,casual,"",1,0,true,"University of Auckland - City Campus, Auckland, Auckland, NZ",-36.8507294323,174.7693829841,73,,,73,,false,,,Mikimiki,Coprosma crassifolia,Mikimiki,Plantae,401012
215858365,86e8d3c7-7bcb-4710-8306-4cda1b348032,2024-05-15 18:18:08+12:00,2024-05-15,2024-05-15 06:18:08 UTC,Wellington,2024-05-15 06:18:58 UTC,2024-05-16 03:31:59 UTC,casual,"",1,0,true,"University of Auckland - City Campus, Auckland, Auckland, NZ",-36.8501265304,174.7708181723,44,,,44,open,false,,,poor man's cycad,Encephalartos villosus,poor man's cycad,Plantae,135968
216182913,4e1d4c66-a523-485d-b771-d68edeae5278,2024/05/17 8:26 AM,2024-05-17,2024-05-16 20:26:00 UTC,Wellington,2024-05-16 20:44:56 UTC,2024-05-17 07:17:06 UTC,casual,"",1,0,true,"Auckland CBD, Auckland 1010, New Zealand",-36.8503215487,174.7696435988,4,,,4,,false,,,Kohekohe,Didymocheton spectabilis,Kohekohe,Plantae,1471799
216183411,d884e64f-8cc7-4ab6-a303-490e1927cbbb,2024/05/17 8:25 AM,2024-05-17,2024-05-16 20:25:00 UTC,Wellington,2024-05-16 20:47:47 UTC,2024-05-17 07:17:04 UTC,casual,"",1,0,true,"Auckland CBD, Auckland 1010, New Zealand",-36.8504117917,174.7696257992,2,,,2,,false,,,Hangehange,Geniostoma ligustrifolium,Hangehange,Plantae,401998
216190924,304d0709-3bbc-4611-b280-82353fcc50b8,2024-05-15 15:24:06+12:00,2024-05-15,2024-05-15 03:24:06 UTC,Wellington,2024-05-16 21:28:44 UTC,2024-05-16 22:54:04 UTC,casual,"",1,0,true,"University of Auckland - City Campus, Auckland, Auckland, NZ",-36.8496083333,174.7703383333,11,,,11,open,false,,,Firewheel tree,Stenocarpus sinuatus,Firewheel tree,Plantae,83360
216208823,7792bbe4-8ad8-448f-9530-babb1da4c42c,2024-05-17 11:27:19+12:00,2024-05-17,2024-05-16 23:27:19 UTC,Wellington,2024-05-16 23:29:35 UTC,2024-05-17 15:16:25 UTC,casual,"",1,0,true,"University of Auckland - City Campus, Auckland, Auckland, NZ",-36.8508362192,174.7707205191,8,,,8,open,false,,,crown-of-thorns,Euphorbia milii,Crown-of-Thorns,Plantae,162839
217171400,aa760a90-a859-4330-b238-06ffcda55957,2024-05-21 10:39:46,2024-05-21,2024-05-20 22:39:46 UTC,Wellington,2024-05-20 22:40:08 UTC,2024-05-24 09:39:34 UTC,casual,"",0,0,true,"Auckland CBD, Auckland 1010, New Zealand",-36.84976046,174.77022282,8,,,8,,false,,,,Salvia leucantha,Mexican Bush Sage,Plantae,120488
217612492,674a52e7-d9ae-4b27-8801-f6e766eaf1cb,2024-05-15 10:09:30,2024-05-15,2024-05-14 22:09:30 UTC,Wellington,2024-05-23 01:40:42 UTC,2025-10-27 10:14:57 UTC,research,"",1,0,false,"Waterloo Quadrant, Auckland CBD, Auckland 1010, New Zealand",-36.8497969758,174.7714871541,37,,,37,open,false,gps,gps,rimu,Dacrydium cupressinum,rimu,Plantae,52382
217612613,f8aab583-af2a-4808-a57f-30ef50651d76,2024-05-15 10:03:23,2024-05-15,2024-05-14 22:03:23 UTC,Wellington,2024-05-23 01:41:45 UTC,2025-10-27 10:14:26 UTC,research,"",1,0,false,"Auckland CBD, Auckland 1010, New Zealand",-36.8504953353,174.7695522755,39,,,39,open,false,gps,gps,rimu,Dacrydium cupressinum,rimu,Plantae,52382
217766654,1db0060d-49fb-435d-b6fd-deb94cdf6c62,2024-05-24 08:42:18,2024-05-24,2024-05-23 20:42:18 UTC,Wellington,2024-05-23 20:43:08 UTC,2024-05-24 20:11:31 UTC,research,"",2,0,false,"University General Library, Auckland CBD, Auckland 1010, New Zealand",-36.8518263055,174.7699106857,8,,,8,,false,,,skeleton fork fern,Psilotum nudum,skeleton fork fern,Plantae,167517
217772457,dc9e267c-7a90-4adb-88c7-a1abd5fa0553,2024/05/24 8:14 AM,2024-05-24,2024-05-23 20:14:00 UTC,Wellington,2024-05-23 21:16:37 UTC,2024-05-23 21:19:39 UTC,casual,"",0,0,true,"Auckland CBD, Auckland 1010, New Zealand",-36.8498643459,174.7697850696,4,,,4,,false,,,Coastal Maire,Nestegis apetala,Coastal Maire,Plantae,404181
219465789,04beae1e-d587-4420-b057-298c51d342c9,2024/05/31 9:58 AM,2024-05-31,2024-05-30 21:58:00 UTC,Wellington,2024-05-31 03:42:49 UTC,2024-05-31 03:46:20 UTC,casual,"",0,0,true,"Auckland CBD, Auckland 1010, New Zealand",-36.8516337806,174.7725339539,2,,,2,,false,,,Toru,Toronia toru,Toru,Plantae,406557
219466499,dc3a6bc8-37c2-49a7-846e-1cc9a63dd9c2,2024/05/31 9:59 AM,2024-05-31,2024-05-30 21:59:00 UTC,Wellington,2024-05-31 03:48:32 UTC,2024-06-01 05:43:48 UTC,casual,"",1,0,true,"Auckland CBD, Auckland 1010, New Zealand",-36.8511681097,174.7730131281,1,,,1,,false,,,Toothed Lancewood,Pseudopanax ferox,Fierce lancewood,Plantae,197062
219466833,9138d973-13c5-4440-b407-fe0c7a88c1ce,2024/05/31 9:54 AM,2024-05-31,2024-05-30 21:54:00 UTC,Wellington,2024-05-31 03:51:21 UTC,2024-05-31 03:51:52 UTC,casual,"",0,0,true,"Auckland CBD, Auckland 1010, New Zealand",-36.8516278772,174.7727779036,2,,,2,open,false,,,Snow Totara,Podocarpus nivalis,snow totara,Plantae,135702
219467496,68711b7a-8f5e-4b29-a114-d058851a0910,2024/05/31 9:47 AM,2024-05-31,2024-05-30 21:47:00 UTC,Wellington,2024-05-31 03:57:26 UTC,2024-05-31 21:29:49 UTC,casual,"",1,0,true,"Auckland CBD, Auckland 1010, New Zealand",-36.8523443042,174.7702100162,1,,,1,open,false,,,Queensland kauri,Agathis robusta,Queensland kauri,Plantae,135362
220593328,75dbf24d-6f67-4b91-b105-c61c22dc6976,2024-06-05 13:27:04+12:00,2024-06-05,2024-06-05 01:27:04 UTC,Wellington,2024-06-05 01:27:08 UTC,2026-04-19 20:57:58 UTC,research,"",3,0,false,"University of Auckland - City Campus, Auckland, Auckland, NZ",-36.8501399691,174.7697817722,4,,,4,,false,,,Swiss Cheese Plant,Monstera deliciosa,Fruit salad plant,Plantae,122521
220609052,5e893276-1ac8-4301-b0e9-3c805b50355c,2024-06-04 12:29:25,2024-06-04,2024-06-04 00:29:25 UTC,Wellington,2024-06-05 03:16:50 UTC,2024-06-05 06:25:54 UTC,casual,"",2,0,true,"Waterloo Quadrant, Auckland CBD, Auckland 1010, New Zealand",-36.8505058056,174.7711028889,,,,,,false,gps,gps,false hen and chickens fern,Asplenium × lucrosum,false hen and chickens fern,Plantae,988494
220745803,f7af84c3-59d2-4be3-8338-e4cfe53d0c47,2024/06/05 8:08 AM,2024-06-05,2024-06-04 20:08:00 UTC,Wellington,2024-06-05 19:50:26 UTC,2024-06-06 07:03:56 UTC,casual,"",1,0,true,"Auckland CBD, Auckland 1010, New Zealand",-36.8499699728,174.7712577969,2,,,2,open,false,,,Kauri,Agathis australis,Kauri,Plantae,121718
220746262,d3135702-dd9d-4b84-9f45-a762ade3684c,2024/06/05 8:04 AM,2024-06-05,2024-06-04 20:04:00 UTC,Wellington,2024-06-05 19:52:51 UTC,2024-06-06 16:57:54 UTC,casual,"",1,0,true,"Auckland CBD, Auckland 1010, New Zealand",-36.8506085209,174.7707322729,1,,,1,open,false,,,Pittosporum pimeleoides,Pittosporum pimeleoides,,Plantae,404915
220824368,7dc49eb3-8ded-41ea-8922-b51709b6ee7a,2024-06-06 16:33:17,2024-06-06,2024-06-06 04:33:17 UTC,Wellington,2024-06-06 04:33:35 UTC,2024-06-08 18:12:43 UTC,casual,"",0,0,true,"Auckland CBD, Auckland 1010, New Zealand",-36.85063553,174.76918995,9,,,9,,false,,,,Pelargonium,geraniums and storksbills,Plantae,72281
220996552,f4b84a2a-8825-4c87-bd1c-fcfae10cda25,2024-06-07 11:42:43+12:00,2024-06-07,2024-06-06 23:42:43 UTC,Wellington,2024-06-06 23:44:09 UTC,2024-06-11 10:00:31 UTC,casual,"",1,0,true,"North Island / Te Ika-a-Māui, Auckland, Auckland, NZ",-36.8520866667,174.7717883333,50,,,50,,false,,,Mazus,Mazus,,Plantae,126377
221026728,5fbd7010-caa5-4a81-8eef-cf62b75141ff,2024-06-07 15:23:30,2024-06-07,2024-06-07 03:23:30 UTC,Wellington,2024-06-07 03:24:34 UTC,2024-07-20 23:41:06 UTC,casual,"",1,0,true,"Auckland CBD, Auckland 1010, New Zealand",-36.8501613148,174.770004563,4,,,4,open,false,gps,gps,poor man's cycad,Encephalartos villosus,poor man's cycad,Plantae,135968
221162502,1bb73538-1ed0-4c4c-af6b-85da1f4f9025,2024/06/07 11:03 AM,2024-06-07,2024-06-06 23:03:00 UTC,Wellington,2024-06-07 20:00:27 UTC,2024-06-08 22:12:05 UTC,research,"",2,0,false,"Auckland CBD, Auckland 1010, New Zealand",-36.8532673755,174.7706055988,4,,,4,,false,,,Fishbone Fern,Nephrolepis cordifolia,ladder fern,Plantae,48233
221714524,bb7b77c8-7ad6-4f6b-b3e4-f52ce39b46d9,2024/06/10 12:05 PM,2024-06-10,2024-06-10 00:05:00 UTC,Wellington,2024-06-10 00:54:08 UTC,2024-06-10 14:29:20 UTC,casual,"",1,0,true,"Auckland CBD, Auckland 1010, New Zealand",-36.8510376352,174.7710800171,2,,,2,open,false,,,New Zealand Myrtle,Lophomyrtus obcordata,Rohutu,Plantae,411137
222389133,fe857e26-0faa-46bf-a063-069c088d0690,2024-06-01 12:47:12,2024-06-01,2024-06-01 00:47:12 UTC,Wellington,2024-06-13 05:27:45 UTC,2024-06-13 10:46:04 UTC,research,"",2,0,false,"Auckland CBD, Auckland 1010, New Zealand",-36.8523747997,174.7726369,,,,,,false,gps,gps,Yellow ginger,Hedychium flavescens,Yellow ginger,Plantae,77347
223683681,2a18b025-723b-47bc-9edd-9d63f78197f3,2024/06/19 1:00 PM,2024-06-19,2024-06-19 01:00:00 UTC,Wellington,2024-06-19 03:54:25 UTC,2025-02-16 00:25:02 UTC,casual,"",0,0,true,"Auckland CBD, Auckland 1010, New Zealand",-36.8501908835,174.770522689,2,,,2,open,false,,,Pittosporum roimata,Pittosporum cornifolium,Tāwhirikaro,Plantae,407617
223910580,1d587832-08a0-4625-a409-f9135e4ac2a4,2024/06/20 11:28 AM,2024-06-20,2024-06-19 23:28:00 UTC,Wellington,2024-06-20 04:08:52 UTC,2024-06-20 04:09:35 UTC,casual,"",0,0,true,"Auckland CBD, Auckland 1010, New Zealand",-36.8513131309,174.7708230798,2,,,2,,false,,,Tauhinu,Pomaderris amoena,tauhinu,Plantae,405184
224063792,a4e42dca-318d-4d69-971d-8b1cc9571da0,2024/03/10 12:37 PM,2024-03-10,2024-03-09 23:37:00 UTC,Wellington,2024-06-20 21:38:20 UTC,2024-06-21 20:23:14 UTC,research,"",1,0,false,"Auckland CBD, Auckland 1010, New Zealand",-36.8497410894,174.7696731452,2,,,2,,false,,,silver fern,Cyathea dealbata,silver fern,Plantae,131669
224064026,21f40545-8d9c-4603-bb99-5a4895a43820,2024/03/10 12:36 PM,2024-03-10,2024-03-09 23:36:00 UTC,Wellington,2024-06-20 21:39:48 UTC,2024-06-21 20:23:06 UTC,research,"",1,0,false,"Auckland CBD, Auckland 1010, New Zealand",-36.8497299127,174.7695834114,4,,,4,,false,,,silver fern,Cyathea dealbata,silver fern,Plantae,131669
224070507,031876b5-4584-4676-a46d-e0de8f8723d4,2024-06-20 14:02:17,2024-06-20,2024-06-20 02:02:17 UTC,Wellington,2024-06-20 22:20:32 UTC,2026-04-13 01:17:48 UTC,needs_id,"",1,0,false,"Auckland CBD, Auckland 1010, New Zealand",-36.8501963,174.7701664997,,,,,,false,gps,gps,Common Crystalwort,Riccia sorocarpa,Common Crystalwort,Plantae,56420
224070980,7c2305d8-6ea1-419a-88a6-b01ee031e467,2024/03/10 12:05 PM,2024-03-10,2024-03-09 23:05:00 UTC,Wellington,2024-06-20 22:23:27 UTC,2024-06-21 11:15:54 UTC,research,"",1,0,false,"Auckland CBD, Auckland 1010, New Zealand",-36.8500878197,174.7713483397,8,,,8,,false,,,Pūriri,Vitex lucens,Pūriri,Plantae,338187
224560494,6b868388-bef5-4b53-a4b7-cf5b175fef04,2024-06-23 13:35:52,2024-06-23,2024-06-23 01:35:52 UTC,Wellington,2024-06-23 04:25:26 UTC,2024-07-24 10:09:40 UTC,needs_id,"",0,0,false,"Auckland, New Zealand",-36.849842,174.769124,5,,,5,,false,,,Chiloscyphus lentus,Chiloscyphus lentus,,Plantae,409103
224944118,da0ff605-bfe8-4345-a9a2-64bb19793ee1,2024/06/24 12:11 PM,2024-06-24,2024-06-24 00:11:00 UTC,Wellington,2024-06-24 19:14:07 UTC,2024-06-25 04:16:18 UTC,casual,"",1,0,true,"Auckland CBD, Auckland 1010, New Zealand",-36.8512507712,174.7708149254,2,,,2,,false,,,Kiekie,Freycinetia banksii,Kiekie,Plantae,401924
226628331,0e1110ba-91a2-48bd-98eb-6675d813f705,2024-07-01 12:44:42+12:00,2024-07-01,2024-07-01 00:44:42 UTC,Wellington,2024-07-02 06:47:41 UTC,2024-07-03 04:15:36 UTC,casual,"",1,0,true,"University of Auckland - City Campus, Auckland, Auckland, NZ",-36.8506883333,174.7702033333,35,,,35,open,false,,,Swan-neck Agave,Agave attenuata,Swan-neck Agave,Plantae,209357
228159896,c51a652c-d0f2-4888-b44a-8bf87e0c6f11,2024-07-09 14:25:34,2024-07-09,2024-07-09 02:25:34 UTC,Wellington,2024-07-09 02:26:26 UTC,2025-06-06 18:56:53 UTC,casual,"",2,0,true,"Auckland CBD, Auckland 1010, New Zealand",-36.8506039923,174.7704035416,4,,,4,open,false,gps,gps,Swan-neck Agave,Agave attenuata,Swan-neck Agave,Plantae,209357
228732360,652e5082-3c52-4d4d-9040-e6895c6e3335,2024-07-07 16:13:05+12:00,2024-07-07,2024-07-07 04:13:05 UTC,Wellington,2024-07-12 00:08:08 UTC,2024-07-12 08:18:58 UTC,casual,"",1,0,true,"Auckland, NZ",-36.8493883333,174.7686916667,8,,,8,,false,,,Glory bush,Pleroma urvilleanum,Glory bush,Plantae,1263850
228732436,d34715ff-0dc0-42e1-a272-0217d4d62bb1,2024-07-07 16:07:32+12:00,2024-07-07,2024-07-07 04:07:32 UTC,Wellington,2024-07-12 00:08:38 UTC,2024-07-12 01:59:53 UTC,research,"",1,0,false,"Auckland, NZ",-36.848675,174.770905,11,,,11,,false,,,Common Cotula,Cotula australis,Soldier's buttons,Plantae,53025
229779651,c306ba1d-0f26-461f-a807-a27296c550df,2024/07/16 3:15 PM,2024-07-16,2024-07-16 03:15:00 UTC,Wellington,2024-07-16 21:17:47 UTC,2024-07-16 21:18:39 UTC,casual,"",0,0,true,"Auckland CBD, Auckland 1010, New Zealand",-36.8502778413,174.7698932882,4,,,4,,false,,,Pigeonwood,Hedycarya arborea,Pigeonwood,Plantae,402414
229849388,c593ef5c-02f4-4b06-9a54-cb94628a79bb,2024-07-08 13:31:58,2024-07-08,2024-07-08 01:31:58 UTC,Wellington,2024-07-17 06:45:49 UTC,2024-07-22 01:00:31 UTC,casual,"",2,0,true,"Waterloo Quadrant, Auckland CBD, Auckland 1010, New Zealand",-36.8506201,174.7710265,,,,,,false,,,Sweet Alyssum,Lobularia maritima,sweet alyssum,Plantae,56992
231514350,e75caf11-42d5-40be-9976-511838cd86f3,2024-07-25 11:13:19+12:00,2024-07-25,2024-07-24 23:13:19 UTC,Wellington,2024-07-24 23:13:39 UTC,2024-07-24 23:54:03 UTC,research,"",1,0,false,"North Island / Te Ika-a-Māui, Auckland, Auckland, NZ",-36.852384655,174.7726633122,4,,,4,,false,,,oceanblue morning glory,Ipomoea indica,blue morning glory,Plantae,77496
232555428,f7430db2-b3b2-4030-874b-3352709fe34f,2016/11/24 3:32 PM,2016-11-24,2016-11-24 02:32:00 UTC,Wellington,2024-07-29 19:41:11 UTC,2024-07-31 01:29:30 UTC,research,"",3,0,false,"Auckland CBD, Auckland 1010, New Zealand",-36.8506365009,174.7694779385,31,,,31,,false,,,puka,Griselinia lucida,Puka,Plantae,408842
232555429,04b2203c-c57b-4dc9-a51b-f731eea62070,2016/11/24 3:39 PM,2016-11-24,2016-11-24 02:39:00 UTC,Wellington,2024-07-29 19:41:11 UTC,2024-07-29 19:41:11 UTC,needs_id,"",0,0,false,"Auckland CBD, Auckland 1010, New Zealand",-36.8499880794,174.769804748,8,,,8,,false,,,Small-leaved Kowhai,Sophora microphylla,Small-leaved kowhai,Plantae,210947
232555444,727946a3-afc4-4d01-adf3-29cd7a726092,2016/11/24 3:45 PM,2016-11-24,2016-11-24 02:45:00 UTC,Wellington,2024-07-29 19:41:13 UTC,2024-07-30 06:10:02 UTC,casual,"",2,0,true,"Auckland CBD, Auckland 1010, New Zealand",-36.8504667484,174.7689925938,8,,,8,,false,,,Pūriri,Vitex lucens,Pūriri,Plantae,338187
232555450,01783da9-48be-4a26-ade6-39242c89045f,2016/11/24 3:42 PM,2016-11-24,2016-11-24 02:42:00 UTC,Wellington,2024-07-29 19:41:14 UTC,2024-07-31 01:29:25 UTC,research,"",2,0,false,"Auckland CBD, Auckland 1010, New Zealand",-36.8499989778,174.7688949145,8,,,8,open,false,,,Kawakawa,Piper excelsum,Kawakawa,Plantae,404899
232555459,a48e72dd-944a-4674-820a-1f6c33d5a5cf,2016/11/24 4:04 PM,2016-11-24,2016-11-24 03:04:00 UTC,Wellington,2024-07-29 19:41:15 UTC,2024-07-30 06:10:01 UTC,casual,"",2,0,true,"Auckland CBD, Auckland 1010, New Zealand",-36.84987994,174.7690022028,8,,,8,open,false,,,Tītoki,Alectryon excelsus,Tītoki,Plantae,399464
232555472,3447bf90-a29b-4bbd-ac03-a28aab1d3898,2016/11/24 4:21 PM,2016-11-24,2016-11-24 03:21:00 UTC,Wellington,2024-07-29 19:41:16 UTC,2024-07-29 21:14:21 UTC,research,"",1,0,false,"Auckland CBD, Auckland 1010, New Zealand",-36.8500602315,174.7694689072,8,,,8,open,false,,,Waitakere Kowhai,Sophora fulvida,Waitakere Kowhai,Plantae,406088
232555473,121b834b-b7fc-4d73-a67e-7f5351cc6bfb,2016/11/24 4:24 PM,2016-11-24,2016-11-24 03:24:00 UTC,Wellington,2024-07-29 19:41:16 UTC,2024-08-27 17:37:06 UTC,research,"",1,0,false,"Auckland CBD, Auckland 1010, New Zealand",-36.8501160359,174.7692436017,8,,,8,,false,,,Beauty Bush,Kolkwitzia amabilis,Beauty Bush,Plantae,52501
233029223,f77de947-ef72-4aa6-8be4-d061ca1a7fc0,2023-04-05 12:00:40+12:00,2023-04-05,2023-04-05 00:00:40 UTC,Wellington,2024-08-01 03:48:31 UTC,2024-08-01 21:06:31 UTC,research,"",2,0,false,"University of Auckland - City Campus, Auckland, Auckland, NZ",-36.8509617255,174.7705426967,35,,,35,open,false,,,Tōtara,Podocarpus totara,Tōtara,Plantae,85275
233815672,cfb958c0-ef65-48bb-87b3-c71204d89578,2024/08/05 8:33 AM,2024-08-05,2024-08-04 20:33:00 UTC,Wellington,2024-08-04 21:50:45 UTC,2024-08-04 22:36:21 UTC,casual,"",1,0,true,"Auckland CBD, Auckland 1010, New Zealand",-36.8512963185,174.7708170381,1,,,1,open,false,,,Perching kohukohu,Pittosporum cornifolium,Tāwhirikaro,Plantae,407617
234632343,38105b0a-d042-47e7-a27b-784152c47b1f,2024-08-09 15:07:05,2024-08-09,2024-08-09 03:07:05 UTC,Wellington,2024-08-09 03:08:39 UTC,2024-08-11 23:54:48 UTC,casual,"",1,0,true,"Auckland, NZ",-36.850281777,174.7706466168,8,,,8,open,false,gps,gps,Tītoki,Alectryon excelsus,Tītoki,Plantae,399464
234636373,8338c5a6-ad55-4555-b040-96e5a5ff2a36,2024-08-09 15:11:05,2024-08-09,2024-08-09 03:11:05 UTC,Wellington,2024-08-09 03:45:35 UTC,2024-08-11 23:54:48 UTC,casual,"",0,0,true,"Auckland, NZ",-36.8503432153,174.7711217031,7,,,7,open,false,gps,gps,美洲枫香,Liquidambar styraciflua,American sweetgum,Plantae,49658
234636398,cedd24cd-8737-4c95-87d8-11af94ade01e,2024-08-09 15:14:06,2024-08-09,2024-08-09 03:14:06 UTC,Wellington,2024-08-09 03:45:56 UTC,2024-08-11 23:54:48 UTC,casual,"",0,0,true,"Auckland, NZ",-36.8503066667,174.771245,7,,,7,,false,,,君子兰,Clivia miniata,Natal Lily,Plantae,210194
234636430,427e31a1-8015-42a9-af3a-472eff85f937,2024-08-09 15:18:31,2024-08-09,2024-08-09 03:18:31 UTC,Wellington,2024-08-09 03:46:16 UTC,2024-08-11 23:54:48 UTC,casual,"",1,0,true,"Auckland, NZ",-36.850213363,174.7711800411,8,,,8,open,false,gps,gps,English oak,Quercus robur,English oak,Plantae,56133
234636439,9a4126c7-191c-4677-b21c-6b37b09eb0fe,2024-08-09 15:22:04,2024-08-09,2024-08-09 03:22:04 UTC,Wellington,2024-08-09 03:46:30 UTC,2024-08-11 23:54:48 UTC,casual,"",1,0,true,"Auckland, NZ",-36.85027346,174.7712598369,9,,,9,open,false,gps,gps,English oak,Quercus robur,English oak,Plantae,56133
234636453,fbc6d9b6-b9f4-4f2b-a542-17bd3e2fdafd,2024-08-09 15:25:19,2024-08-09,2024-08-09 03:25:19 UTC,Wellington,2024-08-09 03:46:44 UTC,2024-08-11 23:54:48 UTC,casual,"",1,0,true,"Auckland, NZ",-36.8501699001,174.7716614977,7,,,7,open,false,gps,gps,English oak,Quercus robur,English oak,Plantae,56133
234636482,180d32a6-562a-42df-b21f-cb1432792310,2024-08-09 15:33:13,2024-08-09,2024-08-09 03:33:13 UTC,Wellington,2024-08-09 03:47:11 UTC,2024-08-12 01:48:15 UTC,casual,"",0,0,true,"Auckland, NZ",-36.8501487051,174.77151867,5,,,5,,false,gps,gps,细叶杜鹃,Rhododendron noriakianum,,Plantae,736590
234642302,efb01cd7-2853-459b-acbc-0f03e318520e,2024-08-09 16:56:05,2024-08-09,2024-08-09 04:56:05 UTC,Wellington,2024-08-09 04:58:01 UTC,2024-08-12 03:10:49 UTC,casual,"",0,0,true,"Auckland, NZ",-36.8502283873,174.7709299251,8,,,8,,false,gps,gps,Pōhutukawa,Metrosideros excelsa,Pōhutukawa,Plantae,122905
234817058,1ea8b370-a1f1-4890-9235-f5aaa8b3cedc,2024-08-10 13:54:48,2024-08-10,2024-08-10 01:54:48 UTC,Wellington,2024-08-10 04:42:21 UTC,2026-02-08 02:39:47 UTC,research,"",2,0,false,"Auckland, New Zealand",-36.855221,174.76848,5,,,5,,false,,,Velvet Groundsel,Roldana petasitis,velvet groundsel,Plantae,345097
235277099,1f544ad7-74e8-43ab-8b49-83ad3c312c6f,2024-08-12 15:18:48,2024-08-12,2024-08-12 03:18:48 UTC,Wellington,2024-08-12 05:04:55 UTC,2024-08-12 05:05:07 UTC,casual,"",0,0,true,"Auckland, NZ",-36.8503332886,174.7715066001,9,,,9,open,false,gps,gps,夏栎,Quercus robur,English oak,Plantae,56133
235277115,f63aa237-d100-4b56-841d-e09b72f0f3be,2024-08-12 15:20:02,2024-08-12,2024-08-12 03:20:02 UTC,Wellington,2024-08-12 05:05:09 UTC,2024-08-12 05:05:26 UTC,casual,"",0,0,true,"Auckland, NZ",-36.850253,174.771587,25,,,25,,false,,,Coastal Maire,Nestegis apetala,Coastal Maire,Plantae,404181
235277148,06136603-9490-456d-90bd-202faf6a89af,2024-08-12 15:21:18,2024-08-12,2024-08-12 03:21:18 UTC,Wellington,2024-08-12 05:05:28 UTC,2024-08-12 05:05:40 UTC,casual,"",0,0,true,"Auckland, NZ",-36.8503483333,174.771615,9,,,9,,false,,,厚叶海桐,Pittosporum crassifolium,Karo,Plantae,78590
235277177,ff0baaea-fadc-4b0a-9e67-b25dad944a4c,2024-08-12 15:26:29,2024-08-12,2024-08-12 03:26:29 UTC,Wellington,2024-08-12 05:05:42 UTC,2024-08-12 05:05:54 UTC,casual,"",0,0,true,"Auckland, NZ",-36.8499684139,174.7711833939,6,,,6,,false,gps,gps,红萼苘麻,Callianthe megapotamica,Trailing abutilon,Plantae,508221
235277194,4ecb29d7-b01f-4961-b577-9794345a8c37,2024-08-12 15:29:08,2024-08-12,2024-08-12 03:29:08 UTC,Wellington,2024-08-12 05:05:56 UTC,2024-08-12 06:01:49 UTC,casual,"",1,0,true,"Auckland, NZ",-36.8496816104,174.7707415,8,,,8,,false,gps,gps,Pūriri,Vitex lucens,Pūriri,Plantae,338187
235279435,a356bdfb-f3ec-4ceb-b689-af07824a5c97,2024-08-12 15:31:25,2024-08-12,2024-08-12 03:31:25 UTC,Wellington,2024-08-12 05:30:03 UTC,2024-08-12 14:44:15 UTC,casual,"",1,0,true,"Auckland, NZ",-36.850061779,174.771198146,6,,,6,open,false,gps,gps,Kauri,Agathis australis,Kauri,Plantae,121718
235340936,8571d4ab-1fe4-4dcb-8b4f-e3bcd4a7bb8e,2024-08-12 15:32:31,2024-08-12,2024-08-12 03:32:31 UTC,Wellington,2024-08-12 14:44:18 UTC,2024-08-12 15:15:28 UTC,casual,"",0,0,true,"Auckland, NZ",-36.8499116667,174.771405,6,,,6,open,false,,,新西兰贝壳杉,Agathis australis,Kauri,Plantae,121718
235341178,be04731e-ff29-4144-a4db-5f0602db4f2a,2024-08-12 15:33:46,2024-08-12,2024-08-12 03:33:46 UTC,Wellington,2024-08-12 14:45:33 UTC,2024-08-12 15:15:35 UTC,casual,"",0,0,true,"Auckland, NZ",-36.8498983899,174.7713215277,6,,,6,open,false,gps,gps,美洲枫香,Liquidambar styraciflua,American sweetgum,Plantae,49658
235346781,7a2fdba2-d250-4499-866a-c70c49f31301,2024-08-12 15:34:41,2024-08-12,2024-08-12 03:34:41 UTC,Wellington,2024-08-12 15:15:37 UTC,2024-08-13 02:15:05 UTC,casual,"",1,0,true,"Auckland, NZ",-36.8498900729,174.7714432329,7,,,7,open,false,gps,gps,Tōtara,Podocarpus totara,Tōtara,Plantae,85275
235459147,90d6bf11-c6fa-4d84-9461-831b9311e3b6,2024-08-12 15:36:05,2024-08-12,2024-08-12 03:36:05 UTC,Wellington,2024-08-13 02:15:08 UTC,2024-08-13 02:15:20 UTC,casual,"",0,0,true,"Auckland, NZ",-36.8498667316,174.7714465857,7,,,7,,false,gps,gps,Tawa,Beilschmiedia tawa,Tawa,Plantae,366613
235459184,16506ee4-7432-4f0c-ac1c-cff7e7bf405f,2024-08-12 15:37:16,2024-08-12,2024-08-12 03:37:16 UTC,Wellington,2024-08-13 02:15:22 UTC,2024-08-13 02:15:34 UTC,casual,"",0,0,true,"Auckland, NZ",-36.8496920738,174.7714720666,26,,,26,open,false,gps,gps,新西兰贝壳杉,Agathis australis,Kauri,Plantae,121718
235459204,fbdbb5af-ecfb-4052-8f58-6851281e247c,2024-08-12 15:42:39,2024-08-12,2024-08-12 03:42:39 UTC,Wellington,2024-08-13 02:15:36 UTC,2024-08-13 02:15:48 UTC,casual,"",0,0,true,"Auckland, NZ",-36.8495016667,174.77072,7,,,7,open,false,,,夏栎,Quercus robur,English oak,Plantae,56133
235459231,4f0d6986-b003-4ad3-9356-ad776ecb36c8,2024-08-12 15:46:02,2024-08-12,2024-08-12 03:46:02 UTC,Wellington,2024-08-13 02:15:50 UTC,2024-08-13 02:16:02 UTC,casual,"",0,0,true,"Auckland, NZ",-36.8496633666,174.7707284242,9,,,9,open,false,gps,gps,新西兰陆均松,Dacrydium cupressinum,rimu,Plantae,52382
235459256,7687d8bf-b0d2-47e6-b8b7-f9cf3d6a3a1f,2024-08-12 15:48:39,2024-08-12,2024-08-12 03:48:39 UTC,Wellington,2024-08-13 02:16:04 UTC,2024-08-13 02:16:17 UTC,casual,"",0,0,true,"Auckland, NZ",-36.8494683181,174.771219939,6,,,6,open,false,gps,gps,Tōtara,Podocarpus totara,Tōtara,Plantae,85275
235459290,8e692a1a-f625-47ff-aba3-18445208c1ad,2024-08-12 15:49:34,2024-08-12,2024-08-12 03:49:34 UTC,Wellington,2024-08-13 02:16:18 UTC,2024-08-13 02:27:10 UTC,casual,"",0,0,true,"Auckland, NZ",-36.8494066667,174.771145,6,,,6,open,false,,,Tōtara,Podocarpus totara,Tōtara,Plantae,85275
235459677,ab4b0d65-ec67-4373-8b91-56fef19bf72f,2024-08-12 15:51:00,2024-08-12,2024-08-12 03:51:00 UTC,Wellington,2024-08-13 02:19:02 UTC,2024-08-13 02:19:15 UTC,casual,"",0,0,true,"Auckland, NZ",-36.8493466667,174.771115,7,,,7,,false,,,Pōhutukawa,Metrosideros excelsa,Pōhutukawa,Plantae,122905
235459701,a0152c70-ef68-4719-a507-ad5c6a205943,2024-08-12 15:52:23,2024-08-12,2024-08-12 03:52:23 UTC,Wellington,2024-08-13 02:19:17 UTC,2024-08-13 02:19:29 UTC,casual,"",0,0,true,"Auckland, NZ",-36.84945,174.771315,7,,,7,open,false,,,Tōtara,Podocarpus totara,Tōtara,Plantae,85275
235459731,dfda4826-3edf-4d0a-800a-dc074e27b0f7,2024-08-12 15:57:14,2024-08-12,2024-08-12 03:57:14 UTC,Wellington,2024-08-13 02:19:32 UTC,2024-08-13 02:19:48 UTC,casual,"",0,0,true,"Auckland, NZ",-36.8493365863,174.7710781172,8,,,8,open,false,gps,gps,夏栎,Quercus robur,English oak,Plantae,56133
235459772,a519a85f-b3b0-4165-8895-71c9fbf1bf37,2024-08-12 16:18:28,2024-08-12,2024-08-12 04:18:28 UTC,Wellington,2024-08-13 02:19:50 UTC,2024-08-13 02:20:03 UTC,casual,"",0,0,true,"Auckland, NZ",-36.8494033912,174.7701983526,4,,,4,open,false,gps,gps,山茶花,Camellia japonica,Japanese camellia,Plantae,83056
235459794,32cbfc73-1ecf-4cbb-a6f1-2d4f119cad2f,2024-08-12 16:19:53,2024-08-12,2024-08-12 04:19:53 UTC,Wellington,2024-08-13 02:20:06 UTC,2024-08-13 02:20:18 UTC,casual,"",0,0,true,"Auckland, NZ",-36.8493381961,174.7703291103,7,,,7,open,false,gps,gps,山茶花,Camellia japonica,Japanese camellia,Plantae,83056
235459823,c5e3c3be-8e75-427e-ab98-dfc299484b99,2024-08-12 16:21:13,2024-08-12,2024-08-12 04:21:13 UTC,Wellington,2024-08-13 02:20:20 UTC,2024-08-13 02:20:33 UTC,casual,"",0,0,true,"Auckland, NZ",-36.84935,174.7702966667,5,,,5,open,false,,,山茶花,Camellia japonica,Japanese camellia,Plantae,83056
235459844,78ff7699-a76c-446b-b427-dc249ae48e22,2024-08-12 16:22:01,2024-08-12,2024-08-12 04:22:01 UTC,Wellington,2024-08-13 02:20:35 UTC,2024-08-13 02:20:47 UTC,casual,"",0,0,true,"Auckland, NZ",-36.849545,174.7702883333,5,,,5,open,false,,,山茶花,Camellia japonica,Japanese camellia,Plantae,83056
235459867,5b13cb2f-0324-4c50-80c0-1aee96ba3a48,2024-08-12 16:23:05,2024-08-12,2024-08-12 04:23:05 UTC,Wellington,2024-08-13 02:20:49 UTC,2024-08-13 02:21:01 UTC,casual,"",0,0,true,"Auckland, NZ",-36.8495483333,174.7702933333,5,,,5,open,false,,,山茶花,Camellia japonica,Japanese camellia,Plantae,83056
235459888,7cb8e303-0c73-4ef4-90d1-6db0607a8609,2024-08-12 16:24:57,2024-08-12,2024-08-12 04:24:57 UTC,Wellington,2024-08-13 02:21:03 UTC,2024-08-13 02:21:16 UTC,casual,"",0,0,true,"Auckland, NZ",-36.8490285852,174.7702345625,6,,,6,open,false,gps,gps,美洲枫香,Liquidambar styraciflua,American sweetgum,Plantae,49658
235459910,1ab97ea6-892a-4047-bf3b-3e54372b7056,2024-08-12 16:32:55,2024-08-12,2024-08-12 04:32:55 UTC,Wellington,2024-08-13 02:21:18 UTC,2024-08-17 23:57:44 UTC,casual,"",1,0,true,"Auckland, NZ",-36.8495182205,174.7701426968,4,,,4,open,false,gps,gps,Arum Lily,Zantedeschia aethiopica,Arum Lily,Plantae,56006
235459935,5ff99604-491d-4d78-9770-5eb63733af51,2024-08-12 16:34:58,2024-08-12,2024-08-12 04:34:58 UTC,Wellington,2024-08-13 02:21:40 UTC,2024-08-13 02:21:53 UTC,casual,"",0,0,true,"Auckland, NZ",-36.8495034644,174.7698717937,5,,,5,open,false,gps,gps,Tōtara,Podocarpus totara,Tōtara,Plantae,85275
235459962,2b298c57-db67-48ce-a663-0b51ced09fb5,2024-08-12 16:36:05,2024-08-12,2024-08-12 04:36:05 UTC,Wellington,2024-08-13 02:21:55 UTC,2024-08-13 02:22:08 UTC,casual,"",0,0,true,"Auckland, NZ",-36.8494466667,174.7697833333,5,,,5,,false,,,新西兰牡荆,Vitex lucens,Pūriri,Plantae,338187
235459993,0e570eb8-6a09-4d53-bdbc-8ed0979f8b12,2024-08-12 16:38:33,2024-08-12,2024-08-12 04:38:33 UTC,Wellington,2024-08-13 02:22:09 UTC,2024-08-13 02:22:21 UTC,casual,"",0,0,true,"Auckland, NZ",-36.849606757,174.7702100873,9,,,9,,false,gps,gps,甜柏,Libocedrus plumosa,Kawaka,Plantae,135819
235460015,cf1cd62c-c9f8-4462-a6b4-253637e37d98,2024-08-12 16:42:41,2024-08-12,2024-08-12 04:42:41 UTC,Wellington,2024-08-13 02:22:23 UTC,2024-08-13 02:22:36 UTC,casual,"",0,0,true,"Auckland, NZ",-36.8496966348,174.7697631642,4,,,4,,false,gps,gps,新西兰牡荆,Vitex lucens,Pūriri,Plantae,338187
235460031,0f3fe19e-03cf-4f83-b36b-33a3d57b244d,2024-08-12 16:45:42,2024-08-12,2024-08-12 04:45:42 UTC,Wellington,2024-08-13 02:22:38 UTC,2024-08-13 02:22:50 UTC,casual,"",0,0,true,"Auckland, NZ",-36.8497266834,174.7695847973,7,,,7,,false,gps,gps,Northern rātā,Metrosideros robusta,Northern rātā,Plantae,70237
235460070,05a958e0-ac33-4d1d-8cb0-73e23d35058c,2024-08-12 16:47:12,2024-08-12,2024-08-12 04:47:12 UTC,Wellington,2024-08-13 02:22:52 UTC,2024-08-13 02:23:04 UTC,casual,"",0,0,true,"Auckland, NZ",-36.8499166337,174.7694567218,7,,,7,open,false,gps,gps,新西兰贝壳杉,Agathis australis,Kauri,Plantae,121718
235460096,4a541eba-4eb2-4974-b482-3a5354d01ce9,2024-08-12 16:48:52,2024-08-12,2024-08-12 04:48:52 UTC,Wellington,2024-08-13 02:23:07 UTC,2024-08-13 02:23:19 UTC,casual,"",0,0,true,"Auckland, NZ",-36.8498766584,174.7693715617,8,,,8,,false,gps,gps,Northern rātā,Metrosideros robusta,Northern rātā,Plantae,70237
235460146,f92768a4-145a-4a76-8f88-acf10d649963,2024-08-12 16:50:41,2024-08-12,2024-08-12 04:50:41 UTC,Wellington,2024-08-13 02:23:24 UTC,2024-08-13 02:23:37 UTC,casual,"",0,0,true,"Auckland, NZ",-36.8500204623,174.7694185004,7,,,7,,false,gps,gps,Northern rātā,Metrosideros robusta,Northern rātā,Plantae,70237
235460165,9ae95dbb-3041-462f-b14e-c92234cce169,2024-08-12 16:53:56,2024-08-12,2024-08-12 04:53:56 UTC,Wellington,2024-08-13 02:23:39 UTC,2024-08-13 02:23:53 UTC,casual,"",0,0,true,"Auckland, NZ",-36.8498517073,174.7695117071,8,,,8,,false,gps,gps,Pōhutukawa,Metrosideros excelsa,Pōhutukawa,Plantae,122905
235460198,c176fcb3-8d09-4f03-892f-d25ddc33fe01,2024-08-12 16:54:50,2024-08-12,2024-08-12 04:54:50 UTC,Wellington,2024-08-13 02:23:55 UTC,2024-08-13 02:24:08 UTC,casual,"",0,0,true,"Auckland, NZ",-36.8498583333,174.7695166667,8,,,8,,false,,,Pōhutukawa,Metrosideros excelsa,Pōhutukawa,Plantae,122905
235460240,71ccd86a-a3af-467f-8c6c-566d5c398f04,2024-08-12 17:03:28,2024-08-12,2024-08-12 05:03:28 UTC,Wellington,2024-08-13 02:24:27 UTC,2024-08-14 00:42:57 UTC,casual,"",1,0,true,"Auckland, NZ",-36.850033072,174.7697249427,8,,,8,open,false,gps,gps,Tītoki,Alectryon excelsus,Tītoki,Plantae,399464
235460259,ca3dfa48-527a-4cd6-82cd-4e31dcb5c87a,2024-08-12 17:06:48,2024-08-12,2024-08-12 05:06:48 UTC,Wellington,2024-08-13 02:24:42 UTC,2024-08-14 00:42:55 UTC,casual,"",1,0,true,"Auckland, NZ",-36.8501800951,174.7697581351,4,,,4,,false,gps,gps,Kawaka,Libocedrus plumosa,Kawaka,Plantae,135819
235460294,71eaaf2d-1026-446d-a55e-242f8eee1925,2024-08-12 17:07:44,2024-08-12,2024-08-12 05:07:44 UTC,Wellington,2024-08-13 02:24:56 UTC,2024-08-13 02:25:09 UTC,casual,"",0,0,true,"Auckland, NZ",-36.8501613148,174.7697893158,4,,,4,,false,gps,gps,Northern rātā,Metrosideros robusta,Northern rātā,Plantae,70237
235460326,b445343b-7708-410d-902c-b7db5a02870c,2024-08-12 17:10:55,2024-08-12,2024-08-12 05:10:55 UTC,Wellington,2024-08-13 02:25:11 UTC,2024-08-14 00:42:54 UTC,casual,"",1,0,true,"Auckland, NZ",-36.8503931171,174.7696397826,6,,,6,open,false,gps,gps,Tītoki,Alectryon excelsus,Tītoki,Plantae,399464
235616994,40cc79ee-dd3a-4388-a83e-ac4607d93ea2,2024-08-13 17:18:45,2024-08-13,2024-08-13 05:18:45 UTC,Wellington,2024-08-13 22:07:45 UTC,2024-08-14 00:36:02 UTC,casual,"",1,0,true,"Auckland, NZ",-36.8507456485,174.7706405818,4,,,4,,false,gps,gps,Mamangi,Coprosma arborea,Māmāngi,Plantae,70250
235617040,c6b70601-7fd1-4b58-ac40-9e060ea2dc4a,2024-08-13 17:21:10,2024-08-13,2024-08-13 05:21:10 UTC,Wellington,2024-08-13 22:07:58 UTC,2024-08-13 22:08:10 UTC,casual,"",0,0,true,"Auckland, NZ",-36.8506933323,174.770414941,8,,,8,open,false,gps,gps,木立芦荟,Aloe arborescens,Candelabra Aloe,Plantae,81518
235617063,71ef48e0-ac5a-40a4-bf9f-3b486a4e1885,2024-08-13 17:23:15,2024-08-13,2024-08-13 05:23:15 UTC,Wellington,2024-08-13 22:08:12 UTC,2024-08-14 00:35:44 UTC,casual,"",1,0,true,"Auckland, NZ",-36.8505167984,174.7704283521,10,,,10,open,false,gps,gps,Tītoki,Alectryon excelsus,Tītoki,Plantae,399464
235617095,50e2c418-6e70-429a-92f1-c3c2ac5d5eee,2024-08-13 17:35:17,2024-08-13,2024-08-13 05:35:17 UTC,Wellington,2024-08-13 22:08:27 UTC,2024-08-13 22:08:39 UTC,casual,"",0,0,true,"Auckland, NZ",-36.848601728,174.7703281045,10,,,10,,false,gps,gps,甜柏,Libocedrus plumosa,Kawaka,Plantae,135819
235617115,a388bb47-5185-456b-a332-2828e89352cd,2024-08-13 17:42:53,2024-08-13,2024-08-13 05:42:53 UTC,Wellington,2024-08-13 22:08:41 UTC,2024-08-13 22:08:53 UTC,casual,"",0,0,true,"Auckland, NZ",-36.8492783333,174.76941,8,,,8,open,false,,,新西兰贝壳杉,Agathis australis,Kauri,Plantae,121718
235617147,02f5ddf8-96f8-426a-9720-dbcaee7e6630,2024-08-13 17:46:59,2024-08-13,2024-08-13 05:46:59 UTC,Wellington,2024-08-13 22:08:56 UTC,2024-08-13 22:09:46 UTC,casual,"",0,0,true,"Auckland, NZ",-36.8505929924,174.7694262117,9,,,9,,false,gps,gps,新西兰牡荆,Vitex lucens,Pūriri,Plantae,338187
235639628,c45769c4-a240-49b8-9004-93830c009592,2024-08-14 12:52:21,2024-08-14,2024-08-14 00:52:21 UTC,Wellington,2024-08-14 00:52:45 UTC,2024-09-24 08:59:39 UTC,casual,"",2,0,true,"University of Auckland, Auckland CBD, Auckland 1010, New Zealand",-36.8531702,174.7712119,16,,,16,,false,,,painter's-palette,Anthurium andraeanum,painter's-palette,Plantae,69235
235775296,fcd8ba88-4ac6-4c7d-bfd6-8ce7639ef991,2024/08/13 7:55 AM,2024-08-13,2024-08-12 19:55:00 UTC,Wellington,2024-08-14 19:18:39 UTC,2024-08-14 19:20:04 UTC,casual,"",0,0,true,"Auckland CBD, Auckland 1010, New Zealand",-36.8492512184,174.7707873946,3,,,3,,false,,,Japanese Star Anise,Illicium anisatum,Japanese star anise,Plantae,447191
235776059,bb7d100a-1fd0-4bd2-88fb-28e7ebd59e98,2024/08/13 3:57 PM,2024-08-13,2024-08-13 03:57:00 UTC,Wellington,2024-08-14 19:22:46 UTC,2024-08-14 19:23:21 UTC,casual,"",0,0,true,"Auckland CBD, Auckland 1010, New Zealand",-36.8506707345,174.7712487849,2,,,2,,false,,,Black Bat Flower,Tacca chantrieri,Black bat flower,Plantae,343837
235833276,341bc188-e477-481e-8903-80b5cd0cf5d5,2024-08-14 16:20:01,2024-08-14,2024-08-14 04:20:01 UTC,Wellington,2024-08-15 01:47:40 UTC,2026-01-22 19:00:25 UTC,casual,"",1,0,true,"Auckland CBD, Auckland 1010, New Zealand",-36.8488127997,174.7706623997,,,,,,false,gps,gps,fishpole bamboo,Phyllostachys aurea,fishpole bamboo,Plantae,78563
236024190,54184b4a-393d-4ff6-aa31-f0c50063869d,2024-08-16 15:22:37+12:00,2024-08-16,2024-08-16 03:22:37 UTC,Wellington,2024-08-16 03:22:56 UTC,2024-08-16 05:15:06 UTC,research,"",2,0,false,"Maclaurin Chaplaincy, Auckland, Auckland, NZ",-36.8499520873,174.7701398971,35,,,35,open,false,,,Kawakawa,Piper excelsum,Kawakawa,Plantae,404899
236798282,17ca7a4a-2bc6-4c09-9e1b-ddb247b44c58,2024-08-20 09:32:32,2024-08-20,2024-08-19 21:32:32 UTC,Wellington,2024-08-19 21:33:26 UTC,2024-08-19 23:21:39 UTC,research,"",2,0,false,"Grafton, Auckland, New Zealand",-36.8552418,174.7676593,58,,,58,,false,,,tarata,Pittosporum eugenioides,Tarata,Plantae,200847
236836310,acec3d09-de55-4f4b-a795-9d539cdd0425,2024-08-20 12:54:32+12:00,2024-08-20,2024-08-20 00:54:32 UTC,Wellington,2024-08-20 01:59:23 UTC,2024-08-20 01:59:28 UTC,casual,"",0,0,true,"North Island / Te Ika-a-Māui, Auckland, Auckland, NZ",-36.8532325704,174.7691796101,105,,,105,,false,,,"",Magnolia,magnolias,Plantae,82096
236847618,bae93dea-4b14-457f-9927-5803b4f97653,2024-08-20 15:23:35+12:00,2024-08-20,2024-08-20 03:23:35 UTC,Wellington,2024-08-20 03:39:31 UTC,2024-08-20 04:40:35 UTC,research,"",1,0,false,"University of Auckland - City Campus, Auckland, Auckland, NZ",-36.8507083333,174.76947,11,,,11,,false,,,Pūriri,Vitex lucens,Pūriri,Plantae,338187
237000789,aef4d830-f575-4a52-99a9-2bd7b36d9a45,2024-08-14 14:13:00,2024-08-14,2024-08-14 02:13:00 UTC,Wellington,2024-08-20 22:21:42 UTC,2024-08-21 00:56:12 UTC,casual,"",1,0,true,"Auckland, NZ",-36.8501483333,174.7710016667,8,,,8,open,false,,,Kawakawa,Piper excelsum,Kawakawa,Plantae,404899
237000884,445ee8f4-9d07-4a40-9f42-56d7894be9b0,2024-08-14 14:27:59,2024-08-14,2024-08-14 02:27:59 UTC,Wellington,2024-08-20 22:22:14 UTC,2024-08-21 00:56:10 UTC,casual,"",2,0,true,"Auckland, NZ",-36.849272,174.771225,29,,,29,,false,,,Karaka,Corynocarpus laevigatus,Karaka,Plantae,160928
237000902,fb45ed9e-8a3a-4514-9e0f-0d6a0845040c,2024-08-14 14:28:47,2024-08-14,2024-08-14 02:28:47 UTC,Wellington,2024-08-20 22:22:21 UTC,2025-04-07 07:06:19 UTC,research,"",1,0,false,"Auckland, NZ",-36.849187,174.771174,29,,,29,,false,,,New Zealand cabbage tree,Cordyline australis,New Zealand cabbage tree,Plantae,50191
237002733,07eddfec-c14b-431f-a8e2-3b2ad56ed700,2024-08-14 14:38:03,2024-08-14,2024-08-14 02:38:03 UTC,Wellington,2024-08-20 22:34:26 UTC,2024-08-21 20:04:12 UTC,research,"",2,0,false,"Auckland, NZ",-36.849253,174.769429,35,,,35,,false,,,silver fern,Cyathea dealbata,silver fern,Plantae,131669
237002755,dfce21e5-887a-49bd-8d2b-3c3310bee4e0,2024-08-14 14:39:53,2024-08-14,2024-08-14 02:39:53 UTC,Wellington,2024-08-20 22:34:34 UTC,2024-08-20 23:01:31 UTC,research,"",1,0,false,"Auckland, NZ",-36.8493133333,174.7699183333,9,,,9,open,false,,,Kawakawa,Piper excelsum,Kawakawa,Plantae,404899
237009810,c206b9cf-edd9-4be4-9cb7-3842b28f5547,2024-08-21 11:20:49+12:00,2024-08-21,2024-08-20 23:20:49 UTC,Wellington,2024-08-20 23:23:03 UTC,2024-09-09 19:52:39 UTC,research,"",2,0,false,"Auckland, New Zealand",-36.854652,174.769269,5,,,5,,false,,,Bonfire Liverwort,Marchantia berteroana,Bonfire Liverwort,Plantae,327478
237025939,c964aadd-54f2-4dce-8d90-87e11e4057b6,2024-08-21 11:26:52+12:00,2024-08-21,2024-08-20 23:26:52 UTC,Wellington,2024-08-21 01:13:40 UTC,2024-08-25 18:06:21 UTC,research,"",1,0,false,"Auckland, New Zealand",-36.854284,174.769971,5,,,5,,false,,,Mistflower,Ageratina riparia,Mistflower,Plantae,158112
237573029,248edcf3-8e5f-4911-b582-45e7223a8182,2024-08-22 15:31:28,2024-08-22,2024-08-22 03:31:28 UTC,Wellington,2024-08-24 02:58:23 UTC,2024-08-24 02:58:37 UTC,casual,"",0,0,true,"Auckland CBD, Auckland 1010, New Zealand",-36.8507419722,174.7707479722,,,,,,false,gps,gps,Mikoikoi,Libertia ixioides,Mikoikoi,Plantae,403457
238291644,c59e4db6-d8e7-40d8-9ba1-32d509bf78b6,2024/08/27 11:14 AM,2024-08-27,2024-08-26 23:14:00 UTC,Wellington,2024-08-27 19:02:05 UTC,2024-08-27 19:03:04 UTC,casual,"",0,0,true,"Auckland CBD, Auckland 1010, New Zealand",-36.8512254563,174.7708535891,8,,,8,,false,,,Crimson Rātā,Metrosideros carminea,crimson rātā,Plantae,403885
239338005,b1c241bf-f666-4bc4-bb07-4e0c7f48e47f,2024-09-02 17:11:28+12:00,2024-09-02,2024-09-02 05:11:28 UTC,Wellington,2024-09-02 05:17:01 UTC,2024-09-02 05:34:24 UTC,research,"",1,0,false,"University of Auckland - City Campus, Auckland, Auckland, NZ",-36.8513416667,174.7707533333,31,,,31,open,false,,,Tōtara,Podocarpus totara,Tōtara,Plantae,85275
239350544,01137017-fa64-433e-86fc-9168f0055324,2024-09-02 18:27:46+12:00,2024-09-02,2024-09-02 06:27:46 UTC,Wellington,2024-09-02 07:45:30 UTC,2024-12-01 08:18:52 UTC,research,"",1,0,false,"University of Auckland - City Campus, Auckland, Auckland, NZ",-36.850845,174.7689966667,17,,,17,,false,,,Dwarf striped umbrella sedge,Cyperus albostriatus,Dwarf striped umbrella sedge,Plantae,401230
239350599,fb4643af-9fbf-4cb5-a623-e9e309c6030f,2024-09-02 18:27:53+12:00,2024-09-02,2024-09-02 06:27:53 UTC,Wellington,2024-09-02 07:46:23 UTC,2024-09-02 08:17:01 UTC,casual,"",0,0,true,"University of Auckland - City Campus, Auckland, Auckland, NZ",-36.8508716667,174.76898,11,,,11,,false,,,"",Ficus pumila,Climbing fig,Plantae,162972
239364808,132a4b29-fd3e-4f2a-b6d5-9708f2d3921e,2024-09-02 18:22:18+12:00,2024-09-02,2024-09-02 06:22:18 UTC,Wellington,2024-09-02 10:36:03 UTC,2024-09-02 22:18:56 UTC,research,"",1,0,false,"University of Auckland - City Campus, Auckland, Auckland, NZ",-36.85037,174.7690416667,9,,,9,,false,,,Koromiko,Veronica stricta,Koromiko,Plantae,738800
239488839,fb1a1361-3a8a-40e0-93f8-a02ce6ee1e15,2024/09/03 7:56 AM,2024-09-03,2024-09-02 19:56:00 UTC,Wellington,2024-09-02 21:38:21 UTC,2024-09-02 23:20:18 UTC,casual,"",1,0,true,"Auckland CBD, Auckland 1010, New Zealand",-36.8506275131,174.770791005,4,,,4,,false,,,Tall Mingimingi,Leucopogon fasciculatus,Mingimingi,Plantae,409552
239840537,33dcdb77-567c-44bd-bf1f-df604f9f2d86,2024/09/04 8:39 AM,2024-09-04,2024-09-03 20:39:00 UTC,Wellington,2024-09-04 19:00:36 UTC,2025-02-16 00:25:17 UTC,casual,"",0,0,true,"Auckland CBD, Auckland 1010, New Zealand",-36.8502030018,174.7705248697,4,,,4,open,false,,,Pittosporum roimata,Pittosporum cornifolium,Tāwhirikaro,Plantae,407617
239851806,f5ca1a83-51c9-4822-8e1e-08ff8dfd54d0,2024-09-05 07:58:41+12:00,2024-09-05,2024-09-04 19:58:41 UTC,Wellington,2024-09-04 20:05:21 UTC,2024-09-14 04:49:31 UTC,needs_id,"",1,0,false,"Auckland, NZ",-36.8528168556,174.7713702267,23,,,23,,false,,,鐵心木屬,Metrosideros,Rātā and allies,Plantae,60448
240502301,d4564d3b-230b-48a9-9afc-57d955638a85,2024-09-04 17:35:13+12:00,2024-09-04,2024-09-04 05:35:13 UTC,Wellington,2024-09-08 09:06:52 UTC,2024-09-15 20:29:13 UTC,casual,"",1,0,true,"University of Auckland - City Campus, Auckland, Auckland, NZ",-36.8512533333,174.7707666667,4,,,4,,false,,,crimson rātā,Metrosideros carminea,crimson rātā,Plantae,403885
240991368,b55424d5-574e-4c1b-9f5b-dd395afb0985,2024/09/10 9:32 AM,2024-09-10,2024-09-09 21:32:00 UTC,Wellington,2024-09-10 19:58:44 UTC,2024-09-10 20:01:41 UTC,casual,"",0,0,true,"Auckland CBD, Auckland 1010, New Zealand",-36.849005,174.770788,6,,,6,,false,,,Japanese Cedar,Cryptomeria japonica,Japanese cedar,Plantae,71147
241167093,65fdae65-86c8-4ff5-973b-eed216c6e2e3,2024/09/11 4:19 PM,2024-09-11,2024-09-11 04:19:00 UTC,Wellington,2024-09-11 20:15:51 UTC,2024-09-11 20:16:30 UTC,casual,"",0,0,true,"Auckland CBD, Auckland 1010, New Zealand",-36.8500626908,174.7713468904,4,,,4,open,false,,,Candlenut,Aleurites moluccanus,Candlenut,Plantae,370011
241385649,c342cab5-4963-409a-8fe6-5d3a3d2bd4e2,2024-09-13 12:58:48+12:00,2024-09-13,2024-09-13 00:58:48 UTC,Wellington,2024-09-13 01:09:07 UTC,2024-09-13 01:12:02 UTC,casual,"",0,0,true,"University of Auckland - City Campus, Auckland, Auckland, NZ",-36.850395,174.7690583333,13,,,13,,false,,,"",Veronica ligustrifolia,,Plantae,738692
241406888,ed57012b-5072-45a1-86af-f3e9ae37259f,2024-09-13 16:33:07+12:00,2024-09-13,2024-09-13 04:33:07 UTC,Wellington,2024-09-13 04:33:52 UTC,2024-12-09 12:59:01 UTC,research,"",2,0,false,"University of Auckland - City Campus, Auckland, Auckland, NZ",-36.8502113893,174.7704881176,4,,,4,open,false,,,Pittosporum cornifolium,Pittosporum cornifolium,Tāwhirikaro,Plantae,407617
241407145,0f7f66d3-a64f-46b3-867e-83106311b169,2024-09-13 16:33:47+12:00,2024-09-13,2024-09-13 04:33:47 UTC,Wellington,2024-09-13 04:37:11 UTC,2024-12-09 12:58:42 UTC,research,"",1,0,false,"University of Auckland - City Campus, Auckland, Auckland, NZ",-36.850235246,174.7705458689,4,,,4,open,false,,,Coprosma macrocarpa,Coprosma macrocarpa,,Plantae,401033
241407810,91f092b3-5744-479b-8fb7-169b9a3864cf,2024-09-13 16:43:39+12:00,2024-09-13,2024-09-13 04:43:39 UTC,Wellington,2024-09-13 04:44:01 UTC,2025-04-08 01:23:17 UTC,research,"",1,0,false,"Maclaurin Chaplaincy, Auckland, Auckland, NZ",-36.8486233002,174.7698756801,4,,,4,,false,,,Coprosma repens,Coprosma repens,Taupata,Plantae,76435
241590956,c6e4117c-c8ab-40e3-93ad-a7cb8199f257,2024-09-14 14:09:41,2024-09-14,2024-09-14 02:09:41 UTC,Wellington,2024-09-14 05:02:53 UTC,2025-10-27 05:22:59 UTC,research,"",2,0,false,"University of Auckland, Auckland CBD, Auckland 1010, New Zealand",-36.8522632997,174.7706766,,,,,,false,gps,gps,Snow Poppy,Eomecon chionantha,Snow Poppy,Plantae,401662
241591112,48921e1a-3bb3-46d6-a515-0e50faa50a81,2024-09-14 14:17:24,2024-09-14,2024-09-14 02:17:24 UTC,Wellington,2024-09-14 05:05:04 UTC,2024-09-15 20:18:44 UTC,casual,"",1,0,true,"Waterloo Quadrant, Auckland CBD, Auckland 1010, New Zealand",-36.8510780278,174.7715148889,,,,,,false,gps,gps,Creeping Fuchsia,Fuchsia procumbens,Creeping Fuchsia,Plantae,409836
241627441,80877442-d21e-45a7-a0f0-222dd786ce12,2024-09-13 17:15:00+12:00,2024-09-13,2024-09-13 05:15:00 UTC,Wellington,2024-09-14 12:28:15 UTC,2024-09-14 21:03:09 UTC,research,"",2,0,false,"Te Ika-a-Māui / North Island, Auckland, Auckland, NZ",-36.85245,174.7706916667,4,,,4,,false,,,mophead hydrangea,Hydrangea macrophylla,mophead hydrangea,Plantae,122034
241627482,644ee6b2-696c-42d1-9582-6317e9f646ab,2024-09-13 17:15:29+12:00,2024-09-13,2024-09-13 05:15:29 UTC,Wellington,2024-09-14 12:28:33 UTC,2025-03-05 03:39:07 UTC,research,"",1,0,false,"Te Ika-a-Māui / North Island, Auckland, Auckland, NZ",-36.852245,174.770645,4,,,4,open,false,,,Kawakawa,Piper excelsum,Kawakawa,Plantae,404899
241627541,a85c06af-7d49-401e-8879-b2205daafde7,2024-09-13 17:15:23+12:00,2024-09-13,2024-09-13 05:15:23 UTC,Wellington,2024-09-14 12:29:14 UTC,2025-10-18 12:57:04 UTC,needs_id,"",3,1,false,"Te Ika-a-Māui / North Island, Auckland, Auckland, NZ",-36.852295,174.7706616667,4,,,4,open,false,,,dicots [paraphyletic],Magnoliopsida,dicots [paraphyletic],Plantae,47124
241958964,4c160142-d707-4db4-9ed3-f47feda7d00c,2024/09/16 7:59 AM,2024-09-16,2024-09-15 19:59:00 UTC,Wellington,2024-09-15 21:00:50 UTC,2024-09-15 21:00:50 UTC,casual,"",0,0,true,"Auckland CBD, Auckland 1010, New Zealand",-36.8498436603,174.7710345326,4,,,4,,false,,,Jack-in-the-Pulpits,Arisaema triphyllum,Jack-in-the-Pulpits,Plantae,1441600
241959648,4a7c491d-4547-44ca-95d7-eb3c8c52304e,2024/09/16 7:57 AM,2024-09-16,2024-09-15 19:57:00 UTC,Wellington,2024-09-15 21:04:15 UTC,2024-09-15 21:05:08 UTC,casual,"",0,0,true,"Auckland CBD, Auckland 1010, New Zealand",-36.8494608524,174.7711281441,8,,,8,open,false,,,Sacred Fig,Ficus religiosa,Sacred fig,Plantae,127514
242581085,75426864-86e9-4690-86c6-91f9bfd427ad,2024-09-19 11:07:05+12:00,2024-09-19,2024-09-18 23:07:05 UTC,Wellington,2024-09-18 23:08:27 UTC,2025-01-14 22:05:21 UTC,needs_id,"",0,0,false,"North Island / Te Ika-a-Māui, Auckland, Auckland, NZ",-36.8524366667,174.76967,35,,,35,,false,,,"",Racomitrium crispulum,,Plantae,273660
242727712,ac110fa4-f132-400d-8027-faabcbad7608,2024/09/19 10:16 AM,2024-09-19,2024-09-18 22:16:00 UTC,Wellington,2024-09-19 18:52:39 UTC,2026-04-15 05:20:39 UTC,casual,"",1,0,true,"Auckland CBD, Auckland 1010, New Zealand",-36.8506662406,174.7712512713,4,,,4,,false,,,Japanese cobra lily,Arisaema ringens,Japanese cobra lily,Plantae,416184
243863901,e08b5045-99ee-4d55-b5ff-25bc3c3fea12,2024/09/24 2:40 PM,2024-09-24,2024-09-24 02:40:00 UTC,Wellington,2024-09-24 21:13:01 UTC,2024-09-24 21:13:57 UTC,casual,"",0,0,true,"Auckland CBD, Auckland 1010, New Zealand",-36.8504520583,174.7694740103,4,,,4,open,false,,,Five Finger,Pseudopanax arboreus,five finger,Plantae,126181
243921874,f30ff71d-7841-4ea9-86f9-e4e45702793b,2024-09-25 17:14:47+12:00,2024-09-25,2024-09-25 05:14:47 UTC,Wellington,2024-09-25 05:16:33 UTC,2024-09-28 07:20:52 UTC,casual,"",1,0,true,"University of Auckland - City Campus, Auckland, Auckland, NZ",-36.8499491613,174.7707089475,22,,,22,,false,,,Norfolk Island Pine,Araucaria heterophylla,Norfolk Island Pine,Plantae,127890
243923583,3b4c912c-b695-4350-adf2-f15c2deccde1,2024-09-25 17:38:08,2024-09-25,2024-09-25 05:38:08 UTC,Wellington,2024-09-25 05:38:52 UTC,2025-03-27 23:41:09 UTC,casual,"",2,0,true,"Alfred Street, Auckland CBD, Auckland 1010, New Zealand",-36.85121557,174.76882364,7,,,7,,false,,,fuchsias,Fuchsia austromontana,,Plantae,1043780
244020166,662d0727-1721-4deb-851c-1c8be8374c3d,2024/09/24 2:37 PM,2024-09-24,2024-09-24 02:37:00 UTC,Wellington,2024-09-25 19:15:30 UTC,2024-09-25 21:40:53 UTC,casual,"",2,0,true,"Auckland CBD, Auckland 1010, New Zealand",-36.8503998814,174.769752017,4,,,4,,false,,,Corokia × virgata,Corokia × virgata,,Plantae,410710
244942654,42b2603e-aebe-4be2-a447-a09406c02bee,2024/09/30 4:12 PM,2024-09-30,2024-09-30 03:12:00 UTC,Wellington,2024-09-30 18:29:13 UTC,2026-02-19 06:21:59 UTC,casual,"",1,0,true,"Auckland CBD, Auckland 1010, New Zealand",-36.8510097146,174.7723841914,4,,,4,,false,,,Gymea Lily,Doryanthes excelsa,Gymea Lily,Plantae,338334
245477309,0616345f-fded-46ea-8e6b-fc566ed8fb0b,2024-10-04 10:53:31,2024-10-04,2024-10-03 21:53:31 UTC,Wellington,2024-10-03 21:55:35 UTC,2024-10-03 23:58:35 UTC,research,"",1,0,false,"Waterloo Quadrant, Auckland CBD, Auckland 1010, New Zealand",-36.850655,174.771515,8,,,8,,false,,,kidney weed,Dichondra repens,kidney weed,Plantae,161824
245477491,b49389c4-8cec-4194-933f-826ea680745a,2024-10-04 10:55:42,2024-10-04,2024-10-03 21:55:42 UTC,Wellington,2024-10-03 21:57:12 UTC,2024-10-05 02:26:22 UTC,research,"",2,0,false,"Auckland, NZ",-36.8506233333,174.7715033333,5,,,5,,false,,,Hairy Pennywort,Hydrocotyle moschata,Hairy Pennywort,Plantae,163873
245477532,8ca32f8e-e424-491e-9ef0-73a2a923cb09,2024-10-04 10:56:59,2024-10-04,2024-10-03 21:56:59 UTC,Wellington,2024-10-03 21:57:31 UTC,2024-10-03 23:58:09 UTC,research,"",1,0,false,"Waterloo Quadrant, Auckland CBD, Auckland 1010, New Zealand",-36.8506783333,174.7714616667,5,,,5,open,false,,,common selfheal,Prunella vulgaris,self heal,Plantae,52764
245477878,df7132cf-60df-4186-8ca7-9ab1e3cbab70,2024-10-04 10:58:50,2024-10-04,2024-10-03 21:58:50 UTC,Wellington,2024-10-03 22:00:24 UTC,2024-10-05 01:28:21 UTC,research,"",3,0,false,"Waterloo Quadrant, Auckland CBD, Auckland 1010, New Zealand",-36.8507716667,174.7713883333,5,,,5,,false,,,Slender pennywort,Hydrocotyle tripartita,Slender pennywort,Plantae,402603
245491848,a3e6ceab-79c7-49ad-8aaa-d20454b0dbd4,2024-10-04 12:49:17,2024-10-04,2024-10-03 23:49:17 UTC,Wellington,2024-10-03 23:51:39 UTC,2024-10-04 01:24:24 UTC,casual,"",1,0,true,"Waterloo Quadrant, Auckland CBD, Auckland 1010, New Zealand",-36.8510133333,174.772255,8,,,8,,false,,,Giant spear lily,Doryanthes palmeri,Giant spear lily,Plantae,410788
246259242,7f892f0d-739b-4689-892e-548660eb18fa,2024-10-08 14:54:49,2024-10-08,2024-10-08 01:54:49 UTC,Wellington,2024-10-08 01:57:10 UTC,2024-10-09 06:49:55 UTC,research,"",2,0,false,"Auckland, NZ",-36.8512806132,174.7722079977,12,,,12,,false,gps,gps,Shaking Brake,Pteris tremula,Shaking Brake,Plantae,78778
246391045,931ea0f6-0b39-4b9d-9d36-3975d15c27e6,2024-10-09 11:47:20,2024-10-09,2024-10-08 22:47:20 UTC,Wellington,2024-10-08 22:48:45 UTC,2025-03-27 23:41:09 UTC,research,"",2,0,false,"Auckland, NZ",-36.849706025,174.7693048418,121,,,121,,false,gps,gps,Koromiko,Veronica stricta,Koromiko,Plantae,738800
246565869,45ffad4c-b65e-428c-aced-b0ac55878e25,2024/10/09 7:57 AM,2024-10-09,2024-10-08 18:57:00 UTC,Wellington,2024-10-10 01:58:10 UTC,2024-10-10 16:33:06 UTC,casual,"",1,0,true,"Auckland CBD, Auckland 1010, New Zealand",-36.8495862522,174.7696045615,4,,,4,,false,,,dawn redwood,Metasequoia glyptostroboides,dawn redwood,Plantae,69150
247253773,1686b5b0-56f0-4454-82c1-9a56a3fc7c4e,2024-10-14 16:43:02,2024-10-14,2024-10-14 03:43:02 UTC,Wellington,2024-10-14 03:45:55 UTC,2024-10-14 03:46:31 UTC,needs_id,"",0,0,false,"Auckland CBD, Auckland 1010, New Zealand",-36.8540297,174.7696472,79,,,79,,false,,,virginia creepers,Parthenocissus,Virginia Creepers,Plantae,50280
247534922,3088807d-ba8e-4033-b334-ef5528c4e693,2024-10-12 17:27:23,2024-10-12,2024-10-12 04:27:23 UTC,Wellington,2024-10-15 21:45:14 UTC,2025-03-27 23:41:09 UTC,casual,"",0,0,true,"Auckland CBD, Auckland 1010, New Zealand",-36.8497698784,174.7698630765,91,,,91,,false,gps,gps,Korokio,Corokia buddleioides,Korokio,Plantae,184015
247826813,540297ed-81c0-441d-a790-ec601b732383,2024-10-18 11:03:16,2024-10-18,2024-10-17 22:03:16 UTC,Wellington,2024-10-17 22:03:49 UTC,2025-04-06 03:23:40 UTC,research,"",1,0,false,"Auckland CBD, Auckland 1010, New Zealand",-36.85111345,174.77089502,9,,,9,open,false,,,Perching kohukohu,Pittosporum cornifolium,Tāwhirikaro,Plantae,407617
247828157,8922fd45-0916-4878-9ac0-d70a7bb02ebd,2024-10-18 11:10:11,2024-10-18,2024-10-17 22:10:11 UTC,Wellington,2024-10-17 22:16:22 UTC,2024-10-17 22:16:35 UTC,casual,"",0,0,true,"Auckland CBD, Auckland 1010, New Zealand",-36.85094424,174.77076934,6,,,6,open,false,,,Pittosporum huttonianum,Pittosporum huttonianum,Hutton’s Kōhūhū,Plantae,404920
247828369,de51cc1f-8d8d-44e8-8347-393c59fa782c,2024-10-18 11:16:21,2024-10-18,2024-10-17 22:16:21 UTC,Wellington,2024-10-17 22:18:26 UTC,2024-10-17 22:18:49 UTC,casual,"",0,0,true,"Auckland CBD, Auckland 1010, New Zealand",-36.85060129,174.77073919,8,,,8,open,false,,,Pittosporum pimeleoides,Pittosporum pimeleoides,,Plantae,404915
247958128,07a5520d-f9b1-4f3f-87ca-833a331d45b6,2024/10/14 9:45 AM,2024-10-14,2024-10-13 20:45:00 UTC,Wellington,2024-10-18 19:52:57 UTC,2024-10-18 19:54:11 UTC,casual,"",0,0,true,"Auckland CBD, Auckland 1010, New Zealand",-36.8487905685,174.7704415879,5,,,5,open,false,,,Water Oak,Quercus nigra,water oak,Plantae,53640
248383799,c3be4657-2ab3-4c44-87ad-c0735c18da52,2024-10-18 11:16:47,2024-10-18,2024-10-17 22:16:47 UTC,Wellington,2024-10-21 01:49:37 UTC,2025-04-06 19:19:08 UTC,research,"",1,0,false,"Waterloo Quadrant, Auckland CBD, Auckland 1010, New Zealand",-36.8505707245,174.770780392,4,,,4,,false,gps,gps,mophead hydrangea,Hydrangea macrophylla,mophead hydrangea,Plantae,122034
248773535,e130f445-9612-4dc6-a14a-4337531104dd,2024/10/23 9:44 AM,2024-10-23,2024-10-22 20:44:00 UTC,Wellington,2024-10-23 18:05:16 UTC,2024-10-24 19:07:43 UTC,casual,"",0,0,true,"Auckland CBD, Auckland 1010, New Zealand",-36.8503321203,174.7699180834,2,,,2,,false,,,Rasp fern,Blechnum parrisiae,common rasp fern,Plantae,446744
248774208,3ff43d6b-4f26-457d-ad0c-343b5806e35a,2024/10/23 9:46 AM,2024-10-23,2024-10-22 20:46:00 UTC,Wellington,2024-10-23 18:10:10 UTC,2024-10-23 19:26:09 UTC,casual,"",0,0,true,"Auckland CBD, Auckland 1010, New Zealand",-36.8502170707,174.769833472,4,,,4,,false,,,Poataniwha,Melicope simplex,Poataniwha,Plantae,366690
248852083,459711ef-fa10-4d35-9451-8435439717f5,2023-04-06 15:30:49,2023-04-06,2023-04-06 03:30:49 UTC,Wellington,2024-10-24 07:01:37 UTC,2024-10-24 07:58:00 UTC,needs_id,"",0,0,false,"Auckland CBD, Auckland, New Zealand",-36.8508971,174.7705012,20,,,20,,false,,,,Cupressoideae,"Cypresses, Cedars, Junipers, and Allies",Plantae,1150915
249530141,fec4b325-fcce-4b48-9b24-3c04b25554a5,2024/10/29 7:20 AM,2024-10-29,2024-10-28 18:20:00 UTC,Wellington,2024-10-28 18:42:20 UTC,2024-10-28 18:43:12 UTC,casual,"",0,0,true,"Auckland CBD, Auckland 1010, New Zealand",-36.8510081953,174.7710542528,15,,,15,open,false,,,Rohutu,Lophomyrtus obcordata,Rohutu,Plantae,411137
249907203,ea96b636-b956-4c68-be1b-875f8964143c,2024/10/30 4:10 PM,2024-10-30,2024-10-30 03:10:00 UTC,Wellington,2024-10-31 17:26:48 UTC,2024-10-31 17:27:57 UTC,casual,"",0,0,true,"Auckland CBD, Auckland 1010, New Zealand",-36.8492420773,174.7696717536,3,,,3,,false,,,Callicoma,Callicoma serratifolia,Callicoma,Plantae,321039
249995582,318c006c-8b27-4a55-ac6b-6a0ffee1630c,2024-10-30 15:30:06,2024-10-30,2024-10-30 02:30:06 UTC,Wellington,2024-11-01 12:20:06 UTC,2025-03-27 23:41:09 UTC,casual,"",0,0,true,"Auckland CBD, Auckland 1010, New Zealand",-36.8499590237,174.7701668367,40,,,40,,false,,,hydrangeas,Hydrangea,hydrangeas,Plantae,83157
250589019,e2603995-fb37-4dcf-8e6c-8fadff8451a1,2024/11/05 4:08 PM,2024-11-05,2024-11-05 03:08:00 UTC,Wellington,2024-11-05 18:41:28 UTC,2025-04-09 12:42:01 UTC,research,"",1,0,false,"Auckland CBD, Auckland 1010, New Zealand",-36.8496963373,174.7714320549,8,,,8,,false,,,Whau,Entelea arborescens,Whau,Plantae,343580
250589347,7c7872c8-1f62-49d5-986f-ad8747a94173,2024/11/05 4:10 PM,2024-11-05,2024-11-05 03:10:00 UTC,Wellington,2024-11-05 18:44:34 UTC,2024-11-05 18:45:12 UTC,casual,"",0,0,true,"Auckland CBD, Auckland 1010, New Zealand",-36.8494784756,174.7711622567,8,,,8,,false,,,Chinese Happy Tree,Camptotheca acuminata,Chinese happy tree,Plantae,135426
250869952,96833ecf-7e4e-4308-a3f7-835176c6926e,2024-11-08 09:13:51+13:00,2024-11-08,2024-11-07 20:13:51 UTC,Wellington,2024-11-08 04:02:19 UTC,2025-04-10 23:31:30 UTC,research,"",1,0,false,"North Island / Te Ika-a-Māui, Auckland, Auckland, NZ",-36.8511866667,174.7732383333,11,,,11,,false,,,Bear's breeches,Acanthus mollis,Bear's breeches,Plantae,70045
250869995,32003ec7-f2ce-41bb-9607-3df875e82f09,2024-11-08 09:08:16+13:00,2024-11-08,2024-11-07 20:08:16 UTC,Wellington,2024-11-08 04:03:23 UTC,2025-04-10 23:31:32 UTC,research,"",1,0,false,"North Island / Te Ika-a-Māui, Auckland, Auckland, NZ",-36.8522866667,174.7727666667,4,,,4,,false,,,garden nasturtium,Tropaeolum majus,garden nasturtium,Plantae,54329
250870011,3971a443-10bd-4706-bf59-afa1f264614d,2024-11-08 09:08:41+13:00,2024-11-08,2024-11-07 20:08:41 UTC,Wellington,2024-11-08 04:03:42 UTC,2025-04-10 23:31:33 UTC,research,"",1,0,false,"North Island / Te Ika-a-Māui, Auckland, Auckland, NZ",-36.8523116667,174.7728283333,4,,,4,,false,,,oceanblue morning glory,Ipomoea indica,blue morning glory,Plantae,77496
250870055,d9573281-1058-4eb4-b944-29c5b3d4eb41,2024-11-08 09:08:48+13:00,2024-11-08,2024-11-07 20:08:48 UTC,Wellington,2024-11-08 04:04:08 UTC,2025-04-10 23:31:35 UTC,research,"",1,0,false,"North Island / Te Ika-a-Māui, Auckland, Auckland, NZ",-36.852325,174.7728116667,4,,,4,open,false,,,tree privet,Ligustrum lucidum,tree privet,Plantae,77740
250870148,3049442e-2ecc-4cb7-b598-044716b6c327,2024-11-08 09:09:09+13:00,2024-11-08,2024-11-07 20:09:09 UTC,Wellington,2024-11-08 04:05:40 UTC,2025-04-10 23:31:40 UTC,research,"",1,0,false,"North Island / Te Ika-a-Māui, Auckland, Auckland, NZ",-36.8523366667,174.7728416667,4,,,4,,false,,,Kahili ginger,Hedychium gardnerianum,Kahili ginger,Plantae,52495
251093839,554e8f11-ae57-4298-be81-4a96d399f3ee,2024-11-10 12:05:54+13:00,2024-11-10,2024-11-09 23:05:54 UTC,Wellington,2024-11-09 23:07:07 UTC,2024-11-10 06:08:10 UTC,research,"",1,0,false,"University of Auckland - City Campus, Auckland, Auckland, NZ",-36.849853356,174.7694196301,14,,,14,open,false,,,Kawakawa,Piper excelsum excelsum,Kawakawa,Plantae,466004
251093877,6af8f046-d4d6-482e-9489-de61888be666,2024-11-10 12:06:35+13:00,2024-11-10,2024-11-09 23:06:35 UTC,Wellington,2024-11-09 23:07:33 UTC,2025-03-05 03:33:59 UTC,research,"",1,0,false,"University of Auckland - City Campus, Auckland, Auckland, NZ",-36.8498392264,174.7693783749,14,,,14,open,false,,,Kawakawa,Piper excelsum,Kawakawa,Plantae,404899
252515154,2c5e2652-085e-47b4-b181-9b8b26cc92e0,2024/11/18 3:03 PM,2024-11-18,2024-11-18 02:03:00 UTC,Wellington,2024-11-21 17:54:21 UTC,2024-11-23 17:10:30 UTC,casual,"",0,0,true,"Auckland CBD, Auckland 1010, New Zealand",-36.8500809578,174.7698268134,3,,,3,open,false,,,common yew,Taxus baccata,common yew,Plantae,47553
253829530,6e8c2d14-46a9-41b5-b9df-82e0fc72df4f,2024-12-02 12:36:47,2024-12-02,2024-12-01 23:36:47 UTC,Wellington,2024-12-02 02:36:13 UTC,2026-04-13 01:17:53 UTC,research,"",2,0,false,"Auckland CBD, Auckland 1010, New Zealand",-36.8515674,174.7709876,,,,,,false,gps,gps,Maikaika,Microtis unifolia,Maikaika,Plantae,353958
253962150,79562855-976a-44b0-bc90-06fff98f9b52,2024-12-03 14:43:47+13:00,2024-12-03,2024-12-03 01:43:47 UTC,Wellington,2024-12-03 03:32:32 UTC,2024-12-03 03:34:07 UTC,casual,"",0,0,true,"North Island / Te Ika-a-Māui, Auckland, Auckland, NZ",-36.8539283333,174.7685383333,19,,,19,,false,,,Pōhutukawa,Metrosideros excelsa,Pōhutukawa,Plantae,122905
253963433,7e9db339-c379-4bc9-b58e-60b7932a07bc,2024-12-03 12:12:25+13:00,2024-12-03,2024-12-02 23:12:25 UTC,Wellington,2024-12-03 03:48:51 UTC,2024-12-03 03:49:08 UTC,casual,"",0,0,true,"North Island / Te Ika-a-Māui, Auckland, Auckland, NZ",-36.8532033333,174.7719116667,5,,,5,,false,,,"",Metrosideros excelsa,Pōhutukawa,Plantae,122905
254863381,65173768-de92-45bf-928a-93c9ade25fe7,2024-06-13 13:35:32+12:00,2024-06-13,2024-06-13 01:35:32 UTC,Wellington,2024-12-12 02:16:41 UTC,2024-12-20 07:29:13 UTC,casual,"",1,0,true,"University of Auckland - City Campus, Auckland, Auckland, NZ",-36.8503791304,174.7718676494,35,,,35,,false,,,Christmas cacti,Schlumbergera × buckleyi,Christmas Cactus,Plantae,1596733
254953640,84a19eb2-8c8d-4632-97ee-eefa35c92907,2024/12/12 1:27 PM,2024-12-12,2024-12-12 00:27:00 UTC,Wellington,2024-12-13 02:56:59 UTC,2024-12-13 19:30:34 UTC,casual,"",0,0,true,"Auckland CBD, Auckland 1010, New Zealand",-36.8504278662,174.770881622,4,,,4,open,false,,,blue jacaranda,Jacaranda mimosifolia,blue jacaranda,Plantae,77541
254954605,bbc80587-0434-413f-a937-abe3feb98154,2024/12/12 3:13 PM,2024-12-12,2024-12-12 02:13:00 UTC,Wellington,2024-12-13 03:10:17 UTC,2024-12-13 03:11:08 UTC,casual,"",0,0,true,"Auckland CBD, Auckland 1010, New Zealand",-36.8502114473,174.7698406684,4,,,4,,false,,,Beaumontia,Beaumontia,,Plantae,344283
255470537,9ff456b0-c5aa-4dca-8c00-6af05799d5d9,2024-12-10 14:42:21,2024-12-10,2024-12-10 01:42:21 UTC,Wellington,2024-12-18 05:08:09 UTC,2024-12-18 05:08:29 UTC,casual,"",0,0,true,"Waterloo Quadrant, Auckland CBD, Auckland 1010, New Zealand",-36.8509645713,174.7724758834,31,,,31,,false,gps,gps,Mallows,Malva,Mallows,Plantae,55978
255470550,b248a28b-c455-439a-8ab8-6eaaf0b7dc22,2024-12-10 14:41:19,2024-12-10,2024-12-10 01:41:19 UTC,Wellington,2024-12-18 05:08:31 UTC,2024-12-18 05:08:46 UTC,casual,"",0,0,true,"Waterloo Quadrant, Auckland CBD, Auckland 1010, New Zealand",-36.8509645713,174.7724758834,31,,,31,,false,gps,gps,Leucanthemum,Leucanthemum,Oxeye Daisies,Plantae,56058
255470561,92a05aa0-1144-4b8d-bc9d-31717a96ae60,2024-12-10 14:40:43,2024-12-10,2024-12-10 01:40:43 UTC,Wellington,2024-12-18 05:08:54 UTC,2024-12-18 05:09:10 UTC,casual,"",0,0,true,"Waterloo Quadrant, Auckland CBD, Auckland 1010, New Zealand",-36.8509645713,174.7724758834,31,,,31,,false,gps,gps,Sages,Salvia,Sages,Plantae,50644
255470576,dcb68baa-5760-4b08-b7e0-fc36589564a7,2024-12-10 14:39:22,2024-12-10,2024-12-10 01:39:22 UTC,Wellington,2024-12-18 05:09:19 UTC,2024-12-18 05:09:40 UTC,casual,"",0,0,true,"Waterloo Quadrant, Auckland CBD, Auckland 1010, New Zealand",-36.8509645713,174.7724758834,31,,,31,open,false,gps,gps,Soap-bark tree,Quillaja saponaria,Soap-bark tree,Plantae,181934
255470586,54d3f4e4-0b22-49f1-a010-afd26e11b387,2024-12-10 14:40:19,2024-12-10,2024-12-10 01:40:19 UTC,Wellington,2024-12-18 05:09:41 UTC,2024-12-18 05:09:52 UTC,casual,"",0,0,true,"Waterloo Quadrant, Auckland CBD, Auckland 1010, New Zealand",-36.8509645713,174.7724758834,31,,,31,,false,gps,gps,dicots [paraphyletic],Magnoliopsida,dicots [paraphyletic],Plantae,47124
255470607,a43bde40-27c9-4208-986e-953cda5f7b51,2024-12-10 14:43:02,2024-12-10,2024-12-10 01:43:02 UTC,Wellington,2024-12-18 05:10:06 UTC,2024-12-28 08:46:59 UTC,casual,"",0,0,true,"Waterloo Quadrant, Auckland CBD, Auckland 1010, New Zealand",-36.8509645713,174.7724758834,31,,,31,,false,gps,gps,chrysanthemums,Chrysanthemum,chrysanthemums,Plantae,53808
255470611,c2734373-2014-436e-9161-ee2e9cda9188,2024-12-10 14:44:33,2024-12-10,2024-12-10 01:44:33 UTC,Wellington,2024-12-18 05:10:20 UTC,2024-12-18 05:10:26 UTC,casual,"",0,0,true,"Waterloo Quadrant, Auckland CBD, Auckland 1010, New Zealand",-36.8509645713,174.7724758834,31,,,31,,false,gps,gps,dicots [paraphyletic],Magnoliopsida,dicots [paraphyletic],Plantae,47124
255553756,31ce7b29-6467-4d71-9b86-6467114b3778,2024/12/19 11:19 AM,2024-12-19,2024-12-18 22:19:00 UTC,Wellington,2024-12-19 02:52:23 UTC,2025-01-15 16:29:02 UTC,casual,"",1,0,true,"Auckland Central, Auckland 1010, New Zealand",-36.8488852784,174.7698669881,4,,,4,,false,,,Karaka,Corynocarpus laevigatus,Karaka,Plantae,160928
255633129,ce8807f6-daca-40f8-8592-2d73612da416,2024-09-14 11:35:38,2024-09-14,2024-09-13 23:35:38 UTC,Wellington,2024-12-20 00:43:58 UTC,2024-12-28 08:42:15 UTC,casual,"",1,0,true,"Alfred Street, Auckland Central, Auckland 1010, New Zealand",-36.8514805556,174.7689611111,,,,,,false,gps,gps,Giant spear lily,Doryanthes palmeri,Giant spear lily,Plantae,410788
255748235,4db0e684-8ed1-410a-9ab2-69ba3e981f04,2024-12-10 11:33:07,2024-12-10,2024-12-09 22:33:07 UTC,Wellington,2024-12-21 07:42:19 UTC,2024-12-21 08:16:30 UTC,casual,"",0,0,true,"Waterloo Quadrant, Auckland CBD, Auckland 1010, New Zealand",-36.8509645713,174.7724758834,31,,,31,,false,gps,gps,Sages,Salvia,Sages,Plantae,50644
255748262,dfefb802-b6b2-4713-85d7-9fb791411c59,2024-12-10 11:33:43,2024-12-10,2024-12-09 22:33:43 UTC,Wellington,2024-12-21 07:43:00 UTC,2024-12-21 07:43:50 UTC,casual,"",0,0,true,"Waterloo Quadrant, Auckland CBD, Auckland 1010, New Zealand",-36.8509645713,174.7724758834,31,,,31,,false,gps,gps,Pineapple Sage,Salvia elegans,Pineapple Sage,Plantae,153386
255748287,e0d4038e-4903-476d-9803-440f0088f1a4,2024-12-10 14:44:01,2024-12-10,2024-12-10 01:44:01 UTC,Wellington,2024-12-21 07:43:52 UTC,2024-12-21 08:16:36 UTC,casual,"",0,0,true,"Auckland Central, Auckland 1010, New Zealand",-36.8511526406,174.7727008536,12,,,12,open,false,gps,gps,tulip tree,Liriodendron tulipifera,American tuliptree,Plantae,53582
255749533,b11418d0-2782-4a54-8b53-1e1d1bb768a3,2024-12-10 14:45:11,2024-12-10,2024-12-10 01:45:11 UTC,Wellington,2024-12-21 08:16:37 UTC,2024-12-21 08:16:49 UTC,casual,"",0,0,true,"Waterloo Quadrant, Auckland Central, Auckland 1010, New Zealand",-36.8508771096,174.7725154459,10,,,10,,false,gps,gps,Glory bush,Pleroma urvilleanum,Glory bush,Plantae,1263850
255749541,6ab94873-f074-4f52-8096-0153de38a5b5,2024-12-10 14:45:39,2024-12-10,2024-12-10 01:45:39 UTC,Wellington,2024-12-21 08:16:50 UTC,2025-01-23 12:26:59 UTC,research,"",1,0,false,"Waterloo Quadrant, Auckland CBD, Auckland 1010, New Zealand",-36.8509398889,174.772634469,16,,,16,,false,gps,gps,Crescent-cup liverwort,Lunularia cruciata,Crescent-cup liverwort,Plantae,55703
255749547,b4c90c47-1bba-4065-99d7-c92252d2f512,2024-12-10 14:46:15,2024-12-10,2024-12-10 01:46:15 UTC,Wellington,2024-12-21 08:16:59 UTC,2025-02-24 23:07:18 UTC,casual,"",0,0,true,"Waterloo Quadrant, Auckland Central, Auckland 1010, New Zealand",-36.8509224502,174.7725338861,9,,,9,,false,gps,gps,glory bushes and allies,Pleroma,glory bushes and allies,Plantae,823397
255749557,b2993aa0-222f-4b01-af2e-a7b7353a76cf,2024-12-10 14:46:33,2024-12-10,2024-12-10 01:46:33 UTC,Wellington,2024-12-21 08:17:12 UTC,2024-12-21 08:17:22 UTC,casual,"",0,0,true,"Waterloo Quadrant, Auckland Central, Auckland 1010, New Zealand",-36.8508972312,174.7725120932,9,,,9,,false,gps,gps,dicots [paraphyletic],Magnoliopsida,dicots [paraphyletic],Plantae,47124
255749563,5450508c-45ff-4bfe-9da9-7f4fbf5f0f6d,2024-12-10 14:47:04,2024-12-10,2024-12-10 01:47:04 UTC,Wellington,2024-12-21 08:17:24 UTC,2024-12-21 08:17:30 UTC,casual,"",0,0,true,"Waterloo Quadrant, Auckland Central, Auckland 1010, New Zealand",-36.8508907923,174.7725198045,6,,,6,,false,gps,gps,Palmgrass,Setaria palmifolia,Palmgrass,Plantae,168884
255749567,e531a7a6-1b85-4903-b4ec-477b7e746c0b,2024-12-10 14:46:54,2024-12-10,2024-12-10 01:46:54 UTC,Wellington,2024-12-21 08:17:31 UTC,2024-12-21 08:17:43 UTC,casual,"",0,0,true,"Waterloo Quadrant, Auckland Central, Auckland 1010, New Zealand",-36.8508808656,174.7725100815,4,,,4,open,false,gps,gps,Chilean wine palm,Jubaea chilensis,Chilean wine palm,Plantae,123353
255749574,5d21263a-0874-459e-82df-8086842bb855,2024-12-10 16:43:08,2024-12-10,2024-12-10 03:43:08 UTC,Wellington,2024-12-21 08:17:44 UTC,2024-12-21 08:18:00 UTC,casual,"",0,0,true,"Auckland Central, Auckland 1010, New Zealand",-36.851861719,174.7719662637,31,,,31,open,false,gps,gps,Mazus novaezeelandiae,Mazus novaezeelandiae,,Plantae,403760
255922176,fe5fdac3-232b-4753-92c0-006cecd775d4,2024-12-10 14:49:29,2024-12-10,2024-12-10 01:49:29 UTC,Wellington,2024-12-22 22:02:26 UTC,2024-12-22 22:02:49 UTC,casual,"",0,0,true,"Waterloo Quadrant, Auckland Central, Auckland 1010, New Zealand",-36.8509903269,174.7723095864,6,,,6,open,false,gps,gps,honey locust,Gleditsia triacanthos,honey locust,Plantae,54797
255922203,5ded513e-b381-438c-894e-352fe1a42ec0,2024-12-10 14:48:34,2024-12-10,2024-12-10 01:48:34 UTC,Wellington,2024-12-22 22:02:52 UTC,2024-12-22 22:03:10 UTC,casual,"",0,0,true,"Waterloo Quadrant, Auckland CBD, Auckland 1010, New Zealand",-36.8509962292,174.7723149508,4,,,4,,false,gps,gps,monocots,Liliopsida,Monocots,Plantae,47163
255922244,38f74258-f2f4-4822-a647-fb3210b8c16b,2024-12-10 14:47:12,2024-12-10,2024-12-10 01:47:12 UTC,Wellington,2024-12-22 22:03:11 UTC,2024-12-22 22:03:17 UTC,needs_id,"",0,0,false,"Waterloo Quadrant, Auckland Central, Auckland 1010, New Zealand",-36.8508883777,174.7724628076,4,,,4,,false,gps,gps,angel's trumpets,Brugmansia,angel's trumpets,Plantae,62900
255922257,b89c7312-0ad2-4f1b-83bd-3e206712275b,2024-12-10 14:47:42,2024-12-10,2024-12-10 01:47:42 UTC,Wellington,2024-12-22 22:03:19 UTC,2025-09-12 20:21:52 UTC,needs_id,"",0,0,false,"Waterloo Quadrant, Auckland Central, Auckland 1010, New Zealand",-36.8508958897,174.7724423558,5,,,5,,false,gps,gps,dicots [paraphyletic],Magnoliopsida,dicots [paraphyletic],Plantae,47124
256135957,73049bc7-a869-43b6-9a41-c9761f050145,2024-12-10 14:48:25,2024-12-10,2024-12-10 01:48:25 UTC,Wellington,2024-12-25 02:23:09 UTC,2026-04-22 02:55:27 UTC,casual,"",2,0,true,"Waterloo Quadrant, Auckland Central, Auckland 1010, New Zealand",-36.8510171556,174.7723726183,8,,,8,open,false,,,box elder,Acer negundo,box elder,Plantae,47726
256342084,ac47950a-8be7-4a4f-835a-eead8da8c9ff,2024/07/09 9:54 AM,2024-07-09,2024-07-08 21:54:00 UTC,Wellington,2024-12-27 03:56:08 UTC,2024-12-27 16:25:02 UTC,casual,"",1,0,true,"Auckland Central, Auckland 1010, New Zealand",-36.8525777778,174.7707222222,22,,,22,,false,,,Mealy Blue Sage,Salvia farinacea,Mealy Blue Sage,Plantae,148006
256342085,cecdb0c3-2955-4c24-8ee1-b9bccffc4992,2024/07/09 9:54 AM,2024-07-09,2024-07-08 21:54:00 UTC,Wellington,2024-12-27 03:56:09 UTC,2025-04-17 00:19:37 UTC,research,"",1,0,false,"Auckland Central, Auckland 1010, New Zealand",-36.8525583333,174.7707666667,35,,,35,,false,,,Paperwhite,Narcissus papyraceus,Paperwhite,Plantae,123159
256342086,c9f774d1-24a3-46bc-b2aa-b9a9b07794ee,2024/07/09 9:54 AM,2024-07-09,2024-07-08 21:54:00 UTC,Wellington,2024-12-27 03:56:09 UTC,2025-04-01 10:09:10 UTC,needs_id,"",1,0,false,"Auckland Central, Auckland 1010, New Zealand",-36.8525972222,174.7707833333,24,,,24,,false,,,speedwells,Veronica,Speedwells and Hebes,Plantae,51611
256342087,8183a957-e84b-4ceb-bdee-cb799e285131,2024/07/09 9:54 AM,2024-07-09,2024-07-08 21:54:00 UTC,Wellington,2024-12-27 03:56:09 UTC,2024-12-27 03:56:09 UTC,casual,"",0,0,true,"Auckland Central, Auckland 1010, New Zealand",-36.8526111111,174.7707361111,35,,,35,open,false,,,New Zealand Hebe,Veronica speciosa,Titirangi,Plantae,738802
256342088,1028be03-73fd-4b29-87c5-d534cf535d83,2024/07/09 9:56 AM,2024-07-09,2024-07-08 21:56:00 UTC,Wellington,2024-12-27 03:56:10 UTC,2025-04-01 10:08:46 UTC,research,"",1,0,false,"Auckland Central, Auckland 1010, New Zealand",-36.8518555556,174.7702638889,43,,,43,,false,,,Coastal Rosemary,Westringia fruticosa,Coastal Rosemary,Plantae,353888
256940033,e7562207-e22f-486d-8955-fa6f5012cf47,2024-06-20 12:56:32,2024-06-20,2024-06-20 00:56:32 UTC,Wellington,2024-12-31 23:46:57 UTC,2025-07-30 02:57:17 UTC,research,"",2,0,false,"Auckland CBD, Auckland 1010, New Zealand",-36.8502616667,174.7703094444,,,,,,false,,,Karaka,Corynocarpus laevigatus,Karaka,Plantae,160928
258575913,b7d96d8d-0ad9-4950-81cf-f29f4b5d5a85,2025/01/15 3:06 PM,2025-01-15,2025-01-15 02:06:00 UTC,Wellington,2025-01-15 17:33:38 UTC,2025-01-15 17:34:39 UTC,casual,"",0,0,true,"Auckland Central, Auckland 1010, New Zealand",-36.8496448286,174.7695289452,2,,,2,open,false,,,Paper Mulberry,Broussonetia papyrifera,Paper mulberry,Plantae,128032
258576121,c27aff42-c140-4ab3-a000-cc39b2e42d8f,2025/01/15 3:05 PM,2025-01-15,2025-01-15 02:05:00 UTC,Wellington,2025-01-15 17:36:10 UTC,2025-01-15 17:47:33 UTC,casual,"",0,0,true,"Auckland Central, Auckland 1010, New Zealand",-36.8495987452,174.7695480679,8,,,8,open,false,,,Paper Mulberry,Broussonetia papyrifera,Paper mulberry,Plantae,128032
259373298,2c659c06-e56f-4134-a70f-eaad5596e137,2025/01/20 8:04 AM,2025-01-20,2025-01-19 19:04:00 UTC,Wellington,2025-01-23 21:52:02 UTC,2025-01-23 21:52:51 UTC,casual,"",0,0,true,"Auckland Central, Auckland 1010, New Zealand",-36.8500812763,174.7714741215,5,,,5,,false,,,Flame Tree,Brachychiton acerifolius,flame tree,Plantae,122300
259844031,6d302bfc-8a17-4d92-b46f-df128bb705a0,2018/09/10 4:11 PM,2018-09-10,2018-09-10 04:11:00 UTC,Wellington,2025-01-28 08:40:52 UTC,2026-03-10 03:27:11 UTC,casual,"",2,0,true,"Auckland Central, Auckland 1010, New Zealand",-36.8511111111,174.7694444444,,,,,,false,,,Moreton Bay fig,Ficus macrophylla,Moreton Bay fig,Plantae,126854
260178365,a3a86aa1-e847-40ee-a0e9-5cb5505870ad,2025/01/31 10:12 AM,2025-01-31,2025-01-30 21:12:00 UTC,Wellington,2025-01-31 18:41:50 UTC,2025-07-15 22:05:29 UTC,casual,"",0,0,true,"Auckland Central, Auckland 1010, New Zealand",-36.8499921689,174.7699580376,2,,,2,open,false,,,Indian Horse-chestnut,Aesculus indica,Indian Horse-chestnut,Plantae,367294
260626998,6966cd25-5338-4c6a-8438-b32beec8fabd,2025/02/03 3:47 PM,2025-02-03,2025-02-03 02:47:00 UTC,Wellington,2025-02-04 18:26:27 UTC,2025-02-04 18:27:14 UTC,casual,"",0,0,true,"Auckland Central, Auckland 1010, New Zealand",-36.8502748891,174.7711770057,8,,,8,,false,,,Camphor,Camphora officinarum,Camphor,Plantae,1591063
260627419,b022d2f0-7b1b-45bf-811d-f29110ca8040,2025/02/04 4:29 PM,2025-02-04,2025-02-04 03:29:00 UTC,Wellington,2025-02-04 18:32:40 UTC,2025-02-04 18:33:47 UTC,casual,"",0,0,true,"Auckland Central, Auckland 1010, New Zealand",-36.8492740616,174.7697172951,4,,,4,,false,,,Japanese Plum-Yew,Cephalotaxus harringtonia,Japanese Plum-yew,Plantae,142793
261374749,c1b6443d-8310-4744-bf9e-301e8050b030,2018/07/31 3:47 PM,2018-07-31,2018-07-31 03:47:00 UTC,Wellington,2025-02-11 19:39:26 UTC,2026-03-10 03:27:11 UTC,casual,"",3,0,true,"Auckland Central, Auckland 1010, New Zealand",-36.8497222222,174.77,,,,,,false,,,Swiss Cheese Plant,Monstera deliciosa,Fruit salad plant,Plantae,122521
261379711,9234855c-70ab-4ac9-9235-7c215abb648b,2017/03/02 10:10 AM,2017-03-02,2017-03-01 21:10:00 UTC,Wellington,2025-02-11 20:47:42 UTC,2026-03-10 03:27:11 UTC,casual,"",1,0,true,"Auckland Central, Auckland 1010, New Zealand",-36.8508333333,174.7705555556,,,,,open,false,,,Fried-egg flower,Oncoba spinosa,Fried-egg flower,Plantae,340332
261464922,8943533b-e438-4497-bb98-52d98f6534cb,2025/02/12 3:35 PM,2025-02-12,2025-02-12 02:35:00 UTC,Wellington,2025-02-12 18:47:57 UTC,2025-02-12 21:58:20 UTC,casual,"",2,0,true,"Auckland Central, Auckland 1010, New Zealand",-36.8504254613,174.7707639502,1,,,1,,false,,,zamia family,Zamiaceae,zamia family,Plantae,64623
261465319,4e56faf7-0303-42aa-8b2b-7dc28111e587,2025/02/12 3:37 PM,2025-02-12,2025-02-12 02:37:00 UTC,Wellington,2025-02-12 18:53:26 UTC,2025-02-15 19:05:41 UTC,casual,"",1,0,true,"Auckland Central, Auckland 1010, New Zealand",-36.8501245925,174.7711958844,4,,,4,,false,,,dawn redwood,Metasequoia glyptostroboides,dawn redwood,Plantae,69150
261561223,8a62bfe1-ac99-41ea-a6aa-7ea842ed412f,2025-02-12 19:46:00+13:00,2025-02-12,2025-02-12 06:46:00 UTC,Wellington,2025-02-13 19:38:14 UTC,2025-02-14 20:19:37 UTC,needs_id,"",0,0,false,"North Island / Te Ika-a-Māui, Auckland, Auckland, NZ",-36.85292,174.7711033333,12,,,12,,false,,,"",Metrosideros,Rātā and allies,Plantae,60448
262339764,f0118d35-3108-4e85-b2ea-90366a84e29b,2025-02-20 13:56:26+13:00,2025-02-20,2025-02-20 00:56:26 UTC,Wellington,2025-02-20 02:19:43 UTC,2025-02-20 06:16:04 UTC,needs_id,"",0,0,false,"North Island / Te Ika-a-Māui, Auckland, Auckland, NZ",-36.8499278681,174.7692315413,25,,,25,,false,,,Melicope,Melicope,,Plantae,122715
262351983,e34f2544-0372-4a7d-89e0-329953fd4125,2025-02-20 11:41:41+13:00,2025-02-20,2025-02-19 22:41:41 UTC,Wellington,2025-02-20 05:41:26 UTC,2025-02-21 09:10:39 UTC,needs_id,"",0,0,false,"North Island / Te Ika-a-Māui, Auckland, Auckland, NZ",-36.8500783333,174.768905,11,,,11,open,false,,,"",Populus nigra,Black Poplar,Plantae,47565
262918974,cd2ce155-52a4-4c14-9e0d-5e9622da9c0c,2025-02-24 13:09:24+13:00,2025-02-24,2025-02-24 00:09:24 UTC,Wellington,2025-02-24 08:35:09 UTC,2025-02-27 03:33:15 UTC,research,"",1,0,false,"University of Auckland - City Campus, Auckland, Auckland, NZ",-36.8511466667,174.7696533333,11,,,11,,false,,,ladder fern,Nephrolepis cordifolia,ladder fern,Plantae,48233
262918997,8c5d5ff6-0631-47f5-9e13-1f9539c045bf,2025-02-24 13:09:09+13:00,2025-02-24,2025-02-24 00:09:09 UTC,Wellington,2025-02-24 08:35:50 UTC,2025-04-17 03:39:38 UTC,research,"",1,0,false,"University of Auckland - City Campus, Auckland, Auckland, NZ",-36.8511383333,174.7696083333,11,,,11,open,false,,,black maidenhair fern,Adiantum capillus-veneris,black maidenhair fern,Plantae,63916
262919030,feee281d-6c7a-4535-af39-e3c1d0ee78e5,2025-02-24 13:08:45+13:00,2025-02-24,2025-02-24 00:08:45 UTC,Wellington,2025-02-24 08:36:22 UTC,2025-04-17 03:39:39 UTC,research,"",1,0,false,"University of Auckland - City Campus, Auckland, Auckland, NZ",-36.8509466667,174.76953,8,,,8,,false,,,Ivy-leaved toadflax,Cymbalaria muralis,Ivy-leaved toadflax,Plantae,55727
263178136,ba5b8639-63f8-4e97-a159-e7d5c0bcc07d,2025/02/26 4:22 PM,2025-02-26,2025-02-26 03:22:00 UTC,Wellington,2025-02-26 18:01:24 UTC,2025-02-26 18:01:24 UTC,casual,"",0,0,true,"Auckland Central, Auckland 1010, New Zealand",-36.849313192,174.7703883687,1,,,1,open,false,,,Kentia Palm,Howea forsteriana,Kentia palm,Plantae,135400
263215895,b2b5157f-e3e5-4059-a480-c407626dc1f3,2025-02-27 13:17:30+13:00,2025-02-27,2025-02-27 00:17:30 UTC,Wellington,2025-02-27 00:18:31 UTC,2025-02-27 18:50:51 UTC,research,"",1,0,false,"University of Auckland - City Campus, Auckland, Auckland, NZ",-36.8507388016,174.770014604,14,,,14,,false,,,Leather-leaf fern,Pyrrosia eleagnifolia,Leather-leaf fern,Plantae,210959
263216106,913080b2-8d32-454b-b3d1-8653fed91a52,2025-02-27 13:20:07+13:00,2025-02-27,2025-02-27 00:20:07 UTC,Wellington,2025-02-27 00:20:34 UTC,2025-07-13 09:57:27 UTC,needs_id,"",3,0,false,"University of Auckland - City Campus, Auckland, Auckland, NZ",-36.8507151224,174.7701014321,6,,,6,open,false,,,Myrsine aquilonia,Myrsine,Colicwood,Plantae,70257
263216206,9d5a8970-0fda-4c9c-89cc-50871afa08f8,2025-02-27 13:19:26+13:00,2025-02-27,2025-02-27 00:19:26 UTC,Wellington,2025-02-27 00:21:45 UTC,2025-02-27 00:30:26 UTC,needs_id,"",0,0,false,"University of Auckland - City Campus, Auckland, Auckland, NZ",-36.8506353105,174.7700320661,8,,,8,,false,,,"",Muehlenbeckia,,Plantae,72245
263216289,63bf3ed7-8459-428a-bef6-86ff876d513e,2025-02-27 13:22:15,2025-02-27,2025-02-27 00:22:15 UTC,Wellington,2025-02-27 00:22:37 UTC,2026-01-11 19:09:12 UTC,casual,"",0,0,true,"Auckland Central, Auckland 1010, New Zealand",-36.8504212623,174.7698423355,,,,,,false,,,,Veronica,Speedwells and Hebes,Plantae,51611
263216481,538c446b-55c6-4670-838d-3311104aa4de,2025-02-27 13:24:53,2025-02-27,2025-02-27 00:24:53 UTC,Wellington,2025-02-27 00:25:14 UTC,2025-02-27 05:22:51 UTC,casual,"",1,0,true,"Auckland Central, Auckland 1010, New Zealand",-36.850436946,174.7697128549,3,,,3,,false,,,false hen and chickens fern,Asplenium × lucrosum,false hen and chickens fern,Plantae,988494
263216596,8d9bf43b-2d79-42b2-88b2-016c2ebabcce,2025-02-27 13:23:34+13:00,2025-02-27,2025-02-27 00:23:34 UTC,Wellington,2025-02-27 00:26:46 UTC,2025-02-28 16:51:17 UTC,casual,"",2,0,true,"University of Auckland - City Campus, Auckland, Auckland, NZ",-36.8504389986,174.7697438127,9,,,9,,false,,,King fern,Ptisana salicina,King fern,Plantae,410562
263216727,4585278d-825a-4fa0-8881-9c5c454118f6,2025-02-27 13:27:43+13:00,2025-02-27,2025-02-27 00:27:43 UTC,Wellington,2025-02-27 00:28:10 UTC,2025-02-27 18:50:33 UTC,research,"",3,1,false,"University of Auckland - City Campus, Auckland, Auckland, NZ",-36.8504078358,174.769799924,4,,,4,,false,,,Leather-leaf fern,Pyrrosia eleagnifolia,Leather-leaf fern,Plantae,210959
263216729,305b69c1-3611-4aa6-b03b-9af4f3505394,2025-02-27 13:25:25,2025-02-27,2025-02-27 00:25:25 UTC,Wellington,2025-02-27 00:28:11 UTC,2026-01-08 14:35:09 UTC,casual,"",0,0,true,"Auckland Central, Auckland 1010, New Zealand",-36.849826279,174.7699663975,8,,,8,,false,,,,Tracheophyta,Vascular Plants,Plantae,211194
263216815,62d48ab1-d27c-4eb2-9b3e-6387143f7e6e,2025-02-27 13:28:03,2025-02-27,2025-02-27 00:28:03 UTC,Wellington,2025-02-27 00:29:22 UTC,2025-04-17 10:34:55 UTC,research,"",1,0,false,"Alfred Street, Auckland Central, Auckland 1010, New Zealand",-36.8507399,174.769179,,,,,open,false,gps,gps,Tāwhirikaro,Pittosporum cornifolium,Tāwhirikaro,Plantae,407617
263216844,6860df8e-ed47-463d-813c-b925d1969b21,2025-02-27 13:28:02,2025-02-27,2025-02-27 00:28:02 UTC,Wellington,2025-02-27 00:29:44 UTC,2025-09-02 14:51:32 UTC,needs_id,"",0,0,false,"Auckland Central, Auckland 1010, New Zealand",-36.8495586927,174.7701647997,12,,,12,,false,,,,Angiospermae,Flowering Plants,Plantae,47125
263216912,3338f49a-ba82-4723-85e8-4ff2cc9c3f36,2025-02-27 13:26:51,2025-02-27,2025-02-27 00:26:51 UTC,Wellington,2025-02-27 00:30:44 UTC,2025-02-28 16:51:15 UTC,casual,"",0,0,true,"Auckland Central, Auckland 1010, New Zealand",-36.8507285,174.7694284,,,,,,false,gps,gps,purpletop vervain,Verbena incompta,purpletop vervain,Plantae,559793
263216935,bcb0ef88-e3a0-41cf-8509-f80607715d4f,2025-02-27 13:30:06+13:00,2025-02-27,2025-02-27 00:30:06 UTC,Wellington,2025-02-27 00:31:06 UTC,2025-02-27 00:31:16 UTC,needs_id,"",0,0,false,"University of Auckland - City Campus, Auckland, Auckland, NZ",-36.8506916667,174.769395,11,,,11,,false,,,"",Asteroideae,,Plantae,632790
263216976,d3075b65-3e64-44bb-9f43-91c1d7ba3153,2025-02-27 13:30:45,2025-02-27,2025-02-27 00:30:45 UTC,Wellington,2025-02-27 00:31:33 UTC,2025-05-30 10:30:14 UTC,casual,"",0,0,true,"Auckland Central, Auckland 1010, New Zealand",-36.8496369903,174.7701794161,6,,,6,,false,,,,Fuchsia triphylla,honeysuckle fuchsia,Plantae,498028
263216979,04d617a0-0871-4e8b-a2c6-8a7c32d4631d,2025-02-27 13:25:54+13:00,2025-02-27,2025-02-27 00:25:54 UTC,Wellington,2025-02-27 00:31:37 UTC,2025-07-30 11:31:02 UTC,casual,"",2,0,true,"University of Auckland - City Campus, Auckland, Auckland, NZ",-36.8504227398,174.7697663012,5,,,5,,false,,,Blood Lilies,Haemanthus coccineus,Spotted Bloodlily,Plantae,410993
263217169,8510bc91-cc9f-411d-aa94-d07e29ee0fbf,2025-02-27 13:27:13+13:00,2025-02-27,2025-02-27 00:27:13 UTC,Wellington,2025-02-27 00:33:57 UTC,2025-04-17 10:37:45 UTC,research,"",1,0,false,"University of Auckland - City Campus, Auckland, Auckland, NZ",-36.8504478234,174.7698181058,8,,,8,,false,,,Corokia × virgata,Corokia × virgata,,Plantae,410710
263217235,90c6a105-8c01-452d-9ab5-2d278c5b9209,2025-02-27 13:34:11+13:00,2025-02-27,2025-02-27 00:34:11 UTC,Wellington,2025-02-27 00:34:45 UTC,2025-04-17 10:37:48 UTC,research,"",1,0,false,"University of Auckland - City Campus, Auckland, Auckland, NZ",-36.850370432,174.769846564,4,,,4,,false,,,Ivy-leaved toadflax,Cymbalaria muralis,Ivy-leaved toadflax,Plantae,55727
263217322,1d562a40-2bb0-4018-ab54-fe58d8328fc7,2025-02-27 13:35:16,2025-02-27,2025-02-27 00:35:16 UTC,Wellington,2025-02-27 00:35:41 UTC,2025-02-27 00:51:03 UTC,needs_id,"",0,0,false,"Auckland Central, Auckland 1010, New Zealand",-36.850186214,174.7702048869,8,,,8,,false,,,,Olea,Olives,Plantae,57145
263217453,02aba6d7-6ebc-471c-ab2c-2a4300a6fb3a,2025-02-27 13:36:12,2025-02-27,2025-02-27 00:36:12 UTC,Wellington,2025-02-27 00:37:17 UTC,2025-02-27 00:37:28 UTC,needs_id,"",0,0,false,"Auckland Central, Auckland 1010, New Zealand",-36.8504243,174.7691087,,,,,,false,gps,gps,Haekaro,Pittosporum umbellatum,Haekaro,Plantae,408446
263217457,62d9d7b4-9a16-4ef7-ae50-bb262bae48f7,2025-02-27 13:37:06,2025-02-27,2025-02-27 00:37:06 UTC,Wellington,2025-02-27 00:37:24 UTC,2025-06-22 07:07:08 UTC,casual,"",0,0,true,"Auckland Central, Auckland 1010, New Zealand",-36.8507338641,174.7700920145,8,,,8,,false,,,,Buxus,boxes,Plantae,133400
263217549,24dff1fc-121b-444c-bb95-b2c95034ba66,2025-02-27 13:36:47+13:00,2025-02-27,2025-02-27 00:36:47 UTC,Wellington,2025-02-27 00:38:47 UTC,2025-09-02 14:50:28 UTC,needs_id,"",0,0,false,"University of Auckland - City Campus, Auckland, Auckland, NZ",-36.8502637796,174.7696081676,4,,,4,,false,,,Flowering plant,Angiospermae,Flowering Plants,Plantae,47125
263217563,6239d2ae-ae3a-452b-8856-9e5658dd9903,2025-02-27 13:38:28,2025-02-27,2025-02-27 00:38:28 UTC,Wellington,2025-02-27 00:39:00 UTC,2025-02-27 00:49:44 UTC,casual,"",0,0,true,"Auckland Central, Auckland 1010, New Zealand",-36.8508154113,174.7695569529,6,,,6,,false,,,,Araucaria,araucarias,Plantae,53718
263217605,95291e05-e239-4403-bc41-0864cf87e901,2025-02-27 13:33:59+13:00,2025-02-27,2025-02-27 00:33:59 UTC,Wellington,2025-02-27 00:39:22 UTC,2026-03-27 08:11:08 UTC,needs_id,"",1,0,false,"University of Auckland - City Campus, Auckland, Auckland, NZ",-36.8504724434,174.7696740117,9,,,9,,false,,,speedwells,Veronica,Speedwells and Hebes,Plantae,51611
263217645,fcabc091-9477-4d3d-ae30-7878a8d3e452,2025-02-27 13:39:17,2025-02-27,2025-02-27 00:39:17 UTC,Wellington,2025-02-27 00:39:48 UTC,2025-09-02 14:49:56 UTC,needs_id,"",0,0,false,"Auckland Central, Auckland 1010, New Zealand",-36.8508001377,174.7694821926,6,,,6,,false,,,,Plantae,Plants,Plantae,47126
263217757,cfc2baaf-5c25-4918-8122-b4678c228e59,2025-02-27 13:40:38,2025-02-27,2025-02-27 00:40:38 UTC,Wellington,2025-02-27 00:41:07 UTC,2025-06-22 07:07:19 UTC,needs_id,"",0,0,false,"Auckland Central, Auckland 1010, New Zealand",-36.8503605,174.7692426,89,,,89,,false,,,,Aucuba,aucubas,Plantae,56207
263217816,705aad02-b7ec-47b9-869c-cd0d6a21a7d9,2025-02-27 13:41:35,2025-02-27,2025-02-27 00:41:35 UTC,Wellington,2025-02-27 00:41:49 UTC,2025-02-27 00:50:16 UTC,needs_id,"",0,0,false,"Auckland Central, Auckland 1010, New Zealand",-36.8500771,174.7694016,73,,,73,,false,,,,Veronica,Speedwells and Hebes,Plantae,51611
263218021,d19a794a-66ca-4844-bcc7-d1a4632d86a3,2025-02-27 13:43:11,2025-02-27,2025-02-27 00:43:11 UTC,Wellington,2025-02-27 00:43:54 UTC,2026-01-11 19:08:24 UTC,casual,"",0,0,true,"Auckland, NZ",-36.8494704181,174.7697821964,8,,,8,,false,,,,Plantae,Plants,Plantae,47126
263218084,a70afb36-2d06-46f1-81af-5ac5f28cf00c,2025-02-27 13:43:33,2025-02-27,2025-02-27 00:43:33 UTC,Wellington,2025-02-27 00:44:47 UTC,2025-02-27 00:50:59 UTC,needs_id,"",0,0,false,"Auckland, NZ",-36.8495553362,174.769637267,12,,,12,,false,,,,Brugmansia,angel's trumpets,Plantae,62900
263218142,9494924a-bcdd-4d32-a2ff-84836faab872,2025-02-27 13:39:53+13:00,2025-02-27,2025-02-27 00:39:53 UTC,Wellington,2025-02-27 00:45:33 UTC,2025-04-17 10:38:21 UTC,research,"",1,0,false,"University of Auckland - City Campus, Auckland, Auckland, NZ",-36.8503516099,174.7696960719,8,,,8,,false,,,Kohekohe,Didymocheton spectabilis,Kohekohe,Plantae,1471799
263218307,ee680268-dac9-4c5f-b926-3da2b333f40c,2025-02-27 13:46:27,2025-02-27,2025-02-27 00:46:27 UTC,Wellington,2025-02-27 00:47:33 UTC,2025-02-27 16:31:26 UTC,needs_id,"",0,0,false,"Auckland Central, Auckland 1010, New Zealand",-36.8494378457,174.7696337405,8,,,8,,false,,,,Pinus,pines,Plantae,47561
263218498,70b85bb9-513d-403b-8737-5807262e1b03,2025-02-27 13:47:43,2025-02-27,2025-02-27 00:47:43 UTC,Wellington,2025-02-27 00:49:59 UTC,2025-10-02 12:34:49 UTC,needs_id,"",3,1,false,"Auckland High Court, Auckland Central, Auckland 1010, New Zealand",-36.8490342007,174.7701905547,8,,,8,,false,,,Amaryllideae,Amaryllideae,,Plantae,924713
263218852,70c63e7a-537f-49ee-b377-ff34398d5593,2025-02-27 13:45:37+13:00,2025-02-27,2025-02-27 00:45:37 UTC,Wellington,2025-02-27 00:54:18 UTC,2025-02-27 01:00:14 UTC,needs_id,"",0,0,false,"University of Auckland - City Campus, Auckland, Auckland, NZ",-36.8502139221,174.7696998762,18,,,18,,false,,,"",Veronica,Speedwells and Hebes,Plantae,51611
263219037,28fe12e2-5428-4012-8748-5d4e100d3cbd,2025-02-27 13:54:38,2025-02-27,2025-02-27 00:54:38 UTC,Wellington,2025-02-27 00:56:28 UTC,2025-02-28 16:50:34 UTC,casual,"",1,0,true,"Waterloo Quadrant, Auckland Central, Auckland 1010, New Zealand",-36.8503661993,174.7710485391,8,,,8,open,false,,,blue jacaranda,Jacaranda mimosifolia,blue jacaranda,Plantae,77541
263219360,31e4ae03-e184-4560-b2f4-9dba0bf725ed,2025-02-27 13:48:59+13:00,2025-02-27,2025-02-27 00:48:59 UTC,Wellington,2025-02-27 01:00:16 UTC,2025-02-27 01:10:42 UTC,needs_id,"",0,0,false,"University of Auckland - City Campus, Auckland, Auckland, NZ",-36.8500949486,174.7698080286,9,,,9,,false,,,"",Corokia,Korokio,Plantae,184013
263219409,38f6f9d6-4123-4351-9a63-11cdf13f7173,2025-02-27 14:00:04,2025-02-27,2025-02-27 01:00:04 UTC,Wellington,2025-02-27 01:00:42 UTC,2025-04-17 10:39:12 UTC,casual,"",1,0,true,"Auckland Central, Auckland 1010, New Zealand",-36.8503164997,174.7697398997,,,,,,false,gps,gps,Taraire,Beilschmiedia tarairi,Taraire,Plantae,399962
263219491,3eef8a8e-244a-4723-b93d-72a6db0ea41a,2025-02-27 13:52:15+13:00,2025-02-27,2025-02-27 00:52:15 UTC,Wellington,2025-02-27 01:01:49 UTC,2025-02-27 16:28:57 UTC,needs_id,"",0,0,false,"University of Auckland - City Campus, Auckland, Auckland, NZ",-36.8498455451,174.769775655,14,,,14,,false,,,speedwells,Veronica,Speedwells and Hebes,Plantae,51611
263219521,31b86b80-be03-445d-94d0-ad163ece5d31,2025-02-27 14:01:31,2025-02-27,2025-02-27 01:01:31 UTC,Wellington,2025-02-27 01:02:07 UTC,2025-02-27 16:27:25 UTC,casual,"",0,0,true,"Auckland Central, Auckland 1010, New Zealand",-36.8504899983,174.7702200764,3,,,3,,false,,,,Opuntia,Prickly Pears,Plantae,47902
263219702,52d7ac24-ac09-4dd0-9f72-19ed65495949,2025-02-27 13:55:43+13:00,2025-02-27,2025-02-27 00:55:43 UTC,Wellington,2025-02-27 01:04:24 UTC,2025-04-17 10:39:26 UTC,research,"",1,0,false,"University of Auckland - City Campus, Auckland, Auckland, NZ",-36.8498367898,174.7698046658,82,,,82,open,false,,,Coprosma macrocarpa,Coprosma macrocarpa,,Plantae,401033
263219830,666b38c1-1ec1-4b04-8e20-4e23a548edbc,2025-02-27 14:03:44,2025-02-27,2025-02-27 01:03:44 UTC,Wellington,2025-02-27 01:05:52 UTC,2025-10-19 04:28:29 UTC,casual,"",1,0,true,"Auckland Central, Auckland 1010, New Zealand",-36.8506519997,174.7700424997,,,,,,false,gps,gps,Hybrid pōhutukawa,Metrosideros excelsa × kermadecensis,Hybrid pōhutukawa,Plantae,1452733
263219915,65f262c4-1ee2-4390-ad8b-8ad9b3a7b849,2025-02-27 14:01:48,2025-02-27,2025-02-27 01:01:48 UTC,Wellington,2025-02-27 01:07:17 UTC,2025-03-02 16:12:53 UTC,casual,"",0,0,true,"Auckland Central, Auckland 1010, New Zealand",-36.8503643,174.7695889,,,,,,false,gps,gps,Spotted Bloodlily,Haemanthus coccineus,Spotted Bloodlily,Plantae,410993
263220195,24071555-2263-4b44-ba44-371c43461228,2025-02-27 13:54:59,2025-02-27,2025-02-27 00:54:59 UTC,Wellington,2025-02-27 01:09:39 UTC,2025-03-09 05:35:24 UTC,casual,"",0,0,true,"Auckland Central, Auckland 1010, New Zealand",-36.849747,174.7694664997,,,,,,false,gps,gps,creeping shield fern,Parapolystichum microsorum,creeping shield fern,Plantae,966851
263220270,250883ef-31be-42df-aeb1-e2f203ef59d8,2025-02-27 14:02:41,2025-02-27,2025-02-27 01:02:41 UTC,Wellington,2025-02-27 01:10:44 UTC,2025-02-28 23:52:19 UTC,needs_id,"",1,0,false,"Auckland Central, Auckland 1010, New Zealand",-36.8503643,174.7695889,,,,,,false,gps,gps,Thuidiopsis,Thuidiopsis,,Plantae,379353
263220338,fbca7d2c-6cf1-48e3-a54b-a20a63946715,2025-02-27 13:42:57,2025-02-27,2025-02-27 00:42:57 UTC,Wellington,2025-02-27 01:11:53 UTC,2025-03-09 05:34:33 UTC,research,"",1,0,false,"Auckland Central, Auckland 1010, New Zealand",-36.8498052997,174.7691217997,,,,,,false,gps,gps,pānakenake,Lobelia angulata,pānakenake,Plantae,403517
263220514,5783b6bc-e038-420c-804e-87306b30cf3e,2025-02-27 14:13:48,2025-02-27,2025-02-27 01:13:48 UTC,Wellington,2025-02-27 01:14:06 UTC,2025-02-27 07:59:50 UTC,casual,"",1,0,true,"Auckland Central, Auckland 1010, New Zealand",-36.8511134024,174.7697267938,8,,,8,,false,,,Sprenger's Asparagus,Asparagus densiflorus,Sprenger's Asparagus,Plantae,127598
263220551,52fa9a9b-5b1a-4b13-9001-792720d9f086,2025-02-27 14:01:55+13:00,2025-02-27,2025-02-27 01:01:55 UTC,Wellington,2025-02-27 01:14:27 UTC,2025-02-27 16:25:44 UTC,needs_id,"",0,0,false,"University of Auckland - City Campus, Auckland, Auckland, NZ",-36.8497682634,174.7694877375,36,,,36,,false,,,Houhere,Hoheria,Houhere,Plantae,181605
263220875,765be083-8704-4b10-9ba3-3c81cf1ad6a9,2025-02-27 13:17:42,2025-02-27,2025-02-27 00:17:42 UTC,Wellington,2025-02-27 01:19:54 UTC,2025-02-28 02:05:36 UTC,needs_id,"",0,0,false,"Auckland Central, Auckland 1010, New Zealand",-36.8507301,174.770118,,,,,,false,gps,gps,Pōhutukawa,Metrosideros excelsa,Pōhutukawa,Plantae,122905
263220881,71a6154c-6f84-4335-81d2-1ae3c4389a0a,2025-02-27 14:17:32+13:00,2025-02-27,2025-02-27 01:17:32 UTC,Wellington,2025-02-27 01:19:58 UTC,2025-03-04 00:16:15 UTC,casual,"",0,0,true,"University of Auckland - City Campus, Auckland, Auckland, NZ",-36.8502383333,174.7701866667,3,,,3,open,false,,,Citrus medica sarcodactylis,Citrus medica sarcodactylis,Buddha's hand,Plantae,570299
263221032,db7f5f7a-e668-4966-a876-03136d49d78e,2025-02-27 13:47:29,2025-02-27,2025-02-27 00:47:29 UTC,Wellington,2025-02-27 01:21:53 UTC,2025-04-17 10:43:05 UTC,research,"",1,0,false,"Auckland Central, Auckland 1010, New Zealand",-36.8500677,174.7694453,,,,,,false,gps,gps,Koromiko,Veronica stricta,Koromiko,Plantae,738800
263221324,b6ae56cb-1620-44e7-9401-e9c6ca12360b,2025-02-27 13:41:07,2025-02-27,2025-02-27 00:41:07 UTC,Wellington,2025-02-27 01:25:03 UTC,2025-04-17 10:43:20 UTC,research,"",1,0,false,"Auckland Central, Auckland 1010, New Zealand",-36.8500334,174.7696562,,,,,,false,gps,gps,Leather-leaf fern,Pyrrosia eleagnifolia,Leather-leaf fern,Plantae,210959
263221457,f4bfb814-363d-44a2-96bf-8739c7c393b8,2025-02-27 13:35:25,2025-02-27,2025-02-27 00:35:25 UTC,Wellington,2025-02-27 01:26:16 UTC,2025-09-19 03:14:28 UTC,casual,"",0,0,true,"Auckland Central, Auckland 1010, New Zealand",-36.8502833,174.7695976,,,,,,false,gps,gps,Wall cotoneaster,Cotoneaster horizontalis,Wall cotoneaster,Plantae,53771
263221557,4a5b793b-2618-420f-89b6-3e41523e7b95,2025-02-27 13:40:13,2025-02-27,2025-02-27 00:40:13 UTC,Wellington,2025-02-27 01:27:31 UTC,2025-02-28 02:02:24 UTC,needs_id,"",0,0,false,"Auckland Central, Auckland 1010, New Zealand",-36.8500858,174.769746,,,,,,false,gps,gps,flax-lilies,Dianella,flax-lilies,Plantae,53691
263221583,39862304-dbf4-4b62-ba80-7ef784f39355,2025-02-27 14:03:09+13:00,2025-02-27,2025-02-27 01:03:09 UTC,Wellington,2025-02-27 01:27:41 UTC,2025-05-24 07:35:21 UTC,casual,"",1,0,true,"University of Auckland - City Campus, Auckland, Auckland, NZ",-36.8497582132,174.769452961,46,,,46,open,false,,,Kauri,Agathis australis,Kauri,Plantae,121718
263221623,7a5994bb-f839-4c02-9a02-b84cefafa84c,2025-02-27 13:53:54,2025-02-27,2025-02-27 00:53:54 UTC,Wellington,2025-02-27 01:28:16 UTC,2025-04-17 10:43:31 UTC,research,"",1,0,false,"Auckland Central, Auckland 1010, New Zealand",-36.8497477,174.7690905,,,,,,false,gps,gps,pānakenake,Lobelia angulata,pānakenake,Plantae,403517
263221755,d55fa578-08d2-4c92-aec3-099724667d7c,2025-02-27 14:05:56+13:00,2025-02-27,2025-02-27 01:05:56 UTC,Wellington,2025-02-27 01:29:38 UTC,2025-02-27 04:54:09 UTC,research,"",3,0,false,"University of Auckland - City Campus, Auckland, Auckland, NZ",-36.8498209599,174.7693396839,7,,,7,,false,,,Akiraho,Olearia paniculata,Akiraho,Plantae,336338
263221919,0ef1f03a-4051-4241-852f-c057ea6b0371,2025-02-27 14:23:07,2025-02-27,2025-02-27 01:23:07 UTC,Wellington,2025-02-27 01:30:42 UTC,2025-02-27 02:07:02 UTC,casual,"",0,0,true,"Auckland Central, Auckland 1010, New Zealand",-36.8499983529,174.7711823167,6,,,6,,false,,,,Agathis,kauris,Plantae,121719
263222145,417ff549-764d-4dd1-a151-41f1cc04095e,2025-02-27 13:51:07+13:00,2025-02-27,2025-02-27 00:51:07 UTC,Wellington,2025-02-27 01:32:56 UTC,2026-01-22 19:34:11 UTC,research,"",2,0,false,"University of Auckland - City Campus, Auckland, Auckland, NZ",-36.8494314232,174.7703169632,3,,,3,,false,,,fishpole bamboo,Phyllostachys aurea,fishpole bamboo,Plantae,78563
263222635,c94b97e4-e3b1-4787-9f5e-9495d639d608,2025-02-27 13:27:02+13:00,2025-02-27,2025-02-27 00:27:02 UTC,Wellington,2025-02-27 01:38:34 UTC,2025-02-27 18:53:48 UTC,research,"",1,0,false,"University of Auckland - City Campus, Auckland, Auckland, NZ",-36.8501532135,174.769885559,43,,,43,,false,,,Leather-leaf fern,Pyrrosia eleagnifolia,Leather-leaf fern,Plantae,210959
263222766,5a7e0096-5e14-4e04-b7f7-f4306c0bcee7,2025-02-27 13:39:34+13:00,2025-02-27,2025-02-27 00:39:34 UTC,Wellington,2025-02-27 01:40:19 UTC,2025-09-02 14:45:32 UTC,needs_id,"",2,0,false,"University of Auckland - City Campus, Auckland, Auckland, NZ",-36.8511093108,174.7707261632,18,,,18,,false,,,dicots [paraphyletic],Magnoliopsida,dicots [paraphyletic],Plantae,47124
263249961,a90a9bf1-a660-46ca-a8d8-604a0b3c8830,2024-09-22 07:17:11,2024-09-22,2024-09-21 19:17:11 UTC,Wellington,2025-02-27 08:18:12 UTC,2025-02-27 08:18:13 UTC,needs_id,"",0,0,false,"Symonds St, Auckland, Auckland, NZ",-36.8533833333,174.76828,6,,,6,,false,,,,Solanoideae,nightshades and allies,Plantae,634936
263249971,22258d92-4fa8-43ab-be06-ae55a827f970,2024-09-22 07:17:22,2024-09-22,2024-09-21 19:17:22 UTC,Wellington,2025-02-27 08:18:33 UTC,2025-02-27 08:18:34 UTC,needs_id,"",0,0,false,"Symonds St, Auckland, Auckland, NZ",-36.8534166667,174.7683116667,6,,,6,,false,,,,Asteroideae,,Plantae,632790
263250097,e732e837-bfb6-49ad-8fee-55822ca990c5,2024-09-22 07:17:25,2024-09-22,2024-09-21 19:17:25 UTC,Wellington,2025-02-27 08:20:15 UTC,2025-03-30 19:57:58 UTC,needs_id,"",0,0,false,"Symonds St, Auckland, Auckland, NZ",-36.8534283333,174.768295,6,,,6,,false,,,,Plantae,Plants,Plantae,47126
263250140,14bd9260-7b1a-420d-a2e5-7d6813683c3e,2024-09-22 07:18:33,2024-09-22,2024-09-21 19:18:33 UTC,Wellington,2025-02-27 08:20:59 UTC,2025-04-17 11:28:40 UTC,research,"",1,0,false,"Wellesley St East, Auckland, Auckland, NZ",-36.852875,174.7676383333,4,,,4,,false,,,tropical horseweed,Erigeron sumatrensis,tropical horseweed,Plantae,76943
263250151,b3566d3d-8999-429f-b59d-67eaf6a0b50f,2024-09-22 07:18:48,2024-09-22,2024-09-21 19:18:48 UTC,Wellington,2025-02-27 08:21:11 UTC,2025-04-17 11:28:41 UTC,research,"",1,0,false,"Wellesley St East, Auckland, Auckland, NZ",-36.8528633333,174.7675466667,5,,,5,,false,,,Lesser swine-cress,Lepidium didymum,Lesser swine-cress,Plantae,60987
263250160,36cd359a-ddfb-4673-8f2d-968753e28cec,2024-09-22 07:18:58,2024-09-22,2024-09-21 19:18:58 UTC,Wellington,2025-02-27 08:21:29 UTC,2025-02-27 08:21:30 UTC,needs_id,"",0,0,false,"Wellesley St East, Auckland, Auckland, NZ",-36.8528033333,174.7675633333,5,,,5,,false,,,,Alchemilla australis,Slender parsley-piert,Plantae,1363874
263250633,f749c680-042e-4306-9956-47b870ab69dc,2024-09-22 07:41:05,2024-09-22,2024-09-21 19:41:05 UTC,Wellington,2025-02-27 08:33:01 UTC,2025-02-28 07:14:19 UTC,research,"",1,0,false,"Symonds St, Auckland, Auckland, NZ",-36.855605,174.7667083333,6,,,6,,false,,,agapanthus,Agapanthus praecox,agapanthus,Plantae,199324
263422542,888287d6-73f7-4f36-9043-c8af84b439d0,2025-02-24 11:56:13,2025-02-24,2025-02-23 22:56:13 UTC,Wellington,2025-02-28 21:59:46 UTC,2025-04-10 21:26:07 UTC,research,"",1,0,false,"Auckland Central, Auckland 1010, New Zealand",-36.8498033997,174.7694807,,,,,,false,gps,gps,silver fern,Cyathea dealbata,silver fern,Plantae,131669
263783766,5bd48f02-99b1-4916-a7a9-41ece08ac6f1,2025/03/03 4:05 PM,2025-03-03,2025-03-03 03:05:00 UTC,Wellington,2025-03-03 18:37:27 UTC,2025-03-03 18:38:11 UTC,casual,"",0,0,true,"Auckland Central, Auckland 1010, New Zealand",-36.8500810238,174.7714565478,5,,,5,,false,,,Dracophyllum sinclairii,Dracophyllum sinclairii,Gumland Grass Tree,Plantae,401516
264754548,058efcaa-f1c1-4402-b63e-e674f29f46a1,2025-03-10 14:37:07,2025-03-10,2025-03-10 01:37:07 UTC,Wellington,2025-03-10 02:14:49 UTC,2025-03-10 02:14:58 UTC,casual,"",0,0,true,"Auckland Central, Auckland 1010, New Zealand",-36.84985932,174.77078416,7,,,7,open,false,,,Port Jackson fig,Ficus rubiginosa,Port Jackson fig,Plantae,199385
264755362,1cabae26-2def-404e-8a7e-a41510ef43e4,2025-03-10 15:18:31,2025-03-10,2025-03-10 02:18:31 UTC,Wellington,2025-03-10 02:19:19 UTC,2025-03-10 02:19:27 UTC,casual,"",0,0,true,"Auckland Central, Auckland 1010, New Zealand",-36.84982446,174.77095056,7,,,7,open,false,,,Kawakawa,Piper excelsum,Kawakawa,Plantae,404899
264879776,99101c1d-9747-475d-8105-080fe074400f,2025-03-11 14:20:34+13:00,2025-03-11,2025-03-11 01:20:34 UTC,Wellington,2025-03-11 01:24:02 UTC,2025-03-17 13:04:38 UTC,research,"",1,0,false,"University of Auckland - City Campus, Auckland, Auckland, NZ",-36.8499116667,174.7717883333,19,,,19,open,false,,,Māhoe,Melicytus ramiflorus,Māhoe,Plantae,197063
264909316,652b301c-c80e-49e1-9fc8-e1ee905a1411,2025/03/11 3:57 PM,2025-03-11,2025-03-11 02:57:00 UTC,Wellington,2025-03-11 08:18:56 UTC,2025-03-11 16:14:20 UTC,casual,"",0,0,true,"Auckland Central, Auckland 1010, New Zealand",-36.8499014068,174.7709027335,4,,,4,,false,,,Norfolk Island Pine,Araucaria heterophylla,Norfolk Island Pine,Plantae,127890
264976553,751d191e-332d-4682-bbf3-bb8209556cb4,2025-03-12 10:26:14+13:00,2025-03-12,2025-03-11 21:26:14 UTC,Wellington,2025-03-11 21:26:58 UTC,2025-06-19 21:31:00 UTC,needs_id,"",0,0,false,"North Island / Te Ika-a-Māui, Auckland, Auckland, NZ",-36.8555112582,174.7679027387,9,,,9,,false,,,"",Asteroideae,,Plantae,632790
265017809,49ee9e9d-9962-4943-85bd-2b82c3b64d82,2025/03/12 4:35 PM,2025-03-12,2025-03-12 03:35:00 UTC,Wellington,2025-03-12 05:36:46 UTC,2025-03-12 06:47:10 UTC,casual,"",0,0,true,"Auckland Central, Auckland 1010, New Zealand",-36.8494107151,174.7711003901,5,,,5,,false,,,giant sequoia,Sequoiadendron giganteum,Sierra redwood,Plantae,59567
265097111,aaea1c7e-24e6-4367-862a-3d4b25909a46,2025-03-13 10:38:32,2025-03-13,2025-03-12 21:38:32 UTC,Wellington,2025-03-12 21:46:09 UTC,2025-03-28 04:34:59 UTC,casual,"",0,0,true,"Auckland Central, Auckland 1010, New Zealand",-36.85139983,174.7707577,7,,,7,,false,,,flax-lilies,Dianella,flax-lilies,Plantae,53691
265099825,9bd54af7-10e0-4b6b-8623-1c9ab7a465ad,2025-03-13 11:09:07,2025-03-13,2025-03-12 22:09:07 UTC,Wellington,2025-03-12 22:13:36 UTC,2025-03-27 23:41:09 UTC,casual,"",0,0,true,"University General Library, Auckland Central, Auckland 1010, New Zealand",-36.8517718438,174.769586809,27,,,27,open,false,gps,gps,American sycamore,Platanus occidentalis,American sycamore,Plantae,49662
265331709,cab367c4-d0ea-442e-ae6c-0c96e653603f,2024-04-18 11:56:30+12:00,2024-04-18,2024-04-17 23:56:30 UTC,Wellington,2025-03-14 22:40:29 UTC,2026-01-13 18:13:58 UTC,research,"",2,0,false,"University of Auckland - City Campus, Auckland, Auckland, NZ",-36.8509794121,174.7706077883,35,,,35,open,false,,,celery pine,Phyllocladus trichomanoides,Tānekaha,Plantae,54687
265331756,af19971d-535b-4a58-a6ec-293d93fc5551,2024-04-18 11:57:35+12:00,2024-04-18,2024-04-17 23:57:35 UTC,Wellington,2025-03-14 22:40:58 UTC,2025-03-15 21:43:37 UTC,casual,"",0,0,true,"University of Auckland - City Campus, Auckland, Auckland, NZ",-36.8510577652,174.7706905448,35,,,35,,false,,,"",Phyllocladus,Celery-pine,Plantae,54691
265333043,ed02edc7-5cfe-41bb-abc3-26d043a8cbde,2024-04-18 16:20:20+12:00,2024-04-18,2024-04-18 04:20:20 UTC,Wellington,2025-03-14 22:52:51 UTC,2025-05-13 03:45:12 UTC,casual,"",1,0,true,"University of Auckland - City Campus, Auckland, Auckland, NZ",-36.8512060261,174.7709971655,35,,,35,open,false,,,celery pine,Phyllocladus trichomanoides,Tānekaha,Plantae,54687
265333057,47462470-5685-4bf1-a2be-e30d26c228b6,2024-04-18 16:22:04+12:00,2024-04-18,2024-04-18 04:22:04 UTC,Wellington,2025-03-14 22:53:02 UTC,2026-01-19 00:24:54 UTC,casual,"",1,0,true,"University of Auckland - City Campus, Auckland, Auckland, NZ",-36.8512049418,174.7709637877,35,,,35,,false,,,Kawaka,Libocedrus plumosa,Kawaka,Plantae,135819
265638357,613e204a-7d6a-4242-b3e8-41d48b323af2,2025-03-17 14:14:31+13:00,2025-03-17,2025-03-17 01:14:31 UTC,Wellington,2025-03-17 01:15:06 UTC,2025-04-12 22:33:48 UTC,research,"",1,0,false,"University of Auckland - City Campus, Auckland, Auckland, NZ",-36.8496366667,174.7714533333,37,,,37,,false,,,Whau,Entelea arborescens,Whau,Plantae,343580
265639209,19d9f45a-ee57-4f10-b394-701fbd1297b6,2025-03-17 14:21:38+13:00,2025-03-17,2025-03-17 01:21:38 UTC,Wellington,2025-03-17 01:22:10 UTC,2025-05-09 04:09:03 UTC,research,"",2,0,false,"University of Auckland - City Campus, Auckland, Auckland, NZ",-36.8496720652,174.7712730303,8,,,8,,false,,,princess tree,Paulownia tomentosa,princess tree,Plantae,119792
265753423,90074fe3-3fbd-4d0f-8bae-bfc8e388eaf1,2025-03-17 14:19:54+13:00,2025-03-17,2025-03-17 01:19:54 UTC,Wellington,2025-03-17 22:03:29 UTC,2025-04-13 01:08:59 UTC,research,"",1,0,false,"University of Auckland - City Campus, Auckland, Auckland, NZ",-36.849555,174.7713616667,12,,,12,,false,,,Whau,Entelea arborescens,Whau,Plantae,343580
265922528,3d862a05-ec37-40f0-bbcb-cdfae8610d3c,2025/03/19 3:51 PM,2025-03-19,2025-03-19 02:51:00 UTC,Wellington,2025-03-19 05:04:26 UTC,2025-03-19 05:04:58 UTC,casual,"",0,0,true,"Auckland Central, Auckland 1010, New Zealand",-36.8497469232,174.7699296898,2,,,2,,false,,,Wonder Tree,Idesia polycarpa,Wonder tree,Plantae,402779
266189207,4601490a-440e-4749-a428-6df4c4090d90,2024-04-29 13:04:46,2024-04-29,2024-04-29 01:04:46 UTC,Wellington,2025-03-21 03:53:09 UTC,2025-03-21 06:15:54 UTC,needs_id,"",0,0,false,"Auckland CBD, Auckland 1010新西兰",-36.850664,174.7705834997,,,,,,false,,,,Begonia,Begonias,Plantae,126405
266792909,95838062-1929-423d-936d-fad8b13bb420,2025/03/24 3:39 PM,2025-03-24,2025-03-24 02:39:00 UTC,Wellington,2025-03-24 19:33:28 UTC,2025-03-24 19:34:54 UTC,casual,"",0,0,true,"Auckland Central, Auckland 1010, New Zealand",-36.8488167573,174.7701034929,4,,,4,open,false,,,American Sweetgum,Liquidambar styraciflua,American sweetgum,Plantae,49658
266852037,b22df335-8ac6-47c5-b844-a1ced472140c,2025/03/25 2:47 PM,2025-03-25,2025-03-25 01:47:00 UTC,Wellington,2025-03-25 03:48:40 UTC,2025-03-25 03:50:15 UTC,casual,"",0,0,true,"Auckland Central, Auckland 1010, New Zealand",-36.8500493527,174.7705021733,4,,,4,open,false,,,Lemon Scented Tea Tree,Leptospermum petersonii,Lemon Scented Tea Tree,Plantae,403395
266852373,389895d2-6440-43bb-bac6-9efd8374621f,2025/03/25 2:50 PM,2025-03-25,2025-03-25 01:50:00 UTC,Wellington,2025-03-25 03:51:57 UTC,2025-03-25 03:53:04 UTC,casual,"",0,0,true,"Auckland Central, Auckland 1010, New Zealand",-36.8500691162,174.7704240214,8,,,8,open,false,,,Peruvian Pepper Tree,Schinus molle,Peruvian Pepper Tree,Plantae,57354
267787130,9c0afd41-a4bc-463d-ad3d-6711711a7438,2025-03-31 10:10:56,2025-03-31,2025-03-30 21:10:56 UTC,Wellington,2025-03-30 21:13:51 UTC,2025-04-05 17:26:56 UTC,casual,"",1,0,true,"Auckland, NZ",-36.8520661513,174.7683784738,8,,,8,,false,gps,gps,Shore Spurge,Euphorbia glauca,Shore Spurge,Plantae,401789
267787644,245f3051-d289-4719-9c18-2ecc7271c2c0,2025-03-31 10:15:05,2025-03-31,2025-03-30 21:15:05 UTC,Wellington,2025-03-30 21:16:31 UTC,2025-04-05 17:47:21 UTC,casual,"",1,0,true,"Auckland Central, Auckland 1010, New Zealand",-36.8521498557,174.7683415934,8,,,8,,false,gps,gps,Creeping Wire Vine,Muehlenbeckia axillaris,Creeping Wire Vine,Plantae,349797
267833384,7bce3f2c-a5c8-4766-b7e9-450d0ab02b56,2025-03-31 10:17:56,2025-03-31,2025-03-30 21:17:56 UTC,Wellington,2025-03-31 02:19:55 UTC,2025-05-07 05:41:53 UTC,casual,"",0,0,true,"Auckland Central, Auckland 1010, New Zealand",-36.8520935162,174.7682604566,9,,,9,,false,gps,gps,Parkinson's Rātā,Metrosideros parkinsonii,Parkinson's Rātā,Plantae,403883
268012366,4ba0b204-5f08-4ff3-8133-60d2b83453d0,2025-04-01 16:36:40,2025-04-01,2025-04-01 03:36:40 UTC,Wellington,2025-04-01 03:40:53 UTC,2025-04-23 04:18:18 UTC,needs_id,"",0,0,false,"Auckland Central, Auckland 1010, New Zealand",-36.85179013,174.77020484,7,,,7,,false,,,Star jasmine,Trachelospermum jasminoides,Star jasmine,Plantae,169856
268347790,b1755fff-6d9d-4e04-b78e-797cdb174d9a,2025-04-01 17:50:42+13:00,2025-04-01,2025-04-01 04:50:42 UTC,Wellington,2025-04-03 08:20:30 UTC,2025-04-04 01:16:23 UTC,research,"",1,0,false,"North Island / Te Ika-a-Māui, Auckland, Auckland, NZ",-36.84988,174.76883,14,,,14,,false,,,Moreton Bay fig,Ficus macrophylla,Moreton Bay fig,Plantae,126854
268815695,46027003-c94b-4227-a25e-0469a0905571,2025-04-06 10:21:27+12:00,2025-04-06,2025-04-05 22:21:27 UTC,Wellington,2025-04-05 22:21:45 UTC,2025-04-06 12:49:12 UTC,casual,"",0,0,true,"North Island / Te Ika-a-Māui, Auckland, Auckland, NZ",-36.8509590967,174.7725776477,9,,,9,,false,,,"",Mussaenda frondosa,wild mussaenda,Plantae,427222
269207438,f21ea1bb-a247-4ea6-b9dd-0eb69d79349b,2025-04-08 11:57:47+12:00,2025-04-08,2025-04-07 23:57:47 UTC,Wellington,2025-04-07 23:57:50 UTC,2025-04-11 02:29:10 UTC,casual,"",2,0,true,"University of Auckland - City Campus, Auckland, Auckland, NZ",-36.85101926,174.7706146391,20,,,20,,false,,,Kawaka,Libocedrus plumosa,Kawaka,Plantae,135819
269208354,6da41f0b-7a5b-4fdc-93f4-f77a79130739,2025-04-08 11:53:10+12:00,2025-04-08,2025-04-07 23:53:10 UTC,Wellington,2025-04-08 00:04:17 UTC,2025-04-11 12:51:42 UTC,casual,"",2,0,true,"University of Auckland - City Campus, Auckland, Auckland, NZ",-36.8509791324,174.7705815676,26,,,26,,false,,,Kawaka,Libocedrus plumosa,Kawaka,Plantae,135819
269243036,8297b237-d0ab-43d1-bfcd-2baff7c5bc0c,2025-04-08 17:49:51,2025-04-08,2025-04-08 05:49:51 UTC,Wellington,2025-04-08 05:59:13 UTC,2025-04-18 23:06:14 UTC,research,"",2,0,false,"Waterloo Quadrant, Auckland Central, Auckland 1010, New Zealand",-36.8509251331,174.7716454044,5,,,5,open,false,gps,gps,Phoenix palm,Phoenix canariensis,Phoenix palm,Plantae,78554
269370884,81ad3ef8-96f7-4350-83a5-5ad4c5584f4d,2025-04-09 11:51:00+12:00,2025-04-09,2025-04-08 23:51:00 UTC,Wellington,2025-04-08 23:51:09 UTC,2025-04-11 02:25:49 UTC,casual,"",2,0,true,"University of Auckland - City Campus, Auckland, Auckland, NZ",-36.8510373631,174.7706524296,70,,,70,open,false,,,Tōtara,Podocarpus totara,Tōtara,Plantae,85275
269371213,d877ec1c-fb49-483c-8b77-2116700094a8,2025-04-09 11:44:32+12:00,2025-04-09,2025-04-08 23:44:32 UTC,Wellington,2025-04-08 23:53:32 UTC,2025-04-11 02:26:42 UTC,casual,"",0,0,true,"University of Auckland - City Campus, Auckland, Auckland, NZ",-36.8510354503,174.7706491226,35,,,35,open,false,,,"",Prumnopitys taxifolia,Mataī,Plantae,135506
269510807,01e8e96b-9c72-40be-aff7-738592421806,2025-04-06 11:32:02,2025-04-06,2025-04-05 23:32:02 UTC,Wellington,2025-04-09 20:14:10 UTC,2025-04-10 08:32:31 UTC,research,"",2,0,false,"University of Auckland, Auckland Central, Auckland 1010, New Zealand",-36.8533141997,174.7712117,,,,,,false,,,Karaka,Corynocarpus laevigatus,Karaka,Plantae,160928
269534080,053c249b-08d0-40cb-9ba3-97f5ad3d9ba7,2025-04-10 10:48:07+12:00,2025-04-10,2025-04-09 22:48:07 UTC,Wellington,2025-04-09 22:48:43 UTC,2025-04-11 04:36:32 UTC,casual,"",3,0,true,"University of Auckland - City Campus, Auckland, Auckland, NZ",-36.8510062622,174.770612274,22,,,22,,false,,,Polypodiales,Polypodiales,,Plantae,47754
269541909,28c338b9-2237-4e20-8969-2e977b1c2bc1,2025-04-10 11:51:03+12:00,2025-04-10,2025-04-09 23:51:03 UTC,Wellington,2025-04-09 23:51:09 UTC,2025-04-12 08:26:25 UTC,casual,"",0,0,true,"University of Auckland - City Campus, Auckland, Auckland, NZ",-36.8511965084,174.7710021274,22,,,22,,false,,,"",Adiantum,maidenhair ferns,Plantae,48436
269542023,8174a41f-1bea-4dca-8096-f60a71f6f712,2025-04-10 11:51:19+12:00,2025-04-10,2025-04-09 23:51:19 UTC,Wellington,2025-04-09 23:51:49 UTC,2025-04-11 04:34:41 UTC,casual,"",1,0,true,"University of Auckland - City Campus, Auckland, Auckland, NZ",-36.8511970518,174.7708969257,24,,,24,,false,,,Delta Maidenhair Fern,Adiantum raddianum,Delta Maidenhair Fern,Plantae,158023
269542524,ca508f4d-e865-4246-a2b5-733c61909f66,2025-04-10 11:55:11+12:00,2025-04-10,2025-04-09 23:55:11 UTC,Wellington,2025-04-09 23:55:24 UTC,2025-04-10 09:03:19 UTC,casual,"",2,0,true,"University of Auckland - City Campus, Auckland, Auckland, NZ",-36.8510280889,174.770632246,26,,,26,open,false,,,Mataī,Prumnopitys taxifolia,Mataī,Plantae,135506
269542715,e36a21c3-4855-4555-828d-8ca18abbfc0a,2025-04-10 11:50:23+12:00,2025-04-10,2025-04-09 23:50:23 UTC,Wellington,2025-04-09 23:56:53 UTC,2025-04-23 06:34:22 UTC,casual,"",0,0,true,"University of Auckland - City Campus, Auckland, Auckland, NZ",-36.8511964813,174.7709521275,10,,,10,,false,,,"",Blechnum parrisiae,common rasp fern,Plantae,446744
269542733,cb871e3c-5c60-4960-a1cd-0a0d6d44af67,2025-04-10 11:56:53+12:00,2025-04-10,2025-04-09 23:56:53 UTC,Wellington,2025-04-09 23:57:04 UTC,2025-04-11 02:24:00 UTC,casual,"",2,0,true,"University of Auckland - City Campus, Auckland, Auckland, NZ",-36.8510035006,174.7706189155,26,,,26,open,false,,,Tōtara,Podocarpus totara,Tōtara,Plantae,85275
269543164,f5752d8a-ccba-4a77-8223-4a8662724984,2025-04-10 12:00:57+12:00,2025-04-10,2025-04-10 00:00:57 UTC,Wellington,2025-04-10 00:01:00 UTC,2025-04-10 09:02:37 UTC,casual,"",2,0,true,"University of Auckland - City Campus, Auckland, Auckland, NZ",-36.8511964603,174.7709521474,8,,,8,open,false,,,Mataī,Prumnopitys taxifolia,Mataī,Plantae,135506
269543881,5e11181b-25b5-4953-8d92-d9f8f21de9e1,2025-04-10 12:07:13+12:00,2025-04-10,2025-04-10 00:07:13 UTC,Wellington,2025-04-10 00:07:24 UTC,2025-04-11 02:24:03 UTC,casual,"",2,0,true,"University of Auckland - City Campus, Auckland, Auckland, NZ",-36.851215769,174.7710335856,32,,,32,open,false,,,Mataī,Prumnopitys taxifolia,Mataī,Plantae,135506
269703605,ee628a18-36a7-431d-aec8-1624a23f66fe,2025-04-11 11:47:07+12:00,2025-04-11,2025-04-10 23:47:07 UTC,Wellington,2025-04-10 23:47:17 UTC,2025-04-11 05:18:06 UTC,casual,"",2,0,true,"University of Auckland - City Campus, Auckland, Auckland, NZ",-36.8510077533,174.7706136894,17,,,17,,false,,,Kawaka,Libocedrus plumosa,Kawaka,Plantae,135819
269703724,8fe91041-d2cd-4b4e-b282-a34f405f5d86,2025-04-11 11:47:55+12:00,2025-04-11,2025-04-10 23:47:55 UTC,Wellington,2025-04-10 23:48:06 UTC,2025-04-11 05:18:04 UTC,casual,"",2,0,true,"University of Auckland - City Campus, Auckland, Auckland, NZ",-36.8509908945,174.7705931765,18,,,18,,false,,,Kawaka,Libocedrus plumosa,Kawaka,Plantae,135819
269703817,566bb849-af66-4e8b-9ab8-69547e5b838a,2025-04-11 11:48:57+12:00,2025-04-11,2025-04-10 23:48:57 UTC,Wellington,2025-04-10 23:49:01 UTC,2025-04-11 05:18:02 UTC,casual,"",2,0,true,"University of Auckland - City Campus, Auckland, Auckland, NZ",-36.8510062432,174.7706197869,26,,,26,,false,,,Kawaka,Libocedrus plumosa,Kawaka,Plantae,135819
269703899,1fa7b299-77de-40a2-8f6d-b378963836bc,2025-04-11 11:49:31+12:00,2025-04-11,2025-04-10 23:49:31 UTC,Wellington,2025-04-10 23:49:34 UTC,2025-04-11 05:18:02 UTC,casual,"",2,0,true,"University of Auckland - City Campus, Auckland, Auckland, NZ",-36.8509720409,174.7705725716,27,,,27,,false,,,Kawaka,Libocedrus plumosa,Kawaka,Plantae,135819
269704821,28c0c06e-592e-4366-b269-3841fb5fb915,2025-04-11 11:55:42+12:00,2025-04-11,2025-04-10 23:55:42 UTC,Wellington,2025-04-10 23:55:51 UTC,2025-04-11 03:25:55 UTC,casual,"",2,0,false,"University of Auckland - City Campus, Auckland, Auckland, NZ",-36.8510186465,174.7706164454,26,,,26,open,false,,,celery pine,Phyllocladus trichomanoides,Tānekaha,Plantae,54687
269705134,ce754744-46ab-4fdd-bda3-c3f1c9e702c2,2025-04-11 11:56:52+12:00,2025-04-11,2025-04-10 23:56:52 UTC,Wellington,2025-04-10 23:58:11 UTC,2025-04-11 05:17:37 UTC,casual,"",2,0,false,"University of Auckland - City Campus, Auckland, Auckland, NZ",-36.8509998793,174.77060645,20,,,20,open,false,,,celery pine,Phyllocladus trichomanoides,Tānekaha,Plantae,54687
269705258,8f2e04fd-c257-47a8-b309-9d92708ff019,2025-04-11 11:58:57+12:00,2025-04-11,2025-04-10 23:58:57 UTC,Wellington,2025-04-10 23:59:10 UTC,2025-04-11 03:26:46 UTC,casual,"",2,0,false,"University of Auckland - City Campus, Auckland, Auckland, NZ",-36.8510176615,174.7706380759,17,,,17,open,false,,,celery pine,Phyllocladus trichomanoides,Tānekaha,Plantae,54687
269705339,2025a15c-c12e-4c2b-a008-b325dc984594,2025-04-11 11:59:48+12:00,2025-04-11,2025-04-10 23:59:48 UTC,Wellington,2025-04-10 23:59:52 UTC,2025-04-11 03:26:23 UTC,casual,"",0,0,false,"University of Auckland - City Campus, Auckland, Auckland, NZ",-36.8509644044,174.770558821,26,,,26,open,false,,,"",Podocarpus totara,Tōtara,Plantae,85275
269705416,13c51597-a44c-4e16-ba1d-12636a03e198,2025-04-11 12:00:32+12:00,2025-04-11,2025-04-11 00:00:32 UTC,Wellington,2025-04-11 00:00:36 UTC,2025-04-11 05:17:39 UTC,casual,"",2,0,false,"University of Auckland - City Campus, Auckland, Auckland, NZ",-36.8510072267,174.7706229191,14,,,14,open,false,,,Mataī,Prumnopitys taxifolia,Mataī,Plantae,135506
269705422,257a58ec-d1e9-46e4-ae98-81279978e7a0,2025-04-11 11:51:05+12:00,2025-04-11,2025-04-10 23:51:05 UTC,Wellington,2025-04-11 00:00:41 UTC,2025-04-11 02:50:19 UTC,casual,"",1,0,false,"University of Auckland - City Campus, Auckland, Auckland, NZ",-36.8509070313,174.7704420379,23,,,23,open,false,,,celery pine,Phyllocladus trichomanoides,Tānekaha,Plantae,54687
269705556,ff871077-25af-4f24-b08d-4ed3bcc83854,2025-04-11 12:00:46+12:00,2025-04-11,2025-04-11 00:00:46 UTC,Wellington,2025-04-11 00:02:00 UTC,2025-04-11 05:17:35 UTC,casual,"",2,0,false,"University of Auckland - City Campus, Auckland, Auckland, NZ",-36.8509766145,174.7705731376,19,,,19,open,false,,,Tōtara,Podocarpus totara,Tōtara,Plantae,85275
269707203,66a9fad8-78a7-482c-9766-819f9b069e47,2025-04-11 12:14:06+12:00,2025-04-11,2025-04-11 00:14:06 UTC,Wellington,2025-04-11 00:14:09 UTC,2025-04-11 03:27:15 UTC,casual,"",2,0,false,"University of Auckland - City Campus, Auckland, Auckland, NZ",-36.8510310348,174.7706460524,19,,,19,open,false,,,Mataī,Prumnopitys taxifolia,Mataī,Plantae,135506
269707277,f7744b10-01ca-41cf-a932-ebc728f25e3b,2025-04-11 12:14:55+12:00,2025-04-11,2025-04-11 00:14:55 UTC,Wellington,2025-04-11 00:15:01 UTC,2025-04-11 03:27:18 UTC,casual,"",2,0,false,"University of Auckland - City Campus, Auckland, Auckland, NZ",-36.8510347145,174.7706511569,17,,,17,open,false,,,Mataī,Prumnopitys taxifolia,Mataī,Plantae,135506
269707738,38d6bdb2-2a19-410d-a849-3f49cdd3c3b8,2025-04-11 11:59:53+12:00,2025-04-11,2025-04-10 23:59:53 UTC,Wellington,2025-04-11 00:19:09 UTC,2025-04-11 03:27:25 UTC,casual,"",2,0,false,"University of Auckland - City Campus, Auckland, Auckland, NZ",-36.851003664,174.7705886244,26,,,26,open,false,,,Mataī,Prumnopitys taxifolia,Mataī,Plantae,135506
269707761,92bc681b-ca4e-4d4d-a26c-7e1ce27b24cf,2025-04-11 12:19:16+12:00,2025-04-11,2025-04-11 00:19:16 UTC,Wellington,2025-04-11 00:19:22 UTC,2025-04-11 03:27:32 UTC,casual,"",0,0,false,"University of Auckland - City Campus, Auckland, Auckland, NZ",-36.8510092478,174.7706189147,26,,,26,,false,,,"",Libocedrus plumosa,Kawaka,Plantae,135819
269707772,5d47f826-665b-44e3-87b8-a054a3ff37bc,2025-04-11 12:19:28+12:00,2025-04-11,2025-04-11 00:19:28 UTC,Wellington,2025-04-11 00:19:31 UTC,2025-04-11 03:27:39 UTC,casual,"",0,0,false,"University of Auckland - City Campus, Auckland, Auckland, NZ",-36.8510413035,174.770666478,25,,,25,,false,,,"",Libocedrus plumosa,Kawaka,Plantae,135819
270273160,01843076-5096-4520-8b63-c9a47eed05b7,2025-04-13 15:36:21+12:00,2025-04-13,2025-04-13 03:36:21 UTC,Wellington,2025-04-13 20:11:27 UTC,2025-04-13 21:10:54 UTC,research,"",1,0,false,"Auckland, NZ",-36.8506133333,174.76918,52,,,52,open,false,,,Kawakawa,Piper excelsum,Kawakawa,Plantae,404899
270273275,6f44fefd-0f08-4487-97c4-d72ca752f1a4,2025-04-13 15:23:32+12:00,2025-04-13,2025-04-13 03:23:32 UTC,Wellington,2025-04-13 20:12:03 UTC,2025-04-13 20:12:10 UTC,casual,"",0,0,true,"University of Auckland - City Campus, Auckland, Auckland, NZ",-36.8496083333,174.7705383333,24,,,24,open,false,,,"",Stenocarpus sinuatus,Firewheel tree,Plantae,83360
270273528,ec33fd9a-ee4e-4345-9d2f-78960d122da8,2025-04-13 15:22:40+12:00,2025-04-13,2025-04-13 03:22:40 UTC,Wellington,2025-04-13 20:13:03 UTC,2025-04-13 20:13:10 UTC,casual,"",0,0,true,"University of Auckland - City Campus, Auckland, Auckland, NZ",-36.8495133333,174.7703083333,8,,,8,,false,,,"",Fuchsia triphylla,honeysuckle fuchsia,Plantae,498028
270345897,9c59499d-eeca-40aa-832f-28c8193e5725,2025/04/07 2:35 PM,2025-04-07,2025-04-07 02:35:00 UTC,Wellington,2025-04-14 02:20:43 UTC,2025-05-13 21:53:06 UTC,research,"",1,0,false,"Auckland Central, Auckland 1010, New Zealand",-36.8495346889,174.7707706278,8,,,8,,false,,,Cypress-leaved Plait-moss,Hypnum cupressiforme cupressiforme,Cypress-leaved Plait-moss,Plantae,241115
272128980,aec3953f-0c32-470c-8966-9e2d837cc2da,2025-04-22 11:23:52+12:00,2025-04-22,2025-04-21 23:23:52 UTC,Wellington,2025-04-22 04:12:03 UTC,2025-04-25 00:51:37 UTC,research,"",1,0,false,"North Island / Te Ika-a-Māui, Auckland, Auckland, NZ",-36.85487,174.768495,16,,,16,,false,,,oceanblue morning glory,Ipomoea indica,blue morning glory,Plantae,77496
272312032,700a94cb-2ba2-472e-9466-35a7a164b2a2,2025-04-23 10:39:16,2025-04-23,2025-04-22 22:39:16 UTC,Wellington,2025-04-22 22:40:05 UTC,2025-05-07 00:59:01 UTC,needs_id,"",0,0,false,"Auckland Central, Auckland 1010, New Zealand",-36.8524494,174.7695584,36,,,36,,false,,,,Muehlenbeckia,,Plantae,72245
272849301,3be1648e-9c6d-4cf8-8ac1-44af2b055926,2025-04-25 14:06:10,2025-04-25,2025-04-25 02:06:10 UTC,Wellington,2025-04-25 02:06:45 UTC,2025-09-04 06:14:38 UTC,research,"",1,0,false,"Grafton, Auckland, New Zealand",-36.855939,174.7667921,135,,,135,,false,,,Māpou,Myrsine australis,Māpou,Plantae,210946
272852228,0facc40d-f1bc-4c0f-94e5-c52e989637da,2025-04-25 14:17:53,2025-04-25,2025-04-25 02:17:53 UTC,Wellington,2025-04-25 02:18:47 UTC,2025-04-25 02:19:54 UTC,needs_id,"",0,0,false,"Waterloo Quadrant, Auckland Central, Auckland 1010, New Zealand",-36.8505719,174.7719419,116,,,116,,false,,,Brooms,Genista,Brooms,Plantae,47407
272865496,e874fcda-b3b7-429d-a707-8bdb4755395f,2025-04-25 15:14:59,2025-04-25,2025-04-25 03:14:59 UTC,Wellington,2025-04-25 03:16:24 UTC,2025-05-03 10:45:09 UTC,casual,"",1,0,true,"Auckland Central, Auckland 1010, New Zealand",-36.85183091,174.77165156,8,,,8,,false,,,pineapple,Ananas comosus,pineapple,Plantae,122965
272893674,c969121a-7f0c-439c-a52c-fdbfc79071cc,2025-04-25 17:24:30,2025-04-25,2025-04-25 05:24:30 UTC,Wellington,2025-04-25 05:26:10 UTC,2026-03-03 04:00:47 UTC,research,"",2,0,false,"Grafton, Auckland, New Zealand",-36.854125,174.7701366667,7,,,7,open,false,,,Brush wattle,Paraserianthes lophantha,Brush wattle,Plantae,139851
273499033,8579baa3-0315-45f7-b5bd-8a833186c957,2025-04-26 12:26:34,2025-04-26,2025-04-26 00:26:34 UTC,Wellington,2025-04-26 01:14:11 UTC,2025-05-23 03:55:08 UTC,research,"",2,0,false,"University General Library, Auckland Central, Auckland 1010, New Zealand",-36.8512138099,174.7693122178,177,,,177,,false,gps,gps,Small-leaved pohuehue,Muehlenbeckia complexa complexa,Tororaro,Plantae,468995
275282805,5dfd3036-0094-4b8b-9d7d-817e827c4817,2025-04-28 12:10:23+12:00,2025-04-28,2025-04-28 00:10:23 UTC,Wellington,2025-04-28 02:18:07 UTC,2025-04-28 02:18:43 UTC,needs_id,"",0,0,false,"University of Auckland - City Campus, Auckland, Auckland, NZ",-36.8510333333,174.7687833333,21,,,21,,false,,,"",Metrosideros excelsa,Pōhutukawa,Plantae,122905
275284143,c58a41e6-dfc4-44d3-a0e4-3c7fde24666a,2025-04-28 12:10:55+12:00,2025-04-28,2025-04-28 00:10:55 UTC,Wellington,2025-04-28 02:20:14 UTC,2025-04-28 02:20:32 UTC,needs_id,"",0,0,false,"University of Auckland - City Campus, Auckland, Auckland, NZ",-36.851075,174.7689666667,14,,,14,open,false,,,"",Cyperus alternifolius,Umbrella Papyrus,Plantae,208766
275284902,c51f4a9c-8e7d-4dea-b5ce-73265af4be7e,2025-04-28 12:11:00+12:00,2025-04-28,2025-04-28 00:11:00 UTC,Wellington,2025-04-28 02:21:12 UTC,2025-04-28 02:21:22 UTC,needs_id,"",0,0,false,"University of Auckland - City Campus, Auckland, Auckland, NZ",-36.851075,174.7688916667,11,,,11,,false,,,"",Corokia cotoneaster,Korokio,Plantae,184016
275285130,2d962ab8-9dd5-4964-a742-00bc6b2ecaeb,2025-04-28 12:11:53+12:00,2025-04-28,2025-04-28 00:11:53 UTC,Wellington,2025-04-28 02:21:32 UTC,2025-04-28 02:22:52 UTC,casual,"",1,0,true,"University of Auckland - City Campus, Auckland, Auckland, NZ",-36.85107,174.768845,7,,,7,,false,,,ginkgo,Ginkgo biloba,ginkgo,Plantae,64350
275285446,fa8853d7-1b82-476d-859e-cb0bb6692152,2025-04-28 12:12:28+12:00,2025-04-28,2025-04-28 00:12:28 UTC,Wellington,2025-04-28 02:22:03 UTC,2025-04-28 06:03:49 UTC,research,"",1,0,false,"University of Auckland - City Campus, Auckland, Auckland, NZ",-36.8509166667,174.768875,7,,,7,,false,,,Leather-leaf fern,Pyrrosia eleagnifolia,Leather-leaf fern,Plantae,210959
275286022,8a547244-aec5-42f4-be87-624d7f7f3193,2025-04-28 12:12:49+12:00,2025-04-28,2025-04-28 00:12:49 UTC,Wellington,2025-04-28 02:22:55 UTC,2025-08-04 04:19:20 UTC,needs_id,"",1,0,false,"University of Auckland - City Campus, Auckland, Auckland, NZ",-36.85093,174.768845,8,,,8,,false,,,joint-toothed mosses,Bryopsida,Joint-toothed Mosses,Plantae,48372
275286529,d7e9848f-5565-451c-93ce-10898e4fdcb6,2025-04-28 12:14:46+12:00,2025-04-28,2025-04-28 00:14:46 UTC,Wellington,2025-04-28 02:23:36 UTC,2025-04-28 02:24:00 UTC,needs_id,"",0,0,false,"University of Auckland - City Campus, Auckland, Auckland, NZ",-36.8506783333,174.7690716667,9,,,9,,false,,,"",Cirsium vulgare,Scotch Thistle,Plantae,52989
275286916,86c49e3e-2fee-4e72-a369-d9fd528a8d50,2025-04-28 12:15:04+12:00,2025-04-28,2025-04-28 00:15:04 UTC,Wellington,2025-04-28 02:24:10 UTC,2025-04-29 04:17:17 UTC,research,"",1,0,false,"University of Auckland - City Campus, Auckland, Auckland, NZ",-36.8507583333,174.7691633333,10,,,10,open,false,,,Kawakawa,Piper excelsum,Kawakawa,Plantae,404899
275287324,7b5e80e7-3184-4c97-a408-2ff19b0cb9c8,2025-04-28 12:15:44+12:00,2025-04-28,2025-04-28 00:15:44 UTC,Wellington,2025-04-28 02:24:46 UTC,2025-04-28 02:24:57 UTC,needs_id,"",0,0,false,"University of Auckland - City Campus, Auckland, Auckland, NZ",-36.850825,174.769455,7,,,7,,false,,,"",Lamiaceae,Mint Family,Plantae,48623
275287552,429f8540-adbc-4448-b529-4d9cc9b8e374,2025-04-28 12:16:48+12:00,2025-04-28,2025-04-28 00:16:48 UTC,Wellington,2025-04-28 02:25:07 UTC,2025-04-29 04:17:18 UTC,research,"",1,0,false,"University of Auckland - City Campus, Auckland, Auckland, NZ",-36.8510166667,174.7695,10,,,10,,false,,,Ivy-leaved toadflax,Cymbalaria muralis,Ivy-leaved toadflax,Plantae,55727
275288900,00b36df6-fa32-42f5-a5b2-219805541f8b,2025-04-28 12:17:19+12:00,2025-04-28,2025-04-28 00:17:19 UTC,Wellington,2025-04-28 02:27:11 UTC,2025-04-28 06:03:33 UTC,needs_id,"",1,0,false,"University of Auckland - City Campus, Auckland, Auckland, NZ",-36.851155,174.769425,13,,,13,,false,,,ladder fern,Nephrolepis cordifolia,ladder fern,Plantae,48233
275289332,a5959402-9b36-4301-9a33-6da17467aada,2025-04-28 12:18:59+12:00,2025-04-28,2025-04-28 00:18:59 UTC,Wellington,2025-04-28 02:27:52 UTC,2025-04-28 05:56:24 UTC,research,"",1,0,false,"University of Auckland - City Campus, Auckland, Auckland, NZ",-36.8513616667,174.7698666667,9,,,9,,false,,,Leather-leaf fern,Pyrrosia eleagnifolia,Leather-leaf fern,Plantae,210959
275289696,5e7882c7-19dd-4fd3-a9ac-291edc6d1316,2025-04-28 12:20:22+12:00,2025-04-28,2025-04-28 00:20:22 UTC,Wellington,2025-04-28 02:28:30 UTC,2025-04-28 02:28:56 UTC,needs_id,"",0,0,false,"University of Auckland - City Campus, Auckland, Auckland, NZ",-36.8510166667,174.7697133333,8,,,8,,false,,,"",Lepidium,Pepperweeds,Plantae,47203
275293209,519bdc84-faaa-461a-b5d0-561a273212cc,2025-04-28 12:21:44+12:00,2025-04-28,2025-04-28 00:21:44 UTC,Wellington,2025-04-28 02:34:19 UTC,2025-04-28 02:34:25 UTC,needs_id,"",0,0,false,"University of Auckland - City Campus, Auckland, Auckland, NZ",-36.8507333333,174.7695,12,,,12,,false,,,"",Malva,Mallows,Plantae,55978
275293446,b8be3b45-2e40-4504-bd00-c9936d86ab60,2025-04-28 12:22:03+12:00,2025-04-28,2025-04-28 00:22:03 UTC,Wellington,2025-04-28 02:34:43 UTC,2025-12-07 00:31:25 UTC,research,"",1,0,false,"University of Auckland - City Campus, Auckland, Auckland, NZ",-36.8506666667,174.769395,14,,,14,,false,,,Petty Spurge,Euphorbia peplus,Petty Spurge,Plantae,57036
275293846,18e9cd1e-9506-4d7b-a74b-88d6ff755341,2025-04-28 12:24:28+12:00,2025-04-28,2025-04-28 00:24:28 UTC,Wellington,2025-04-28 02:35:20 UTC,2025-04-28 05:55:44 UTC,research,"",1,0,false,"University of Auckland - City Campus, Auckland, Auckland, NZ",-36.85057,174.7698533333,17,,,17,,false,,,Shaking Brake,Pteris tremula,Shaking Brake,Plantae,78778
275294217,bebd194a-578d-4f79-bdd0-450abf048606,2025-04-28 12:24:35+12:00,2025-04-28,2025-04-28 00:24:35 UTC,Wellington,2025-04-28 02:35:52 UTC,2025-05-01 00:25:23 UTC,research,"",1,0,false,"University of Auckland - City Campus, Auckland, Auckland, NZ",-36.850595,174.7698666667,14,,,14,,false,,,Hairy Pennywort,Hydrocotyle moschata,Hairy Pennywort,Plantae,163873
275299595,ab4f864e-0484-47d0-976a-66f429d1e91f,2025-04-28 12:28:44+12:00,2025-04-28,2025-04-28 00:28:44 UTC,Wellington,2025-04-28 02:45:08 UTC,2025-05-04 06:01:55 UTC,research,"",1,0,false,"University of Auckland - City Campus, Auckland, Auckland, NZ",-36.8509466667,174.7707216667,10,,,10,,false,,,Fishtail oxalis,Oxalis latifolia,Fishtail oxalis,Plantae,61839
275299917,bc361cc3-aff8-43f4-b57e-d24e74b40606,2025-04-28 12:31:15+12:00,2025-04-28,2025-04-28 00:31:15 UTC,Wellington,2025-04-28 02:45:48 UTC,2025-04-28 02:45:53 UTC,needs_id,"",0,0,false,"University of Auckland - City Campus, Auckland, Auckland, NZ",-36.8513533333,174.7707666667,8,,,8,,false,,,"",Oxalis corniculata,Creeping Woodsorrel,Plantae,53168
278595518,bdafe05c-d998-40cf-bc0f-5784fedec7d6,2025-05-05 12:09:19,2025-05-05,2025-05-05 00:09:19 UTC,Wellington,2025-05-05 00:18:44 UTC,2025-05-05 00:50:28 UTC,research,"",1,0,false,"Auckland Central, Auckland 1010, New Zealand",-36.8504454335,174.7694852203,31,,,31,,false,,,Pigeonwood,Hedycarya arborea,Pigeonwood,Plantae,402414
280049511,6895f47c-f7e3-4a4a-8446-fb611ed5b3a1,2025-04-23 08:10:21,2025-04-23,2025-04-22 20:10:21 UTC,Wellington,2025-05-10 20:47:47 UTC,2025-05-11 19:36:57 UTC,casual,"",0,0,true,"Auckland Central, Auckland 1010, New Zealand",-36.849284,174.769722,,,,,open,false,,,Banana-Shrub,Magnolia figo,banana-shrub,Plantae,208814
280433169,adee19cd-c2ce-4eb4-b49f-929a226962e7,2025-05-12 13:57:53,2025-05-12,2025-05-12 01:57:53 UTC,Wellington,2025-05-12 02:42:06 UTC,2025-05-25 10:58:15 UTC,research,"",3,0,false,"Auckland Central, Auckland 1010, New Zealand",-36.85025307,174.7696404532,12,,,12,open,false,gps,gps,Tītoki,Alectryon excelsus,Tītoki,Plantae,399464
280433283,e18b684f-35ca-4693-a581-7f43c4718c70,2025-05-12 13:59:25,2025-05-12,2025-05-12 01:59:25 UTC,Wellington,2025-05-12 02:42:56 UTC,2025-05-13 19:08:31 UTC,research,"",1,0,false,"Auckland Central, Auckland 1010, New Zealand",-36.8499861211,174.7696850449,35,,,35,,false,,,ladder fern,Nephrolepis cordifolia,ladder fern,Plantae,48233
280458773,2d57ee51-d640-44a7-b899-11d559f73c9e,2025-05-12 08:54:38,2025-05-12,2025-05-11 20:54:38 UTC,Wellington,2025-05-12 05:31:47 UTC,2026-03-27 17:23:25 UTC,needs_id,"",2,1,false,"Auckland Central, Auckland 1010, New Zealand",-36.8506866,174.770057,22,,,22,,false,,,Melastomatoideae,Melastomatoideae,,Plantae,920772
280681791,40f9a6cb-569b-4c8e-be13-5d2c8a976353,2025-05-13 13:44:01,2025-05-13,2025-05-13 01:44:01 UTC,Wellington,2025-05-13 01:55:26 UTC,2025-08-10 22:11:17 UTC,casual,"",0,0,true,"Waterloo Quadrant, Auckland Central, Auckland 1010, New Zealand",-36.8505696513,174.7708454356,10,,,10,open,false,,,Kauri,Agathis australis,Kauri,Plantae,121718
280836280,b18b0720-c74c-448f-a7f6-8ec75d924a3b,2025/05/13 4:09 PM,2025-05-13,2025-05-13 04:09:00 UTC,Wellington,2025-05-13 18:40:39 UTC,2025-05-15 07:28:32 UTC,casual,"",1,0,true,"Auckland Central, Auckland 1010, New Zealand",-36.8490485234,174.7697741568,1,,,1,open,false,,,oleander,Nerium oleander,oleander,Plantae,47563
281097107,9e5cd24d-a1ac-4c71-b03a-d2a3a7d9d353,2025/05/14 4:37 PM,2025-05-14,2025-05-14 04:37:00 UTC,Wellington,2025-05-14 20:16:22 UTC,2025-05-14 20:17:07 UTC,casual,"",0,0,true,"Auckland Central, Auckland 1010, New Zealand",-36.849584959,174.7700696441,5,,,5,open,false,,,Southern Magnolia,Magnolia grandiflora,southern magnolia,Plantae,83074
282715366,8cd8bf31-52e8-4e54-8e8d-29386620fe74,2025/05/19 3:16 PM,2025-05-19,2025-05-19 03:16:00 UTC,Wellington,2025-05-20 19:53:47 UTC,2025-05-20 19:54:34 UTC,casual,"",0,0,true,"Auckland Central, Auckland 1010, New Zealand",-36.8491509427,174.7702856543,4,,,4,open,false,,,Firewheel Tree,Stenocarpus sinuatus,Firewheel tree,Plantae,83360
282764427,cdbd93d2-145e-4223-a9cc-d8384a3c02c2,2025-05-21 11:22:25+12:00,2025-05-21,2025-05-20 23:22:25 UTC,Wellington,2025-05-20 23:47:53 UTC,2025-05-22 09:20:22 UTC,casual,"",2,0,true,"University of Auckland - City Campus, Auckland, Auckland, NZ",-36.8504783333,174.7702783333,4,,,4,open,false,,,Prickly Pears,Opuntia ficus-indica,Indian fig,Plantae,64119
283301068,9cf1256e-3ec6-4f21-b377-f764f0591775,2025/05/23 9:29 AM,2025-05-23,2025-05-22 21:29:00 UTC,Wellington,2025-05-23 04:33:05 UTC,2025-05-23 04:33:44 UTC,casual,"",0,0,true,"Auckland Central, Auckland 1010, New Zealand",-36.8512976056,174.7699068059,4,,,4,,false,,,Atlas Cedar,Cedrus atlantica,Atlas cedar,Plantae,136234
283469680,1698ce45-c170-4740-a0ca-b1e76098d68d,2025-01-12 11:32:50+13:00,2025-01-12,2025-01-11 22:32:50 UTC,Wellington,2025-05-23 21:02:25 UTC,2025-05-23 21:02:30 UTC,casual,"",0,0,true,"North Island / Te Ika-a-Māui, Auckland, Auckland, NZ",-36.8510333333,174.7726133333,12,,,12,,false,,,"",Pleroma semidecandrum,glory bush,Plantae,1121127
284346410,c52a7fda-a0aa-4d7f-9142-88440539b32f,2025/05/22 8:18 AM,2025-05-22,2025-05-21 20:18:00 UTC,Wellington,2025-05-26 19:31:59 UTC,2025-05-27 18:33:09 UTC,casual,"",1,0,true,"Auckland Central, Auckland 1010, New Zealand",-36.8513791118,174.7707435669,2,,,2,,false,,,flax-lilies,Dianella,flax-lilies,Plantae,53691
284659543,decb0c8c-22ea-4db2-8291-f31db9aadf22,2025/05/13 3:16 PM,2025-05-13,2025-05-13 03:16:00 UTC,Wellington,2025-05-27 21:28:59 UTC,2026-03-17 01:49:37 UTC,needs_id,"",0,0,false,"Auckland Central, Auckland 1010, New Zealand",-36.8492268722,174.7697009572,16,,,16,open,false,,,Rianj Oak,Quercus lanata,Rianj Oak,Plantae,550909
284659546,5e391848-5b45-4bb5-9b72-b5dc49fb9b64,2025/05/13 3:21 PM,2025-05-13,2025-05-13 03:21:00 UTC,Wellington,2025-05-27 21:29:00 UTC,2025-05-29 04:58:32 UTC,research,"",1,0,false,"Auckland Central, Auckland 1010, New Zealand",-36.8502720664,174.7704383399,11,,,11,open,false,,,Coprosma acutifolia,Coprosma acutifolia,,Plantae,70253
284659547,c748df3b-e021-437a-97d7-a5deae81e795,2025/05/13 3:29 PM,2025-05-13,2025-05-13 03:29:00 UTC,Wellington,2025-05-27 21:29:00 UTC,2025-07-13 09:41:20 UTC,research,"",2,0,false,"Auckland Central, Auckland 1010, New Zealand",-36.8490444146,174.7702074051,8,,,8,open,false,,,Firewheel tree,Stenocarpus sinuatus,Firewheel tree,Plantae,83360
285001000,7ef3f290-e6d8-4eb4-a4bc-5972792afe3e,2025-05-29 16:11:16,2025-05-29,2025-05-29 04:11:16 UTC,Wellington,2025-05-29 06:13:16 UTC,2025-05-29 06:13:23 UTC,casual,"",0,0,true,"Auckland Central, Auckland 1010, New Zealand",-36.8509608153,174.7707438469,25,,,25,open,false,gps,gps,pomegranate,Punica granatum,pomegranate,Plantae,58300
285197409,fe16b195-de77-4faa-adba-bf0949808886,2025/05/13 3:30 PM,2025-05-13,2025-05-13 03:30:00 UTC,Wellington,2025-05-29 22:50:58 UTC,2025-06-03 00:44:13 UTC,research,"",1,0,false,"Auckland Central, Auckland 1010, New Zealand",-36.8490377727,174.770147621,8,,,8,,false,,,Sematophyllum subhumile contiguum,Sematophyllum subhumile contiguum,,Plantae,413892
285255755,a3537de5-ea39-4b94-9fce-b48db3242105,2025-05-30 16:24:46,2025-05-30,2025-05-30 04:24:46 UTC,Wellington,2025-05-30 04:41:39 UTC,2025-05-30 04:45:55 UTC,research,"",1,0,false,"Auckland Central, Auckland 1010, New Zealand",-36.8496027326,174.7702271864,24,,,24,,false,gps,gps,Krauss's clubmoss,Selaginella kraussiana,Krauss's spikemoss,Plantae,168763
286493411,66ced10b-2683-4333-8abc-dfce29070669,2025-06-03 15:33:19,2025-06-03,2025-06-03 03:33:19 UTC,Wellington,2025-06-03 08:57:22 UTC,2025-07-06 04:37:17 UTC,casual,"",2,0,true,"Auckland Central, Auckland 1010, New Zealand",-36.849763,174.769945,,,,,,false,gps,gps,common bird-of-paradise flower,Strelitzia reginae,common bird-of-paradise flower,Plantae,49143
286494195,017afb9c-8283-4195-8af6-65487d778e37,2025-06-03 15:23:08,2025-06-03,2025-06-03 03:23:08 UTC,Wellington,2025-06-03 09:04:40 UTC,2025-06-07 18:58:30 UTC,casual,"",1,0,true,"Auckland Central, Auckland 1010, New Zealand",-36.850002,174.770173,,,,,,false,gps,gps,Chinese silver grass,Miscanthus sinensis,Zebra grass,Plantae,165474
286647699,3faa898e-0f37-4e2d-9794-86c86fce6434,2025-06-03 12:28:16,2025-06-03,2025-06-03 00:28:16 UTC,Wellington,2025-06-03 21:36:00 UTC,2025-06-03 22:25:05 UTC,casual,"",1,0,true,"Auckland Central, Auckland 1010, New Zealand",-36.8498981216,174.7704105824,178,,,178,open,false,gps,gps,Firewheel tree,Stenocarpus sinuatus,Firewheel tree,Plantae,83360
286736657,0d354b4f-d7da-433b-baea-3b6eb3c3a5d1,2025/05/29 2:18 PM,2025-05-29,2025-05-29 02:18:00 UTC,Wellington,2025-06-04 07:11:45 UTC,2025-12-14 09:21:53 UTC,needs_id,"",0,0,false,"Auckland Central, Auckland 1010, New Zealand",-36.8492402946,174.7697255019,10,,,10,open,false,,,Rianj Oak,Quercus lanata,Rianj Oak,Plantae,550909
287158327,e0f85957-5287-4355-a76c-6c1f24dd4df3,2025-06-06 09:52:50,2025-06-06,2025-06-05 21:52:50 UTC,Wellington,2025-06-05 22:03:51 UTC,2025-06-05 22:06:08 UTC,casual,"",0,0,true,"University of Auckland, Auckland Central, Auckland 1010, New Zealand",-36.852456,174.769514,,,,,,false,gps,gps,Creeping Fuchsia,Fuchsia procumbens,Creeping Fuchsia,Plantae,409836
287171083,37509a0b-467a-4254-9c6c-5e7ddb522b04,2025-05-15 12:58:48,2025-05-15,2025-05-15 00:58:48 UTC,Wellington,2025-06-05 23:07:01 UTC,2025-06-05 23:07:13 UTC,needs_id,"",0,0,false,"Auckland Central, Auckland 1010, New Zealand",-36.8508834722,174.770874,,,,,open,false,gps,gps,Waitakere Kowhai,Sophora fulvida,Waitakere Kowhai,Plantae,406088
288334297,785421a5-e218-43c0-9a05-b43efd7cf865,2025-06-10 11:15:48,2025-06-10,2025-06-09 23:15:48 UTC,Wellington,2025-06-09 23:21:49 UTC,2025-06-12 07:22:17 UTC,casual,"",1,0,true,"Auckland Central, Auckland 1010, New Zealand",-36.849243,174.770783,,,,,open,false,gps,gps,Coastal Banksia,Banksia integrifolia,Coastal Banksia,Plantae,244884
288337447,5022c890-088c-47d6-8a1d-d9739f4cffe8,2025-06-10 11:05:14,2025-06-10,2025-06-09 23:05:14 UTC,Wellington,2025-06-09 23:39:09 UTC,2025-06-09 23:45:56 UTC,casual,"",0,0,true,"Auckland Central, Auckland 1010, New Zealand",-36.848578,174.772211,,,,,,false,gps,gps,North Island Lacebark,Hoheria populnea,North Island lacebark,Plantae,181603
288574592,34aa89e9-0e8c-4f76-aa32-6e25af670652,2025/06/11 8:25 AM,2025-06-11,2025-06-10 20:25:00 UTC,Wellington,2025-06-10 21:16:54 UTC,2025-06-10 21:17:52 UTC,casual,"",0,0,true,"Auckland Central, Auckland 1010, New Zealand",-36.8496544406,174.7701288923,4,,,4,,false,,,Glory Bush,Pleroma urvilleanum,Glory bush,Plantae,1263850
288575049,d80a1ff8-453d-4b24-be7b-ab3214a0c1fd,2025/06/11 8:26 AM,2025-06-11,2025-06-10 20:26:00 UTC,Wellington,2025-06-10 21:19:17 UTC,2025-06-10 23:44:47 UTC,research,"",2,0,false,"Auckland Central, Auckland 1010, New Zealand",-36.8496772969,174.7701217908,2,,,2,,false,,,Slender pennywort,Hydrocotyle tripartita,Slender pennywort,Plantae,402603
289102443,f8b72eb3-4006-4bd2-ac6a-ace4aba54750,2025/06/13 8:38 AM,2025-06-13,2025-06-12 20:38:00 UTC,Wellington,2025-06-12 20:44:17 UTC,2026-01-22 20:14:43 UTC,casual,"",0,0,true,"Auckland Central, Auckland 1010, New Zealand",-36.8507803842,174.7711154406,1,,,1,,false,,,Sweet Bamboo,Dendrocalamus latiflorus,sweet bamboo,Plantae,500715
289233690,e7ca480c-bb16-45b1-8363-71ef0a9f8f77,2025/06/03 7:38 PM,2025-06-03,2025-06-03 07:38:00 UTC,Wellington,2025-06-13 11:36:26 UTC,2025-06-13 11:37:43 UTC,casual,"",0,0,true,"Auckland Central, Auckland 1010, New Zealand",-36.8505388889,174.7707222222,12,,,12,,false,,,Muehlenbeckia platyclada,Muehlenbeckia platyclada,tapeworm plant,Plantae,278467
289723603,cffd506e-dc41-4158-b047-8fd7ee616687,2025-06-11 13:16:18,2025-06-11,2025-06-11 01:16:18 UTC,Wellington,2025-06-15 03:51:10 UTC,2025-06-24 00:18:47 UTC,research,"",2,0,false,"Waterloo Quadrant, Auckland Central, Auckland 1010, New Zealand",-36.8502235278,174.7717285,,,,,,false,gps,gps,puka,Griselinia lucida,Puka,Plantae,408842
290082831,7c482bf8-f479-440c-9507-1778862d4a07,2025/06/04 5:03 PM,2025-06-04,2025-06-04 05:03:00 UTC,Wellington,2025-06-16 08:48:48 UTC,2025-06-16 08:48:48 UTC,needs_id,"",0,0,false,"Auckland Central, Auckland 1010, New Zealand",-36.8526611111,174.7677472222,27,,,27,,false,,,Galinsoga,Galinsoga,galinsogas,Plantae,48177
290082836,52fe351d-fde8-4a38-b729-0b57c8fb90e6,2025/06/04 5:05 PM,2025-06-04,2025-06-04 05:05:00 UTC,Wellington,2025-06-16 08:48:49 UTC,2025-06-16 23:18:23 UTC,research,"",1,0,false,"Auckland Central, Auckland 1010, New Zealand",-36.8527027778,174.7677138889,28,,,28,,false,,,Moreton Bay fig,Ficus macrophylla,Moreton Bay fig,Plantae,126854
290082838,8cc29533-0af5-44e1-9281-1a9b784aa8ec,2025/06/04 5:05 PM,2025-06-04,2025-06-04 05:05:00 UTC,Wellington,2025-06-16 08:48:49 UTC,2025-12-03 10:09:48 UTC,research,"",1,0,false,"Auckland Central, Auckland 1010, New Zealand",-36.8527361111,174.7677305556,29,,,29,,false,,,Hairy-legs Groundsel,Senecio esleri,Hairy-legs Groundsel,Plantae,405985
290358598,4dbd9284-863d-41ce-b459-6207df854f28,2025/06/04 6:27 PM,2025-06-04,2025-06-04 06:27:00 UTC,Wellington,2025-06-17 09:48:27 UTC,2025-06-17 09:48:27 UTC,needs_id,"",0,0,false,"Auckland Central, Auckland 1010, New Zealand",-36.8490611111,174.7690111111,7,,,7,,false,,,Chlorophytum comosum,Chlorophytum comosum,Spider plant,Plantae,322492
290358600,6d95a109-ac5b-44d9-8095-99585271a8c4,2025/06/04 6:28 PM,2025-06-04,2025-06-04 06:28:00 UTC,Wellington,2025-06-17 09:48:27 UTC,2025-06-17 09:48:27 UTC,needs_id,"",0,0,false,"Auckland Central, Auckland 1010, New Zealand",-36.8491361111,174.7688138889,6,,,6,,false,,,Fatsia japonica,Fatsia japonica,Japanese aralia,Plantae,126735
290365886,b4c02d20-a74f-4d4a-abbd-f062fcd2e2a1,2025/06/04 6:28 PM,2025-06-04,2025-06-04 06:28:00 UTC,Wellington,2025-06-17 10:44:59 UTC,2025-06-18 06:25:09 UTC,research,"",1,0,false,"Auckland Central, Auckland 1010, New Zealand",-36.8491333333,174.7688138889,6,,,6,open,false,,,black maidenhair fern,Adiantum capillus-veneris,black maidenhair fern,Plantae,63916
290565868,0421bd4f-b74b-485d-a48a-11de0cdb1aa2,2025/06/18 11:17 AM,2025-06-18,2025-06-17 23:17:00 UTC,Wellington,2025-06-18 02:07:51 UTC,2025-06-18 02:08:41 UTC,casual,"",0,0,true,"Auckland Central, Auckland 1010, New Zealand",-36.8485713885,174.771492222,4,,,4,open,false,,,Queensland Kauri,Agathis robusta,Queensland kauri,Plantae,135362
290566333,6420bb2f-4dda-41b6-b4d8-f35359a51117,2025/06/18 11:20 AM,2025-06-18,2025-06-17 23:20:00 UTC,Wellington,2025-06-18 02:10:24 UTC,2025-06-24 02:32:58 UTC,casual,"",1,0,true,"Auckland Central, Auckland 1010, New Zealand",-36.8500845566,174.7710379056,3,,,3,,false,,,Elkhorn fern,Platycerium bifurcatum,Elkhorn fern,Plantae,133619
290877358,bee46917-6f59-47aa-bea9-d571e450d7d4,2025-06-19 14:03:25,2025-06-19,2025-06-19 02:03:25 UTC,Wellington,2025-06-19 08:37:08 UTC,2025-06-19 08:37:14 UTC,casual,"",0,0,true,"Alfred Street, Auckland Central, Auckland 1010, New Zealand",-36.8513172778,174.7686977778,,,,,,false,gps,gps,Ginkgo,Ginkgo,Ginkgo,Plantae,64355
291982453,822120ca-008d-4d50-b860-0bf7f9b431d3,2025-06-22 13:47:04+12:00,2025-06-22,2025-06-22 01:47:04 UTC,Wellington,2025-06-23 02:39:36 UTC,2025-06-23 02:40:02 UTC,casual,"",0,0,true,"University of Auckland - City Campus, Auckland, Auckland, NZ",-36.8501383333,174.7700633333,39,,,39,open,false,,,"",Psidium guajava,Common guava,Plantae,62859
292040090,cf32bab4-febb-4e88-b388-d85e37782e80,2025/06/23 4:03 PM,2025-06-23,2025-06-23 04:03:00 UTC,Wellington,2025-06-23 09:39:47 UTC,2025-06-23 09:40:32 UTC,casual,"",0,0,true,"Auckland Central, Auckland 1010, New Zealand",-36.8506839378,174.7693620206,2,,,2,,false,,,Narrow Leaved Maire,Nestegis montana,Narrow leaved maire,Plantae,409655
293919942,ed95ffc1-6ccd-4aad-a463-3d38a0c9d6a6,2025/06/30 11:51 AM,2025-06-30,2025-06-29 23:51:00 UTC,Wellington,2025-06-30 00:53:14 UTC,2025-06-30 02:50:43 UTC,needs_id,"",1,0,false,"Auckland Central, Auckland 1010, New Zealand",-36.850967957,174.768751559,8,,,8,,false,,,Korokio,Corokia,Korokio,Plantae,184013
293919945,9a2b89ad-37ce-48f3-8beb-8a4e548ab68b,2025/06/30 11:44 AM,2025-06-30,2025-06-29 23:44:00 UTC,Wellington,2025-06-30 00:53:14 UTC,2025-06-30 02:58:14 UTC,needs_id,"",2,0,false,"Auckland Central, Auckland 1010, New Zealand",-36.8510546809,174.7687032862,2,,,2,,false,,,Korokio,Corokia cotoneaster,Korokio,Plantae,184016
297147442,99c4d82b-a0eb-409e-acea-d083e56936f1,2025/06/27 11:55 AM,2025-06-27,2025-06-26 23:55:00 UTC,Wellington,2025-07-11 23:20:00 UTC,2025-07-12 00:12:59 UTC,research,"",1,0,false,"Auckland Central, Auckland 1010, New Zealand",-36.8498055556,174.7690055556,,,,,,false,,,Ivy-leaved toadflax,Cymbalaria muralis,Ivy-leaved toadflax,Plantae,55727
297223607,045307a4-6093-4dc3-81a4-8df83ea5d9c6,2025/06/17 1:56 PM,2025-06-17,2025-06-17 01:56:00 UTC,Wellington,2025-07-12 07:36:42 UTC,2025-07-12 07:36:42 UTC,needs_id,"",0,0,false,"Auckland Central, Auckland 1010, New Zealand",-36.8492055556,174.7697444444,11,,,11,,false,,,Cephaleuros,Cephaleuros,,Plantae,374578
297223609,2cad1401-fbd5-48ac-a273-efb8f28730d9,2025/06/17 1:57 PM,2025-06-17,2025-06-17 01:57:00 UTC,Wellington,2025-07-12 07:36:43 UTC,2025-07-13 05:45:31 UTC,needs_id,"",0,0,false,"Auckland Central, Auckland 1010, New Zealand",-36.8492611111,174.7697611111,8,,,8,open,false,,,silk oak,Grevillea robusta,silk oak,Plantae,77302
297223611,e1742892-4a2b-4a27-bc8e-4375e2948ccf,2025/06/17 1:57 PM,2025-06-17,2025-06-17 01:57:00 UTC,Wellington,2025-07-12 07:36:43 UTC,2025-07-21 09:18:51 UTC,needs_id,"",0,0,false,"Auckland Central, Auckland 1010, New Zealand",-36.8492888889,174.7697888889,8,,,8,,false,,,Japanese Plum-yew,Cephalotaxus harringtonia,Japanese Plum-yew,Plantae,142793
297508327,29d184fd-beba-490e-93f1-a0ff4b7376d7,2025/06/17 2:19 PM,2025-06-17,2025-06-17 02:19:00 UTC,Wellington,2025-07-13 06:13:44 UTC,2025-07-14 06:02:11 UTC,needs_id,"",0,0,false,"Auckland Central, Auckland 1010, New Zealand",-36.8489138889,174.7705694444,13,,,13,,false,,,Clematis and leatherflowers,Clematis,Clematis and leatherflowers,Plantae,49877
297511708,39fc7f54-41dd-41cb-a41f-1ae452f89ee0,2025/06/17 2:57 PM,2025-06-17,2025-06-17 02:57:00 UTC,Wellington,2025-07-13 06:42:35 UTC,2025-08-31 09:37:15 UTC,research,"",1,0,false,"Auckland Central, Auckland 1010, New Zealand",-36.8500555556,174.7701416667,20,,,20,,false,,,Veronica javanica,Veronica javanica,,Plantae,371708
297511709,8db9ea42-fd93-4d2e-9863-cdb12c40296b,2025/06/17 3:01 PM,2025-06-17,2025-06-17 03:01:00 UTC,Wellington,2025-07-13 06:42:35 UTC,2025-07-13 06:42:35 UTC,needs_id,"",0,0,false,"Auckland Central, Auckland 1010, New Zealand",-36.8501972222,174.7701277778,18,,,18,open,false,,,Camellia sinensis,Camellia sinensis,tea,Plantae,123005
297511710,2f0fca1a-c8bc-4a84-a45d-ef622a1c7fb8,2025/06/17 3:01 PM,2025-06-17,2025-06-17 03:01:00 UTC,Wellington,2025-07-13 06:42:35 UTC,2025-07-13 06:42:35 UTC,needs_id,"",0,0,false,"Auckland Central, Auckland 1010, New Zealand",-36.8502,174.7701277778,8,,,8,open,false,,,Camellia sinensis,Camellia sinensis,tea,Plantae,123005
297511712,e7a5ac35-14bd-431b-b553-bb2ddd5f8820,2025/06/17 3:03 PM,2025-06-17,2025-06-17 03:03:00 UTC,Wellington,2025-07-13 06:42:36 UTC,2025-07-13 06:42:36 UTC,needs_id,"",0,0,false,"Auckland Central, Auckland 1010, New Zealand",-36.8502361111,174.7700361111,15,,,15,open,false,,,Coprosma acutifolia,Coprosma acutifolia,,Plantae,70253
297511714,3df01914-e86f-42f7-a263-d4378da61329,2025/06/17 3:05 PM,2025-06-17,2025-06-17 03:05:00 UTC,Wellington,2025-07-13 06:42:36 UTC,2026-01-25 20:49:51 UTC,research,"",1,0,false,"Auckland Central, Auckland 1010, New Zealand",-36.8504305556,174.7699722222,6,,,6,open,false,,,Fried-egg flower,Oncoba spinosa,Fried-egg flower,Plantae,340332
297511717,2d8d26cd-cc1e-4cd9-8f78-9f25111dbbbf,2025/06/17 3:08 PM,2025-06-17,2025-06-17 03:08:00 UTC,Wellington,2025-07-13 06:42:37 UTC,2025-07-13 06:42:37 UTC,needs_id,"",0,0,false,"Auckland Central, Auckland 1010, New Zealand",-36.8502166667,174.7701111111,6,,,6,,false,,,Magnoliopsida,Magnoliopsida,dicots [paraphyletic],Plantae,47124
297511719,f77a19da-44de-419f-9960-c14db26ff8c3,2025/06/17 3:14 PM,2025-06-17,2025-06-17 03:14:00 UTC,Wellington,2025-07-13 06:42:37 UTC,2025-07-13 06:42:37 UTC,needs_id,"",0,0,false,"Auckland Central, Auckland 1010, New Zealand",-36.8500222222,174.7713611111,14,,,14,,false,,,Magnoliopsida,Magnoliopsida,dicots [paraphyletic],Plantae,47124
297511722,63f2de53-3566-4e21-9a07-f18b8e212d2f,2025/06/17 3:20 PM,2025-06-17,2025-06-17 03:20:00 UTC,Wellington,2025-07-13 06:42:38 UTC,2025-07-13 06:42:38 UTC,needs_id,"",0,0,false,"Auckland Central, Auckland 1010, New Zealand",-36.8495333333,174.7711472222,22,,,22,,false,,,Senna,Senna,sennas,Plantae,52348
297518249,1e5afb1a-c04f-4993-b406-aad3e84d3244,2025/06/17 3:22 PM,2025-06-17,2025-06-17 03:22:00 UTC,Wellington,2025-07-13 07:36:35 UTC,2025-12-08 05:43:34 UTC,research,"",2,0,false,"Auckland Central, Auckland 1010, New Zealand",-36.8498472222,174.7711027778,8,,,8,open,false,,,Myrsine aquilonia,Myrsine aquilonia,,Plantae,404062
297518254,25994976-8bc5-40d8-90b7-4a31584cb7a1,2025/06/17 3:23 PM,2025-06-17,2025-06-17 03:23:00 UTC,Wellington,2025-07-13 07:36:35 UTC,2025-07-13 07:36:35 UTC,needs_id,"",0,0,false,"Auckland Central, Auckland 1010, New Zealand",-36.8497972222,174.7711027778,18,,,18,open,false,,,Coprosma acutifolia,Coprosma acutifolia,,Plantae,70253
297518259,cc489d7b-ea93-4b3f-a510-3c7403f4f270,2025/06/17 3:24 PM,2025-06-17,2025-06-17 03:24:00 UTC,Wellington,2025-07-13 07:36:36 UTC,2025-07-13 07:36:36 UTC,needs_id,"",0,0,false,"Auckland Central, Auckland 1010, New Zealand",-36.8498194444,174.7710416667,18,,,18,open,false,,,Zantedeschia aethiopica,Zantedeschia aethiopica,Arum Lily,Plantae,56006
297521700,256d8117-6935-4836-8c9d-569d5ef9d15d,2025/06/17 3:47 PM,2025-06-17,2025-06-17 03:47:00 UTC,Wellington,2025-07-13 08:01:14 UTC,2025-07-13 09:12:04 UTC,needs_id,"",0,0,false,"Auckland Central, Auckland 1010, New Zealand",-36.8503722222,174.7707805556,6,,,6,,false,,,Beilschmiedia tawa,Beilschmiedia tawa,Tawa,Plantae,366613
297521701,fc2e2f4f-a763-4ddb-aab7-f483dd6cc26b,2025/06/17 3:47 PM,2025-06-17,2025-06-17 03:47:00 UTC,Wellington,2025-07-13 08:01:14 UTC,2025-07-13 08:01:14 UTC,needs_id,"",0,0,false,"Auckland Central, Auckland 1010, New Zealand",-36.850425,174.7707972222,6,,,6,,false,,,Oxalis debilis,Oxalis debilis,Largeflower pink-sorrel,Plantae,61963
297521702,e29b57cc-0b6a-4fd3-b387-ade4c08a41a0,2025/06/17 3:48 PM,2025-06-17,2025-06-17 03:48:00 UTC,Wellington,2025-07-13 08:01:14 UTC,2025-07-13 08:01:14 UTC,needs_id,"",0,0,false,"Auckland Central, Auckland 1010, New Zealand",-36.8504055556,174.7707805556,12,,,12,open,false,,,Grevillea robusta,Grevillea robusta,silk oak,Plantae,77302
297521703,77faf98e-8d17-410a-87d7-a11d51df8340,2025/06/17 3:50 PM,2025-06-17,2025-06-17 03:50:00 UTC,Wellington,2025-07-13 08:01:15 UTC,2025-07-13 08:01:15 UTC,needs_id,"",0,0,false,"Auckland Central, Auckland 1010, New Zealand",-36.8506555556,174.7707805556,14,,,14,,false,,,Magnoliopsida,Magnoliopsida,dicots [paraphyletic],Plantae,47124
297521706,f0fadcae-3d18-4b17-8258-14684f3de74b,2025/06/17 3:53 PM,2025-06-17,2025-06-17 03:53:00 UTC,Wellington,2025-07-13 08:01:15 UTC,2025-07-13 08:01:15 UTC,needs_id,"",0,0,false,"Auckland Central, Auckland 1010, New Zealand",-36.8507055556,174.7706138889,14,,,14,,false,,,Coprosma acutifolia × Coprosma macrocarpa macrocarpa,Coprosma acutifolia × Coprosma macrocarpa macrocarpa,,Plantae,518529
297521711,d116c433-f0e0-4bce-9a3b-1542f6ac04f6,2025/06/17 3:56 PM,2025-06-17,2025-06-17 03:56:00 UTC,Wellington,2025-07-13 08:01:16 UTC,2025-07-13 08:01:16 UTC,needs_id,"",0,0,false,"Auckland Central, Auckland 1010, New Zealand",-36.8508194444,174.7705527778,17,,,17,open,false,,,Myrsine aquilonia,Myrsine aquilonia,,Plantae,404062
297521713,03baa856-674b-42c2-94db-82320011a2f8,2025/06/17 3:57 PM,2025-06-17,2025-06-17 03:57:00 UTC,Wellington,2025-07-13 08:01:16 UTC,2025-07-13 08:01:16 UTC,needs_id,"",0,0,false,"Auckland Central, Auckland 1010, New Zealand",-36.8508833333,174.7704944444,17,,,17,,false,,,Magnoliopsida,Magnoliopsida,dicots [paraphyletic],Plantae,47124
297521714,cc5e8305-3864-44b2-9cec-684d75c2d2eb,2025/06/17 3:56 PM,2025-06-17,2025-06-17 03:56:00 UTC,Wellington,2025-07-13 08:01:16 UTC,2025-07-13 08:01:16 UTC,needs_id,"",0,0,false,"Auckland Central, Auckland 1010, New Zealand",-36.8508333333,174.7705694444,17,,,17,,false,,,Hebe,Hebe,Hebe,Plantae,939982
297521716,6cbb6411-0efd-4d6c-95d0-e4da622ef2fb,2025/06/17 3:57 PM,2025-06-17,2025-06-17 03:57:00 UTC,Wellington,2025-07-13 08:01:17 UTC,2025-07-13 08:01:17 UTC,needs_id,"",0,0,false,"Auckland Central, Auckland 1010, New Zealand",-36.8508305556,174.7704777778,14,,,14,open,false,,,Gleditsia triacanthos,Gleditsia triacanthos,honey locust,Plantae,54797
297764804,25f2ad2f-e818-43da-bbfb-e3b4c560e6c3,2025/06/17 3:58 PM,2025-06-17,2025-06-17 03:58:00 UTC,Wellington,2025-07-14 00:44:30 UTC,2026-01-25 20:51:49 UTC,research,"",1,0,false,"Auckland Central, Auckland 1010, New Zealand",-36.8508611111,174.7705222222,14,,,14,open,false,,,Fried-egg flower,Oncoba spinosa,Fried-egg flower,Plantae,340332
297764816,2b082534-9454-4f3e-9dbe-17436795bfc6,2025/06/17 4:04 PM,2025-06-17,2025-06-17 04:04:00 UTC,Wellington,2025-07-14 00:44:31 UTC,2025-07-14 00:53:42 UTC,research,"",1,0,false,"Auckland Central, Auckland 1010, New Zealand",-36.8512388889,174.7698527778,15,,,15,,false,,,Ivy-leaved toadflax,Cymbalaria muralis,Ivy-leaved toadflax,Plantae,55727
297764819,9b4f1e1b-f4e8-4e22-8ea4-e34a321e3fd2,2025/06/17 4:05 PM,2025-06-17,2025-06-17 04:05:00 UTC,Wellington,2025-07-14 00:44:32 UTC,2025-07-14 00:52:46 UTC,research,"",1,0,false,"Auckland Central, Auckland 1010, New Zealand",-36.8511166667,174.7696972222,14,,,14,open,false,,,black maidenhair fern,Adiantum capillus-veneris,black maidenhair fern,Plantae,63916
297764823,55ae24b1-9299-4096-8bb3-3e38f4ba8ac5,2025/06/17 4:09 PM,2025-06-17,2025-06-17 04:09:00 UTC,Wellington,2025-07-14 00:44:32 UTC,2025-07-14 01:01:59 UTC,needs_id,"",0,0,false,"Auckland Central, Auckland 1010, New Zealand",-36.8512722222,174.7707055556,8,,,8,,false,,,Clematis,Clematis,Clematis and leatherflowers,Plantae,49877
297764830,7b5b1d06-2692-47fa-b099-36de7e774efd,2025/06/17 4:15 PM,2025-06-17,2025-06-17 04:15:00 UTC,Wellington,2025-07-14 00:44:33 UTC,2025-08-07 23:52:56 UTC,needs_id,"",1,0,false,"Auckland Central, Auckland 1010, New Zealand",-36.8502388889,174.7720027778,7,,,7,open,false,,,Goose Grass,Eleusine indica,Goose Grass,Plantae,76790
297826849,1b1a788b-22b4-4ae2-8810-7059cfc9121a,2025/06/17 4:22 PM,2025-06-17,2025-06-17 04:22:00 UTC,Wellington,2025-07-14 07:00:23 UTC,2025-07-14 07:00:23 UTC,needs_id,"",0,0,false,"Auckland Central, Auckland 1010, New Zealand",-36.8494861111,174.770325,14,,,14,,false,,,Oxalis,Oxalis,Woodsorrels,Plantae,47758
297826851,4b1d9196-4cb8-4587-a046-b691a21b3b97,2025/06/17 4:24 PM,2025-06-17,2025-06-17 04:24:00 UTC,Wellington,2025-07-14 07:00:24 UTC,2025-07-21 09:18:12 UTC,research,"",1,0,false,"Auckland Central, Auckland 1010, New Zealand",-36.849575,174.7701416667,6,,,6,,false,,,goldfussia,Strobilanthes anisophylla,goldfussia,Plantae,1518191
297826857,3fb1af64-7a17-4f25-a21a-d956ae604d67,2025/06/17 4:34 PM,2025-06-17,2025-06-17 04:34:00 UTC,Wellington,2025-07-14 07:00:26 UTC,2025-07-14 19:41:19 UTC,needs_id,"",1,0,false,"Auckland Central, Auckland 1010, New Zealand",-36.8494694444,174.7696083333,16,,,16,,false,,,dicots [paraphyletic],Magnoliopsida,dicots [paraphyletic],Plantae,47124
297826858,4122016a-47f7-444b-b695-2e791974c6bd,2025/06/17 4:36 PM,2025-06-17,2025-06-17 04:36:00 UTC,Wellington,2025-07-14 07:00:27 UTC,2025-12-14 06:47:40 UTC,needs_id,"",0,0,false,"Auckland Central, Auckland 1010, New Zealand",-36.8493722222,174.7687055556,6,,,6,open,false,,,Heptapleurum actinophyllum,Heptapleurum actinophyllum,Australian Umbrella Tree,Plantae,1268642
298483643,270c731a-2d4e-47a8-b904-372d7aed66f5,2025/07/16 3:40 PM,2025-07-16,2025-07-16 03:40:00 UTC,Wellington,2025-07-16 18:31:01 UTC,2025-07-16 18:31:44 UTC,casual,"",0,0,true,"Auckland Central, Auckland 1010, New Zealand",-36.8503191734,174.7704861746,1,,,1,,false,,,Monterey Pine,Pinus radiata,Monterey pine,Plantae,53421
298484123,27030834-b201-4fca-aee6-bbf736d41de1,2025/07/16 11:06 AM,2025-07-16,2025-07-15 23:06:00 UTC,Wellington,2025-07-16 18:33:11 UTC,2025-07-19 09:51:26 UTC,research,"",1,0,false,"Auckland Central, Auckland 1010, New Zealand",-36.8503973817,174.7705320009,2,,,2,,false,,,Moth Vine,Araujia sericifera,Moth plant,Plantae,75499
299700295,9b5bfcc9-195c-40fa-83b3-5e11c4fe40f1,2025-07-21 12:50:32,2025-07-21,2025-07-21 00:50:32 UTC,Wellington,2025-07-21 00:53:01 UTC,2025-07-31 09:51:42 UTC,casual,"",1,0,true,"Grafton, Auckland, New Zealand",-36.8558193453,174.7665844113,5,,,5,,false,gps,gps,Houpara,Pseudopanax lessonii,Houpara,Plantae,405342
299973085,0359e148-3a24-433e-97b4-5c12647148cc,2025/07/22 10:07 AM,2025-07-22,2025-07-21 22:07:00 UTC,Wellington,2025-07-21 22:44:28 UTC,2025-07-22 10:32:17 UTC,casual,"",1,0,true,"Auckland Central, Auckland 1010, New Zealand",-36.8522061524,174.770752603,3,,,3,open,false,,,Chinese Evergreen Magnolia,Magnolia delavayi,Chinese Evergreen Magnolia,Plantae,431251
300035629,2093441d-f30b-44e8-9f6f-fdfdec96e70b,2025-07-22 15:30:54,2025-07-22,2025-07-22 03:30:54 UTC,Wellington,2025-07-22 03:41:37 UTC,2025-07-22 03:42:04 UTC,casual,"",0,0,true,"Auckland Central, Auckland 1010, New Zealand",-36.8512199722,174.7709199722,,,,,,false,gps,gps,Coprosma,Coprosma,Coprosma,Plantae,70254
302241318,85658d0c-1a8f-4802-afb4-292748863ce8,2025-07-30 13:14:28+12:00,2025-07-30,2025-07-30 01:14:28 UTC,Wellington,2025-07-30 01:15:08 UTC,2025-10-05 06:04:22 UTC,research,"",2,0,false,"University of Auckland - City Campus, Auckland, Auckland, NZ",-36.8500716667,174.77002,24,,,24,,false,,,Mountain pawpaw,Vasconcellea pubescens,Mountain pawpaw,Plantae,508242
302935084,083a7843-7169-4095-a64e-fd083925b25c,2025-08-01 16:37:17,2025-08-01,2025-08-01 04:37:17 UTC,Wellington,2025-08-01 19:28:48 UTC,2025-08-18 18:23:39 UTC,casual,"",1,0,true,"Symonds St, Auckland, Auckland, NZ",-36.8503,174.7707666667,12,,,12,open,false,,,Three Kings Titoki,Alectryon excelsus grandis,Three Kings Titoki,Plantae,411919
303040372,1d8b40c4-8ab4-4c43-9fe7-c071bfbfea6f,2025-08-02 15:11:27,2025-08-02,2025-08-02 03:11:27 UTC,Wellington,2025-08-02 04:24:02 UTC,2025-08-02 04:24:20 UTC,casual,"",0,0,true,"Auckland Central, Auckland 1010, New Zealand",-36.8497733,174.7685299,,,,,,false,gps,gps,Chinese Photinia,Photinia serratifolia,Chinese Photinia,Plantae,166740
303064781,8a67c588-3f54-4437-a46e-d995bb7ae8f7,2025-07-31 20:06:06,2025-07-31,2025-07-31 08:06:06 UTC,Wellington,2025-08-02 08:12:52 UTC,2025-12-08 05:42:58 UTC,research,"",2,0,false,"Auckland Central, Auckland 1010, New Zealand",-36.8514217,174.7709445,,,,,open,false,gps,gps,Myrsine aquilonia,Myrsine aquilonia,,Plantae,404062
303640167,be671c84-4c4e-44fe-9239-6f0ea132895a,2025-08-04 16:12:06,2025-08-04,2025-08-04 04:12:06 UTC,Wellington,2025-08-04 04:43:02 UTC,2025-08-04 20:53:18 UTC,casual,"",0,0,true,"Auckland Central, Auckland 1010, New Zealand",-36.849506,174.770301,3,,,3,,false,gps,gps,Cigar Plant,Cuphea ignea,Cigar plant,Plantae,153021
304358251,178fe7c4-08ef-4c97-8ece-120287dd5c71,2025/08/06 2:04 PM,2025-08-06,2025-08-06 02:04:00 UTC,Wellington,2025-08-07 00:01:04 UTC,2025-08-07 01:57:35 UTC,research,"",1,0,false,"Auckland Central, Auckland 1010, New Zealand",-36.8491647384,174.7706656252,4,,,4,,false,,,New Zealand flax,Phormium tenax,Harakeke,Plantae,51754
304359573,c1e6b7ca-5e00-4b05-89ac-8a19be1c9d8a,2025/08/06 2:05 PM,2025-08-06,2025-08-06 02:05:00 UTC,Wellington,2025-08-07 00:10:17 UTC,2025-08-07 00:10:56 UTC,casual,"",0,0,true,"Auckland Central, Auckland 1010, New Zealand",-36.8492709229,174.770628801,4,,,4,open,false,,,Plum Pine,Podocarpus elatus,Plum Pine,Plantae,135618
304931390,8ef6217f-8a73-4aed-9cee-98664b7ec90e,2025/07/15 11:43 AM,2025-07-15,2025-07-14 23:43:00 UTC,Wellington,2025-08-09 10:56:57 UTC,2025-09-26 11:01:13 UTC,needs_id,"",0,0,false,"Auckland, New Zealand",-36.8499055556,174.7687222222,20,,,20,,false,,,Viper's-buglosses,Echium,Viper's-buglosses,Plantae,56175
304931393,f432695b-4cc5-476b-a796-3177ec615c23,2025/07/15 11:47 AM,2025-07-15,2025-07-14 23:47:00 UTC,Wellington,2025-08-09 10:56:57 UTC,2025-08-09 10:56:57 UTC,needs_id,"",0,0,false,"Auckland Central, Auckland 1010, New Zealand",-36.8499222222,174.7691194444,20,,,20,,false,,,Leonotis leonurus,Leonotis leonurus,Lion's tail,Plantae,132849
304931397,460f6972-9306-4608-8faf-b544e15d4a2f,2025/07/15 11:52 AM,2025-07-15,2025-07-14 23:52:00 UTC,Wellington,2025-08-09 10:56:58 UTC,2025-08-09 10:56:58 UTC,needs_id,"",0,0,false,"Auckland Central, Auckland 1010, New Zealand",-36.8497472222,174.7693777778,19,,,19,,false,,,Magnoliopsida,Magnoliopsida,dicots [paraphyletic],Plantae,47124
304931401,b9b60870-1ed3-438b-bce3-9823f82f7a0d,2025/07/15 11:54 AM,2025-07-15,2025-07-14 23:54:00 UTC,Wellington,2025-08-09 10:56:58 UTC,2025-11-09 06:33:47 UTC,research,"",2,0,false,"Auckland Central, Auckland 1010, New Zealand",-36.8497361111,174.7693944444,31,,,31,open,false,,,Paper mulberry,Broussonetia papyrifera,Paper mulberry,Plantae,128032
304931403,302f26dc-e18f-4c8d-b23e-04e43471f683,2025/07/15 11:57 AM,2025-07-15,2025-07-14 23:57:00 UTC,Wellington,2025-08-09 10:56:59 UTC,2025-08-09 10:56:59 UTC,needs_id,"",0,0,false,"Auckland Central, Auckland 1010, New Zealand",-36.8497638889,174.7699138889,10,,,10,,false,,,Magnoliopsida,Magnoliopsida,dicots [paraphyletic],Plantae,47124
304931406,b6e446e7-62fc-4932-9206-f78c80a43d74,2025/07/15 12:01 PM,2025-07-15,2025-07-15 00:01:00 UTC,Wellington,2025-08-09 10:56:59 UTC,2025-08-09 11:10:36 UTC,needs_id,"",0,0,false,"Auckland Central, Auckland 1010, New Zealand",-36.8503444444,174.7698055556,22,,,22,,false,,,Magnoliopsida,Magnoliopsida,dicots [paraphyletic],Plantae,47124
304931408,a9b97533-37e0-40a9-bdd7-27464d4d92b0,2025/07/15 12:34 PM,2025-07-15,2025-07-15 00:34:00 UTC,Wellington,2025-08-09 10:57:00 UTC,2025-08-16 19:56:37 UTC,research,"",1,0,false,"Auckland Central, Auckland 1010, New Zealand",-36.8506777778,174.7727361111,14,,,14,open,false,,,Parrotweed,Bocconia frutescens,Parrotweed,Plantae,133166
304931418,924da76c-6a56-489d-9c42-3b3f3d483abe,2025/07/15 2:34 PM,2025-07-15,2025-07-15 02:34:00 UTC,Wellington,2025-08-09 10:57:02 UTC,2025-12-14 06:46:57 UTC,needs_id,"",0,0,false,"Auckland Central, Auckland 1010, New Zealand",-36.8492472222,174.7698055556,14,,,14,open,false,,,Quercus lanata,Quercus lanata,Rianj Oak,Plantae,550909
304931419,311c9d4d-517c-4821-80c6-8dd90c03b0a2,2025/07/15 2:35 PM,2025-07-15,2025-07-15 02:35:00 UTC,Wellington,2025-08-09 10:57:02 UTC,2025-08-09 10:57:02 UTC,needs_id,"",0,0,false,"Auckland Central, Auckland 1010, New Zealand",-36.8491944444,174.7697305556,20,,,20,,false,,,Cephalotaxus harringtonia,Cephalotaxus harringtonia,Japanese Plum-yew,Plantae,142793
304931435,c729b767-720c-4c0a-a20d-941877bcb343,2025/07/15 3:54 PM,2025-07-15,2025-07-15 03:54:00 UTC,Wellington,2025-08-09 10:57:05 UTC,2025-08-09 18:22:10 UTC,research,"",1,0,false,"Auckland Central, Auckland 1010, New Zealand",-36.8502194444,174.7703861111,22,,,22,,false,,,nettle-leaved goosefoot,Chenopodiastrum murale,nettle-leaved goosefoot,Plantae,514012
305355657,d46c9179-5ab4-4274-8605-04c94e65d502,2025/08/11 8:22 AM,2025-08-11,2025-08-10 20:22:00 UTC,Wellington,2025-08-10 21:01:50 UTC,2025-08-10 21:02:33 UTC,casual,"",0,0,true,"Auckland Central, Auckland 1010, New Zealand",-36.8512978368,174.7689073459,4,,,4,,false,,,Dysoxylum pachyphyllum,Dysoxylum pachyphyllum,,Plantae,472656
305670094,517a6c4e-d87e-40af-bd23-82db307180c2,2025-08-12 12:55:33,2025-08-12,2025-08-12 00:55:33 UTC,Wellington,2025-08-12 01:25:41 UTC,2025-08-12 08:03:50 UTC,casual,"",0,0,true,"Auckland Central, Auckland 1010, New Zealand",-36.8491551997,174.7706535,,,,,,false,gps,gps,Elingamita johnsonii,Elingamita johnsonii,,Plantae,183570
305670163,b2822a95-9056-4ed3-b503-9af6d8391a05,2025-08-12 12:56:23,2025-08-12,2025-08-12 00:56:23 UTC,Wellington,2025-08-12 01:26:19 UTC,2025-08-12 07:59:28 UTC,casual,"",0,0,true,"Auckland Central, Auckland 1010, New Zealand",-36.8491669,174.7707125997,,,,,,false,gps,gps,Puka,Griselinia lucida,Puka,Plantae,408842
305873662,763455b7-d214-43e3-a955-b8ac0c3e4fae,2025-08-13 09:34:08,2025-08-13,2025-08-12 21:34:08 UTC,Wellington,2025-08-12 21:44:04 UTC,2025-08-12 21:46:31 UTC,casual,"",0,0,true,"Auckland Central, Auckland 1010, New Zealand",-36.850698,174.770624,,,,,open,false,gps,gps,Yulan Magnolia,Magnolia denudata,Yulan magnolia,Plantae,125423
306134256,5ee52bdf-8a2f-4e64-942b-0a8776b97f8d,2025/08/14 10:39 AM,2025-08-14,2025-08-13 22:39:00 UTC,Wellington,2025-08-13 23:56:57 UTC,2025-08-14 02:36:36 UTC,casual,"",0,0,true,"Auckland Central, Auckland 1010, New Zealand",-36.850696,174.769458,,,,,open,false,,,Shrubby Tororaro,Muehlenbeckia astonii,Shrubby tororaro,Plantae,410120
306211630,3d53570a-67bb-4001-a28c-3533e949aebc,2025-08-14 15:35:21,2025-08-14,2025-08-14 03:35:21 UTC,Wellington,2025-08-14 10:00:20 UTC,2026-04-13 01:17:56 UTC,needs_id,"",1,0,false,"Auckland Central, Auckland 1010, New Zealand",-36.8498019997,174.7688226997,,,,,,false,gps,gps,Ricciaceae,Ricciaceae,,Plantae,53019
306211690,30bf7076-846f-441b-b9b6-7956689d55dc,2025-08-14 15:38:59,2025-08-14,2025-08-14 03:38:59 UTC,Wellington,2025-08-14 10:00:33 UTC,2026-04-13 01:17:48 UTC,research,"",2,0,false,"Auckland Central, Auckland 1010, New Zealand",-36.8501684,174.7693266997,,,,,,false,gps,gps,waxweed pennywort,Hydrocotyle heteromeria,waxweed pennywort,Plantae,402581
306405396,319a216a-2ce6-433f-9689-362ae4137064,2025-08-15 15:27:59,2025-08-15,2025-08-15 03:27:59 UTC,Wellington,2025-08-15 03:29:28 UTC,2026-01-20 04:42:23 UTC,needs_id,"",1,0,false,"Auckland Central, Auckland 1010, New Zealand",-36.8495674106,174.7705074176,7,,,7,,false,,,glory bushes and allies,Pleroma,glory bushes and allies,Plantae,823397
307407285,d3977ca2-63cf-4401-99e0-973013b0cc50,2025/08/15 12:21 PM,2025-08-15,2025-08-15 00:21:00 UTC,Wellington,2025-08-19 00:57:49 UTC,2025-08-19 00:58:24 UTC,casual,"",0,0,true,"Auckland Central, Auckland 1010, New Zealand",-36.8523111037,174.771039406,1,,,1,,false,,,Tongue Fern,Pyrrosia lingua,tongue fern,Plantae,428723
307676204,f01dbc76-124c-431d-8c51-a0aadb96790b,2025-08-20 13:09:05,2025-08-20,2025-08-20 01:09:05 UTC,Wellington,2025-08-20 05:06:46 UTC,2025-08-20 05:06:52 UTC,casual,"",0,0,true,"Auckland Central, Auckland 1010, New Zealand",-36.8506582997,174.7704295,,,,,open,false,gps,gps,Candelabra Aloe,Aloe arborescens,Candelabra Aloe,Plantae,81518
308059543,697bf854-8f97-4fe5-bfff-5b08b0a9ddcf,2025-08-16 07:18:57,2025-08-16,2025-08-15 19:18:57 UTC,Wellington,2025-08-21 21:43:31 UTC,2026-03-22 22:52:12 UTC,research,"",1,0,false,"Waterloo Quadrant, Auckland Central, Auckland 1010, New Zealand",-36.8509664,174.7712117,,,,,open,false,gps,gps,toatoa,Phyllocladus toatoa,toatoa,Plantae,135733
308954293,c3b83f5f-ad55-44a7-bb7a-61b156312eae,2025-08-25 15:39:53,2025-08-25,2025-08-25 03:39:53 UTC,Wellington,2025-08-25 08:59:29 UTC,2025-08-27 15:12:28 UTC,casual,"",1,0,true,"Auckland High Court, Auckland Central, Auckland 1010, New Zealand",-36.849252,174.76998,,,,,,false,gps,gps,Canary Islands Ivy,Hedera canariensis,Canary Islands Ivy,Plantae,64113
309790813,2074b0c3-5224-4901-893d-bd2d5d9b9404,2025-08-28 16:12:54,2025-08-28,2025-08-28 04:12:54 UTC,Wellington,2025-08-28 19:12:11 UTC,2025-08-30 19:48:33 UTC,research,"",2,0,false,"Auckland High Court, Auckland Central, Auckland 1010, New Zealand",-36.848601,174.770294,,,,,,false,gps,gps,Greater Periwinkle,Vinca major,blue periwinkle,Plantae,53326
309901432,f8fe1721-c4c1-46df-84de-4a524c1ed708,2025-08-28 16:09:03,2025-08-28,2025-08-28 04:09:03 UTC,Wellington,2025-08-29 07:05:59 UTC,2025-08-30 19:47:01 UTC,research,"",1,0,false,"Auckland Central, Auckland 1010, New Zealand",-36.849106,174.77079,,,,,,false,gps,gps,Kahili Ginger,Hedychium gardnerianum,Kahili ginger,Plantae,52495
309901525,70715138-7f59-4e6f-8fad-83f77a30e958,2025-08-28 16:09:54,2025-08-28,2025-08-28 04:09:54 UTC,Wellington,2025-08-29 07:07:13 UTC,2025-08-30 19:46:26 UTC,casual,"",0,0,true,"Auckland Central, Auckland 1010, New Zealand",-36.849176,174.770771,,,,,open,false,gps,gps,Fried Egg Plant,Polyspora axillaris,Fried egg plant,Plantae,627207
309901571,c5dde6e3-e9d8-468a-8efb-e115698b8077,2025-08-28 16:11:31,2025-08-28,2025-08-28 04:11:31 UTC,Wellington,2025-08-29 07:07:49 UTC,2025-08-30 19:45:36 UTC,research,"",1,0,false,"Auckland High Court, Auckland Central, Auckland 1010, New Zealand",-36.849031,174.770786,,,,,open,false,gps,gps,Bay Laurel,Laurus nobilis,Bay laurel,Plantae,54759
310106805,e37d7e20-90b5-4927-bfe0-e3f1585ed398,2025-08-30 08:24:32,2025-08-30,2025-08-29 20:24:32 UTC,Wellington,2025-08-30 01:52:14 UTC,2026-01-22 18:52:15 UTC,research,"",2,0,false,"Auckland High Court, Auckland Central, Auckland 1010, New Zealand",-36.8487,174.77035,,,,,,false,gps,gps,fishpole bamboo,Phyllostachys aurea,fishpole bamboo,Plantae,78563
310695840,78aec535-6e88-4cb1-b3a4-128522ec319f,2025-09-01 14:43:09,2025-09-01,2025-09-01 02:43:09 UTC,Wellington,2025-09-01 05:33:46 UTC,2025-09-01 17:00:18 UTC,needs_id,"",0,0,false,"Auckland Central, Auckland 1010, New Zealand",-36.8521118056,174.7680969167,,,,,,false,gps,gps,,Muehlenbeckia,,Plantae,72245
310963019,b10f74ca-07fc-474b-a8fb-18b6a8d0b137,2025-09-02 17:04:34,2025-09-02,2025-09-02 05:04:34 UTC,Wellington,2025-09-02 05:23:15 UTC,2025-09-03 02:54:35 UTC,casual,"",0,0,true,"Auckland High Court, Auckland Central, Auckland 1010, New Zealand",-36.848819,174.77044,,,,,open,false,gps,gps,Smooth-barked Apple,Angophora costata,Smooth-barked apple,Plantae,83379
311208268,b19479fd-5b22-4de5-8d4d-6e32a3b28637,2025-09-03 16:02:37,2025-09-03,2025-09-03 04:02:37 UTC,Wellington,2025-09-03 08:58:23 UTC,2025-09-03 09:10:46 UTC,casual,"",0,0,true,"Auckland Central, Auckland 1010, New Zealand",-36.850479,174.7706254,,,,,,false,gps,gps,Tapeworm Plant,Muehlenbeckia platyclada,tapeworm plant,Plantae,278467
311208388,4e038c26-e4f7-4e31-9b36-e379cc0b8dc0,2025-09-03 16:03:41,2025-09-03,2025-09-03 04:03:41 UTC,Wellington,2025-09-03 08:59:32 UTC,2025-09-06 17:03:24 UTC,casual,"",1,0,true,"Auckland Central, Auckland 1010, New Zealand",-36.850216,174.770308,,,,,,false,gps,gps,Beschorneria yuccoides,Beschorneria yuccoides,,Plantae,274132
311410901,e3091c1c-c6a4-43ab-9a8d-8d42da6225ab,2025-09-04 11:15:20,2025-09-04,2025-09-03 23:15:20 UTC,Wellington,2025-09-04 05:40:21 UTC,2025-09-04 19:06:48 UTC,research,"",1,0,false,"Auckland Central, Auckland 1010, New Zealand",-36.850526,174.769597,,,,,,false,gps,gps,Cretan Brake,Pteris cretica,Cretan brake,Plantae,78777
311593213,ba32a1d9-88c7-4c1c-a00b-3f24e1294620,2025-09-04 15:31:13,2025-09-04,2025-09-04 03:31:13 UTC,Wellington,2025-09-05 00:30:35 UTC,2025-09-12 05:01:51 UTC,casual,"",0,0,true,"Auckland Central, Auckland 1010, New Zealand",-36.8506912,174.770048,,,,,,false,gps,gps,miniature brass-buttons,Leptinella,miniature brass-buttons,Plantae,379070
312539151,a75c9293-80d0-4f59-a615-ba035d5c8fe2,2025-09-09 08:53:20+12:00,2025-09-09,2025-09-08 20:53:20 UTC,Wellington,2025-09-08 20:53:26 UTC,2025-09-18 08:04:09 UTC,casual,"",1,0,true,"University of Auckland - City Campus, 奧克蘭, 奧克蘭, NZ",-36.8497198825,174.7701216204,12,,,12,,false,,,報春花,Primula malacoides,Fairy Primrose,Plantae,405261
312649254,1856b503-64d0-4729-9850-5ace8a296d22,2025-09-09 16:00:44,2025-09-09,2025-09-09 04:00:44 UTC,Wellington,2025-09-09 10:27:55 UTC,2025-09-09 19:44:02 UTC,casual,"",0,0,true,"Auckland, NZ",-36.8497139722,174.7694769722,,,,,,false,gps,gps,North Island Lacebark,Hoheria populnea,North Island lacebark,Plantae,181603
312747677,ae6012f5-f96f-4db6-9460-1cfb1b9c2f22,2025-09-09 15:57:12,2025-09-09,2025-09-09 03:57:12 UTC,Wellington,2025-09-09 19:29:52 UTC,2025-09-09 19:38:25 UTC,casual,"",0,0,true,"Auckland Central, Auckland 1010, New Zealand",-36.850249,174.770692,,,,,,false,gps,gps,Hauraki Gulf Spleenwort,Asplenium haurakiense,Hauraki Gulf Spleenwort,Plantae,399759
313074109,ae9a56df-3f4d-41bc-add8-e4a2512f365e,2025-09-11 13:11:39,2025-09-11,2025-09-11 01:11:39 UTC,Wellington,2025-09-11 10:35:14 UTC,2025-09-11 19:25:00 UTC,research,"",1,0,false,"Wynyard St, Auckland, Auckland, NZ",-36.8517116667,174.7726583333,16,,,16,,false,,,Korokio,Corokia cotoneaster,Korokio,Plantae,184016
313074126,0b1e8901-300e-48e3-a413-bfe76ebb6722,2025-09-11 13:10:30,2025-09-11,2025-09-11 01:10:30 UTC,Wellington,2025-09-11 10:35:30 UTC,2025-09-18 05:06:18 UTC,research,"",1,0,false,"Alten Rd, Auckland, Auckland, NZ",-36.8517533333,174.7727366667,17,,,17,,false,,,Puawānanga,Clematis paniculata,Puawānanga,Plantae,194530
313074134,c0f5d27c-3439-455f-b984-9a08781974dc,2025-08-25 14:01:39,2025-08-25,2025-08-25 02:01:39 UTC,Wellington,2025-09-11 10:35:38 UTC,2025-09-12 00:05:16 UTC,research,"",1,0,false,"Auckland, NZ",-36.8515133333,174.7726883333,20,,,20,,false,,,Akakura,Metrosideros fulgens,Akakura,Plantae,70236
313074143,5c48c4d4-ec42-4d48-b643-7bb476cb409a,2025-08-25 14:02:07,2025-08-25,2025-08-25 02:02:07 UTC,Wellington,2025-09-11 10:35:47 UTC,2025-09-12 00:05:11 UTC,research,"",1,0,false,"Alten Rd, Auckland, Auckland, NZ",-36.85122,174.773025,14,,,14,,false,,,Akakura,Metrosideros fulgens,Akakura,Plantae,70236
313074388,f11b92ec-3554-4976-8584-a36c5a3841c7,2025-05-30 08:12:03,2025-05-30,2025-05-29 20:12:03 UTC,Wellington,2025-09-11 10:37:05 UTC,2025-09-11 19:27:21 UTC,research,"",1,0,false,"Auckland, Auckland, NZ",-36.84905,174.7709966667,17,,,17,open,false,,,Māhoe,Melicytus ramiflorus,Māhoe,Plantae,197063
313182360,abb9b6b4-fc9d-43f6-a6f6-de5916b5c0f2,2025-09-12 08:01:05,2025-09-12,2025-09-11 20:01:05 UTC,Wellington,2025-09-11 20:09:46 UTC,2025-09-12 00:04:48 UTC,research,"",1,0,false,"Alten Rd, Auckland, Auckland, NZ",-36.85122,174.7729033333,14,,,14,,false,,,crimson rātā,Metrosideros carminea,crimson rātā,Plantae,403885
313182389,2aa48dbf-daaf-45d2-a8e7-afc9182b2f40,2025-09-12 08:00:49,2025-09-12,2025-09-11 20:00:49 UTC,Wellington,2025-09-11 20:09:54 UTC,2025-09-11 21:59:12 UTC,casual,"",1,0,true,"Wynyard St, Auckland, Auckland, NZ",-36.85122,174.7728716667,14,,,14,,false,,,Metrosideros colensoi,Metrosideros colensoi,,Plantae,366728
313182419,5bbb5ed7-f807-4c61-adc9-48deda618a50,2025-09-12 08:00:45,2025-09-12,2025-09-11 20:00:45 UTC,Wellington,2025-09-11 20:10:01 UTC,2025-09-11 21:58:48 UTC,casual,"",1,0,true,"Wynyard St, Auckland, Auckland, NZ",-36.8512116667,174.7729033333,18,,,18,,false,,,Metrosideros colensoi,Metrosideros colensoi,,Plantae,366728
313182433,b96e6f74-2932-46d3-818f-0d2d95cc826a,2025-09-12 08:00:37,2025-09-12,2025-09-11 20:00:37 UTC,Wellington,2025-09-11 20:10:08 UTC,2025-09-11 21:58:55 UTC,casual,"",1,0,true,"Alten Rd, Auckland, Auckland, NZ",-36.85118,174.773025,43,,,43,,false,,,Metrosideros colensoi,Metrosideros colensoi,,Plantae,366728
313182468,aa7eeee3-3214-4756-bc68-fd12728f846a,2025-09-12 07:55:20,2025-09-12,2025-09-11 19:55:20 UTC,Wellington,2025-09-11 20:10:15 UTC,2025-09-18 00:54:00 UTC,research,"",3,0,false,"Waterloo Quadrant, Auckland, Auckland, NZ",-36.8488666667,174.7710416667,29,,,29,,false,,,Karo,Pittosporum crassifolium,Karo,Plantae,78590
313265771,7b7deca9-b0bb-4305-a347-98676a7ee485,2024-09-13 08:08:15,2024-09-13,2024-09-12 20:08:15 UTC,Wellington,2025-09-12 04:23:22 UTC,2025-09-12 04:36:28 UTC,research,"",1,0,false,"Alten Rd, Auckland, Auckland, NZ",-36.8514666667,174.7727366667,35,,,35,,false,,,crimson rātā,Metrosideros carminea,crimson rātā,Plantae,403885
313265820,2b041e2d-fd28-4ac2-ad6c-a753edd214d6,2024-08-30 15:14:16,2024-08-30,2024-08-30 03:14:16 UTC,Wellington,2025-09-12 04:23:57 UTC,2025-09-15 05:08:48 UTC,casual,"",1,0,true,"Symonds St, Auckland, Auckland, NZ",-36.8514416667,174.7707366667,62,,,62,,false,,,crimson rātā,Metrosideros carminea,crimson rātā,Plantae,403885
314029684,594d2fc8-4fd4-48a0-ac1a-a208aae6b24f,2025-09-15 15:01:37,2025-09-15,2025-09-15 03:01:37 UTC,Wellington,2025-09-15 03:08:49 UTC,2025-09-15 03:35:30 UTC,research,"",1,0,false,"Princes St, Auckland, Auckland, NZ",-36.8498383333,174.7698966667,19,,,19,,false,,,Pigeonwood,Hedycarya arborea,Pigeonwood,Plantae,402414
314029722,1e8a131c-9ab2-43dd-b4bb-de89bca991c6,2025-09-15 15:00:28,2025-09-15,2025-09-15 03:00:28 UTC,Wellington,2025-09-15 03:08:59 UTC,2025-09-18 09:30:28 UTC,research,"",2,0,false,"Te Araroa Trail, Auckland, Auckland, NZ",-36.8499133333,174.7701116667,27,,,27,,false,,,Pūriri,Vitex lucens,Pūriri,Plantae,338187
314029803,2bae3679-d2d5-4edf-841c-d3b567b307d5,2025-09-15 12:56:56,2025-09-15,2025-09-15 00:56:56 UTC,Wellington,2025-09-15 03:09:33 UTC,2025-09-15 03:51:02 UTC,research,"",1,0,false,"Princes St, Auckland, Auckland, NZ",-36.8504616667,174.7690416667,20,,,20,,false,,,Haekaro,Pittosporum umbellatum,Haekaro,Plantae,408446
314037898,82dbb1af-15d2-4936-892f-6c47cc287db9,2025-09-15 09:30:08,2025-09-15,2025-09-14 21:30:08 UTC,Wellington,2025-09-15 04:07:15 UTC,2025-09-19 20:04:09 UTC,casual,"",1,0,true,"Grafton Rd, Auckland, Auckland, NZ",-36.8524666667,174.7708133333,24,,,24,open,false,,,Metrosideros collina,Metrosideros collina,,Plantae,411089
314037906,b2391bfc-bb85-4296-b96c-39af086875f4,2025-09-15 12:57:31,2025-09-15,2025-09-15 00:57:31 UTC,Wellington,2025-09-15 04:07:23 UTC,2025-09-16 08:15:43 UTC,casual,"",1,0,true,"Princes St, Auckland, Auckland, NZ",-36.8504666667,174.76898,18,,,18,,false,,,Veronica ligustrifolia,Veronica ligustrifolia,,Plantae,738692
314037920,62216a30-daee-4e9f-8038-331942891667,2025-09-15 12:55:55,2025-09-15,2025-09-15 00:55:55 UTC,Wellington,2025-09-15 04:07:32 UTC,2025-09-15 11:04:55 UTC,research,"",2,0,false,"Princes St, Auckland, Auckland, NZ",-36.8506666667,174.7691333333,19,,,19,,false,,,Shining Karamū,Coprosma lucida,Shining Karamū,Plantae,197056
314044389,e1228815-f303-43db-bbac-0924ed1b267d,2025-09-15 16:55:40,2025-09-15,2025-09-15 04:55:40 UTC,Wellington,2025-09-15 05:04:23 UTC,2025-09-17 04:35:19 UTC,casual,"",0,0,true,"Auckland Central, Auckland 1010, New Zealand",-36.8493950742,174.7699220851,4,,,4,open,false,gps,gps,Three Kings Titoki,Alectryon excelsus grandis,Three Kings Titoki,Plantae,411919
314044412,03674a53-5f6c-485c-bd34-72eb24e7e888,2025-09-15 16:47:44,2025-09-15,2025-09-15 04:47:44 UTC,Wellington,2025-09-15 05:04:40 UTC,2025-09-15 05:08:14 UTC,casual,"",0,0,true,"Auckland, NZ",-36.8512449311,174.7708427534,4,,,4,,false,gps,gps,crimson rātā,Metrosideros carminea,crimson rātā,Plantae,403885
314178344,3a9e2547-9adc-4d0d-8eeb-8721833bb2d5,2025-09-15 11:48:34,2025-09-15,2025-09-14 23:48:34 UTC,Wellington,2025-09-15 19:13:49 UTC,2025-09-15 19:32:13 UTC,casual,"",0,0,true,"Auckland High Court, Auckland Central, Auckland 1010, New Zealand",-36.849065,174.770556,,,,,,false,gps,gps,Chinese Photinia,Photinia serratifolia,Chinese Photinia,Plantae,166740
314179239,b2ba1074-0db2-4622-b7fa-53293bbc7c3c,2025-09-15 11:39:54,2025-09-15,2025-09-14 23:39:54 UTC,Wellington,2025-09-15 19:17:38 UTC,2025-09-15 19:33:53 UTC,casual,"",0,0,true,"Auckland Central, Auckland 1010, New Zealand",-36.850499,174.769506,,,,,open,false,gps,gps,Soft Fern,Christella dentata,Soft Fern,Plantae,369851
314179932,3c5f4cb4-9858-4655-aae4-53cfab82d5d5,2025-09-15 11:41:34,2025-09-15,2025-09-14 23:41:34 UTC,Wellington,2025-09-15 19:21:10 UTC,2025-09-15 19:35:26 UTC,casual,"",0,0,true,"Auckland Central, Auckland 1010, New Zealand",-36.850505,174.769145,,,,,open,false,gps,gps,Snow Totara,Podocarpus nivalis,snow totara,Plantae,135702
314233749,1ceebe65-ad8a-4236-8822-86f9b3075953,2025/08/14 12:50 PM,2025-08-14,2025-08-14 00:50:00 UTC,Wellington,2025-09-15 23:55:22 UTC,2025-09-15 23:55:22 UTC,casual,"",0,0,true,"Auckland Central, Auckland 1010, New Zealand",-36.8516386101,174.7720902875,39,,,39,,false,,,Toetoes,Austroderia,Toetoes,Plantae,379626
314417251,7454bab0-2dbc-4800-aa1c-5d58ee260152,2024-08-30 15:14:16,2024-08-30,2024-08-30 03:14:16 UTC,Wellington,2025-09-16 20:01:26 UTC,2025-09-16 20:50:08 UTC,research,"",1,0,false,"Symonds St, Auckland, Auckland, NZ",-36.8514416667,174.7707366667,62,,,62,,false,,,crimson rātā,Metrosideros carminea,crimson rātā,Plantae,403885
314647871,61746637-75fb-4bef-88bc-8bc6d65e9315,2025-09-18 08:12:22,2025-09-18,2025-09-17 20:12:22 UTC,Wellington,2025-09-17 20:19:55 UTC,2025-09-18 04:36:59 UTC,casual,"",0,0,true,"Auckland, NZ",-36.850091,174.771336,,,,,open,false,gps,gps,Florida Anise,Illicium floridanum,Florida Anise,Plantae,164050
314863906,85f69916-a7e5-464f-8abf-ae1dafb03791,2025/09/18 8:01 AM,2025-09-18,2025-09-17 20:01:00 UTC,Wellington,2025-09-18 20:00:48 UTC,2025-09-18 20:01:42 UTC,casual,"",0,0,true,"Auckland Central, Auckland 1010, New Zealand",-36.8492289902,174.7704978089,2,,,2,open,false,,,Japanese Camellia,Camellia japonica,Japanese camellia,Plantae,83056
315618938,38edd1e5-cea0-4604-a62b-0d971ea9ea25,2025-09-22 07:56:10,2025-09-22,2025-09-21 19:56:10 UTC,Wellington,2025-09-21 20:00:12 UTC,2025-09-21 20:00:18 UTC,casual,"",0,0,true,"University General Library, Auckland Central, Auckland 1010, New Zealand",-36.8519922997,174.7698005997,,,,,open,false,gps,gps,Nīkau palm,Rhopalostylis sapida,Nīkau palm,Plantae,85274
315733621,3120c933-8662-4506-a723-d711691b977a,2025-09-22 16:27:36,2025-09-22,2025-09-22 04:27:36 UTC,Wellington,2025-09-22 05:26:02 UTC,2025-09-22 19:26:30 UTC,casual,"",0,0,true,"Auckland Central, Auckland 1010, New Zealand",-36.849512,174.770256,,,,,,false,gps,gps,Heavenly Bamboo,Nandina domestica,Heavenly bamboo,Plantae,127010
315963717,b0b81b50-eebc-4741-a841-dade20e035ff,2025-09-23 14:44:19,2025-09-23,2025-09-23 02:44:19 UTC,Wellington,2025-09-23 02:48:42 UTC,2025-09-23 02:49:53 UTC,casual,"",0,0,true,"Auckland, NZ",-36.8509409621,174.7691284865,122,,,122,open,false,,,Pride of Madeira,Echium candicans,Pride of Madeira,Plantae,57723
315994874,285fced3-2791-498c-a066-ef1ff14f0f2d,2025-09-23 13:18:32,2025-09-23,2025-09-23 01:18:32 UTC,Wellington,2025-09-23 07:19:32 UTC,2025-09-23 07:38:05 UTC,research,"",1,0,false,"Auckland, NZ",-36.8496866667,174.7686783333,10,,,10,,false,,,Bordered Screw-moss,Tortula marginata,Bordered Screw-moss,Plantae,406590
315994924,bff13b53-0f49-4256-9745-5cc416defed0,2025-09-23 13:26:38,2025-09-23,2025-09-23 01:26:38 UTC,Wellington,2025-09-23 07:20:15 UTC,2025-09-23 07:35:28 UTC,research,"",1,0,false,"Auckland, NZ",-36.8498533333,174.76912,15,,,15,,false,,,creeping feather-moss,Amblystegium serpens,creeping feather-moss,Plantae,154122
315994946,fe7e9a1f-4d60-4d7e-819a-a88a6e57f3ec,2025-09-23 13:27:54,2025-09-23,2025-09-23 01:27:54 UTC,Wellington,2025-09-23 07:20:36 UTC,2025-09-23 08:49:19 UTC,research,"",1,0,false,"Auckland, NZ",-36.84977,174.7690416667,8,,,8,,false,,,Fissidens leptocladus,Fissidens leptocladus,,Plantae,401893
316217512,dc801b07-d64b-4847-9dc6-fb1e0b2ed93b,2025-09-24 14:45:45,2025-09-24,2025-09-24 02:45:45 UTC,Wellington,2025-09-24 05:17:15 UTC,2025-09-25 01:35:33 UTC,research,"",1,0,false,"Alten Rd, Auckland, Auckland, NZ",-36.85177,174.7730416667,18,,,18,,false,,,Puawānanga,Clematis paniculata,Puawānanga,Plantae,194530
316217522,cb68db7f-e5a0-48e5-8ab3-63b4e816fc9a,2025-09-24 08:54:06,2025-09-24,2025-09-23 20:54:06 UTC,Wellington,2025-09-24 05:17:24 UTC,2025-09-24 05:28:36 UTC,research,"",1,0,false,"Alten Rd, Auckland, Auckland, NZ",-36.8516,174.7729633333,30,,,30,,false,,,crimson rātā,Metrosideros carminea,crimson rātā,Plantae,403885
316217536,e4a7cf15-e5fe-46a4-be88-52d6b87b2254,2025-09-24 08:54:02,2025-09-24,2025-09-23 20:54:02 UTC,Wellington,2025-09-24 05:17:34 UTC,2025-09-24 05:27:36 UTC,casual,"",1,0,true,"Alten Rd, Auckland, Auckland, NZ",-36.8516,174.7729633333,30,,,30,,false,,,crimson rātā,Metrosideros carminea,crimson rātā,Plantae,403885
316217546,ccbba046-48e1-4579-a766-55209adca9d7,2025-09-20 10:34:18,2025-09-20,2025-09-19 22:34:18 UTC,Wellington,2025-09-24 05:17:43 UTC,2025-09-24 05:26:55 UTC,casual,"",1,0,true,"Alten Rd, Auckland, Auckland, NZ",-36.8512583333,174.772995,14,,,14,,false,,,Metrosideros colensoi,Metrosideros colensoi,,Plantae,366728
316244594,71f9148e-b7b0-45e2-8a99-50a63abd4083,2025-09-24 16:09:35,2025-09-24,2025-09-24 04:09:35 UTC,Wellington,2025-09-24 09:13:54 UTC,2025-09-24 19:01:25 UTC,casual,"",0,0,true,"University of Auckland, Auckland Central, Auckland 1010, New Zealand",-36.852035,174.770105,,,,,,false,gps,gps,Jointed Rush,Apodasmia similis,Jointed rush,Plantae,380700
316417065,e9d81298-3936-4d9b-875a-464a2e0d2866,2025-09-25 10:16:36,2025-09-25,2025-09-24 22:16:36 UTC,Wellington,2025-09-25 00:55:01 UTC,2025-09-25 00:55:07 UTC,casual,"",0,0,true,"Auckland Central, Auckland 1010, New Zealand",-36.8505859722,174.7703799722,,,,,,false,gps,gps,Fan aloe,Kumara plicatilis,Fan aloe,Plantae,588322
317831547,9968a3e2-d42a-44e5-bc98-c18d1def5195,2025-10-01 08:05:22,2025-10-01,2025-09-30 19:05:22 UTC,Wellington,2025-09-30 19:14:46 UTC,2025-09-30 19:17:24 UTC,casual,"",0,0,true,"Auckland Central, Auckland 1010, New Zealand",-36.8512816863,174.7708407417,7,,,7,,false,gps,gps,Small-leaved kowhai,Sophora microphylla,Small-leaved kowhai,Plantae,210947
317880313,c54f377e-677f-4846-b9ce-e08108d59258,2025-09-30 13:32:20,2025-09-30,2025-09-30 00:32:20 UTC,Wellington,2025-09-30 23:31:06 UTC,2025-10-06 22:54:16 UTC,research,"",1,0,false,"Auckland Central, Auckland 1010, New Zealand",-36.8521933176,174.7682963312,29,,,29,,false,gps,gps,Prostrate kowhai,Sophora prostrata,Prostrate kowhai,Plantae,406089
317880596,79b96920-a0b2-4818-a8ee-a7b319700ed7,2025-09-30 13:32:48,2025-09-30,2025-09-30 00:32:48 UTC,Wellington,2025-09-30 23:32:47 UTC,2026-04-02 07:21:08 UTC,needs_id,"",1,0,false,"Auckland Central, Auckland 1010, New Zealand",-36.8521756109,174.7683757916,34,,,34,,false,gps,gps,Sand Coprosma,Coprosma acerosa,Sand Coprosma,Plantae,70251
318040652,08e91f43-f51e-462c-a7d4-076b0f38a037,2025-10-01 16:25:40,2025-10-01,2025-10-01 03:25:40 UTC,Wellington,2025-10-01 18:39:10 UTC,2025-10-01 18:43:00 UTC,casual,"",0,0,true,"Waterloo Quadrant, Auckland Central, Auckland 1010, New Zealand",-36.850658,174.771252,,,,,open,false,gps,gps,Tun Tree,Toona sinensis,Tun tree,Plantae,426847
318116073,73d649d2-bec4-4b62-b59b-0e3507c16e17,2025-10-02 12:13:16,2025-10-02,2025-10-01 23:13:16 UTC,Wellington,2025-10-02 02:05:11 UTC,2025-10-02 02:09:23 UTC,casual,"",0,0,true,"University of Auckland, Auckland Central, Auckland 1010, New Zealand",-36.851965,174.770689,,,,,,false,gps,gps,Chinese Fringe Flower,Loropetalum chinense,Chinese fringe flower,Plantae,186063
318994817,531eab2b-a340-432e-838c-2e7de588d7f3,2025-10-06 07:59:13,2025-10-06,2025-10-05 18:59:13 UTC,Wellington,2025-10-05 21:43:11 UTC,2025-10-11 16:42:52 UTC,research,"",2,0,false,"Wynyard St, Auckland, Auckland, NZ",-36.8514716667,174.7723833333,31,,,31,,false,,,Pennantia corymbosa,Pennantia corymbosa,,Plantae,185249
319071341,392e0e23-5e6f-409d-8f5e-70b3b1feef9b,2025-10-06 17:32:48,2025-10-06,2025-10-06 04:32:48 UTC,Wellington,2025-10-06 04:50:20 UTC,2025-10-06 19:50:55 UTC,casual,"",0,0,true,"Auckland Central, Auckland 1010, New Zealand",-36.8498502997,174.7698034997,,,,,,false,gps,gps,Coastal Maire,Nestegis apetala,Coastal Maire,Plantae,404181
319694349,e163c457-0d0d-4e87-aef2-81dcb5c74a3c,2025-10-09 16:21:13,2025-10-09,2025-10-09 03:21:13 UTC,Wellington,2025-10-09 03:41:07 UTC,2025-10-09 04:21:54 UTC,research,"",1,0,false,"Auckland Central, Auckland 1010, New Zealand",-36.8504398997,174.7708254,,,,,,false,gps,gps,Lawn daisy,Bellis perennis,English daisy,Plantae,55563
319694438,84541978-67cb-435d-9a5a-9259b9a8b725,2025-10-09 16:25:21,2025-10-09,2025-10-09 03:25:21 UTC,Wellington,2025-10-09 03:42:02 UTC,2025-10-09 04:22:02 UTC,casual,"",1,0,true,"Auckland High Court, Auckland Central, Auckland 1010, New Zealand",-36.8487337997,174.7702457997,,,,,open,false,gps,gps,Port Jackson fig,Ficus rubiginosa,Port Jackson fig,Plantae,199385
320590878,394a3314-6110-4352-8bda-6f745edbb9ff,2025-10-13 16:35:53,2025-10-13,2025-10-13 03:35:53 UTC,Wellington,2025-10-13 06:09:51 UTC,2025-10-13 09:18:23 UTC,casual,"",0,0,true,"Auckland Central, Auckland 1010, New Zealand",-36.850687,174.770419,,,,,open,false,gps,gps,Crown-of-Thorns,Euphorbia milii,Crown-of-Thorns,Plantae,162839
320590966,53e078f4-b76f-4263-a42e-f05892ed788c,2025-10-13 09:35:56,2025-10-13,2025-10-12 20:35:56 UTC,Wellington,2025-10-13 06:11:25 UTC,2025-10-14 16:52:55 UTC,casual,"",1,0,true,"Auckland Central, Auckland 1010, New Zealand",-36.849598,174.769714,,,,,,false,gps,gps,angel's trumpets,Brugmansia,angel's trumpets,Plantae,62900
320819656,249de906-98ed-475a-b66a-6c5dce7fac54,2025-10-14 15:16:57,2025-10-14,2025-10-14 02:16:57 UTC,Wellington,2025-10-14 09:37:43 UTC,2025-10-15 18:54:09 UTC,casual,"",0,0,true,"Auckland Central, Auckland 1010, New Zealand",-36.850221,174.770638,,,,,open,false,gps,gps,Coprosma acutifolia,Coprosma acutifolia,,Plantae,70253
320983451,0946d6db-d642-4d94-8f87-c038c8d1c10c,2025-10-15 17:06:26,2025-10-15,2025-10-15 04:06:26 UTC,Wellington,2025-10-15 04:27:14 UTC,2025-10-15 18:46:21 UTC,research,"",1,0,false,"Auckland Central, Auckland 1010, New Zealand",-36.84951,174.769719,,,,,,false,gps,gps,Onehunga Weed,Soliva sessilis,Onehunga weed,Plantae,60150
321095811,7934fd3c-6039-4b52-aae4-5019fd0cf192,2025/10/15 5:08 PM,2025-10-15,2025-10-15 04:08:00 UTC,Wellington,2025-10-15 19:35:22 UTC,2025-10-15 19:36:20 UTC,casual,"",0,0,true,"Auckland Central, Auckland 1010, New Zealand",-36.8490065306,174.7698251695,2,,,2,,false,,,French Broom,Genista monspessulana,French broom,Plantae,53403
322195049,c8580613-3e61-420c-a9a5-610873c1c546,2025-10-19 11:04:11+10:00,2025-10-19,2025-10-19 01:04:11 UTC,Wellington,2025-10-21 08:03:29 UTC,2025-10-21 09:31:21 UTC,research,"",3,0,false,"University of Auckland - City Campus, Auckland, Auckland, NZ",-36.85098,174.7696333333,,,,,,false,,,Ivy-leaved toadflax,Cymbalaria muralis,Ivy-leaved toadflax,Plantae,55727
322329140,b5685c73-3d3d-43d8-b316-762aa189e8f3,2025-10-22 13:38:46,2025-10-22,2025-10-22 00:38:46 UTC,Wellington,2025-10-22 00:53:26 UTC,2025-10-22 00:53:27 UTC,casual,"",0,0,true,"Princes St, Auckland, Auckland, NZ",-36.85102,174.770845,11,,,11,open,false,,,,Sophora fulvida,Waitakere Kowhai,Plantae,406088
322350285,47cfc5c3-ddec-4794-8651-6fd89b23fdea,2025-10-22 16:30:33,2025-10-22,2025-10-22 03:30:33 UTC,Wellington,2025-10-22 04:02:02 UTC,2025-10-23 22:13:39 UTC,casual,"",0,0,true,"Auckland Central, Auckland 1010, New Zealand",-36.849465,174.769701,,,,,open,false,gps,gps,English Oak,Quercus robur,English oak,Plantae,56133
322483661,097aa8e8-feaa-4c54-81b5-b30714b4eda9,2025-10-23 11:13:43+13:00,2025-10-23,2025-10-22 22:13:43 UTC,Wellington,2025-10-22 22:15:13 UTC,2025-10-22 22:15:24 UTC,casual,"",0,0,true,"University of Auckland - City Campus, Auckland, Auckland, NZ",-36.8503363478,174.7697879383,9,,,9,,false,,,"",Eutaxia,,Plantae,520479
322483669,3c7dcf60-e648-4fae-8dc5-d9143f7262f0,2025-10-23 11:13:39,2025-10-23,2025-10-22 22:13:39 UTC,Wellington,2025-10-22 22:15:18 UTC,2025-10-22 22:15:31 UTC,needs_id,"",0,0,false,"Auckland, NZ",-36.8504553602,174.7697403654,4,,,4,,false,gps,gps,Faboideae,Faboideae,,Plantae,507502
322483822,c02217cf-3cb1-48ea-9059-8655aaf979c8,2025-10-23 11:12:46,2025-10-23,2025-10-22 22:12:46 UTC,Wellington,2025-10-22 22:16:21 UTC,2025-10-23 02:20:16 UTC,research,"",1,0,false,"Auckland Central, Auckland 1010, New Zealand",-36.85038156,174.76960801,,,,,,false,,,false hen and chickens fern,Asplenium × lucrosum,false hen and chickens fern,Plantae,988494
322484958,a0accd77-ea58-4ac9-80b5-bf099d4d2ea7,2025-10-23 11:22:47,2025-10-23,2025-10-22 22:22:47 UTC,Wellington,2025-10-22 22:23:52 UTC,2025-10-22 22:24:09 UTC,needs_id,"",0,0,false,"Auckland Central, Auckland 1010, New Zealand",-36.8496656,174.77010693,7,,,7,open,false,,,Slender Palm Lily,Cordyline stricta,Slender Palm Lily,Plantae,339966
323298935,ae1d8895-5be2-4104-84ae-9ab66f7f1b4e,2025-10-27 09:06:37+13:00,2025-10-27,2025-10-26 20:06:37 UTC,Wellington,2025-10-26 20:07:00 UTC,2025-10-26 20:07:08 UTC,casual,"",0,0,true,"Maclaurin Chaplaincy, Auckland, Auckland, NZ",-36.8496239157,174.7697136308,6,,,6,open,false,,,"",Brugmansia aurea,Golden Angel's Trumpet,Plantae,189941
323581746,629a28ca-7d40-42de-a18b-1f2576e4bbd7,2025-10-28 15:21:05,2025-10-28,2025-10-28 02:21:05 UTC,Wellington,2025-10-28 02:44:53 UTC,2025-10-29 19:04:14 UTC,casual,"",0,0,true,"Auckland Art Gallery, Auckland Central, Auckland 1010, New Zealand",-36.852158,174.768177,,,,,,false,gps,gps,Shore Spurge,Euphorbia glauca,Shore Spurge,Plantae,401789
323717470,7a9524e6-dfbb-4d58-8378-d9a01ce3ab31,2025-10-29 09:56:48,2025-10-29,2025-10-28 20:56:48 UTC,Wellington,2025-10-28 20:58:43 UTC,2026-03-06 08:25:00 UTC,needs_id,"",2,1,false,"Auckland Universities, Grafton, Auckland 1010, New Zealand",-36.8547194444,174.7692722222,,,,,,false,gps,gps,Leptospermeae,Leptospermeae,,Plantae,474119
323725057,d565ac6e-0cfa-4ed9-9fbe-cde58607e278,2025-10-29 10:49:29,2025-10-29,2025-10-28 21:49:29 UTC,Wellington,2025-10-28 21:50:32 UTC,2025-11-03 06:46:07 UTC,needs_id,"",1,0,false,"University of Auckland, Auckland Central, Auckland 1010, New Zealand",-36.8527305556,174.7706361111,,,,,,false,,,Trifolieae,Trifolieae,,Plantae,512504
323759234,47313749-19a2-4abf-bd02-f6292d2dcf10,2025-10-29 15:01:21,2025-10-29,2025-10-29 02:01:21 UTC,Wellington,2025-10-29 02:33:22 UTC,2025-10-29 02:33:23 UTC,casual,"",0,0,true,"Symonds St, Auckland, Auckland, NZ",-36.8502833333,174.77063,14,,,14,,false,,,,Paratrophis smithii,Three Kings milk tree,Plantae,407146
323770521,8c2aef19-39a3-44c4-96e7-e7977089d89e,2025/10/28 10:41 AM,2025-10-28,2025-10-27 21:41:00 UTC,Wellington,2025-10-29 04:19:29 UTC,2026-01-14 10:13:14 UTC,research,"",1,0,false,"Auckland Central, Auckland 1010, New Zealand",-36.8541555556,174.7700444444,,,,,,false,,,Ivy-leaved toadflax,Cymbalaria muralis,Ivy-leaved toadflax,Plantae,55727
323770523,f8043846-83e3-4f24-b17e-a2a909745423,2025/10/28 10:42 AM,2025-10-28,2025-10-27 21:42:00 UTC,Wellington,2025-10-29 04:19:29 UTC,2026-01-14 10:13:27 UTC,needs_id,"",0,0,false,"Auckland Central, Auckland 1010, New Zealand",-36.8541027778,174.7701027778,,,,,,false,,,Little-Robin,Geranium purpureum,Little-Robin,Plantae,57643
323770524,bac90410-dbab-4efb-9bc7-471a35220672,2025/10/28 10:42 AM,2025-10-28,2025-10-27 21:42:00 UTC,Wellington,2025-10-29 04:19:29 UTC,2026-01-14 10:13:28 UTC,casual,"",2,0,true,"Auckland Central, Auckland 1010, New Zealand",-36.8540888889,174.7701111111,,,,,,false,,,creeping lantana,Lantana montevidensis,trailing lantana,Plantae,77624
323876778,8dbee9c5-19b7-4eb4-b289-d5b66822b796,2025-10-29 17:05:04,2025-10-29,2025-10-29 04:05:04 UTC,Wellington,2025-10-29 19:00:39 UTC,2025-10-29 19:03:00 UTC,casual,"",0,0,true,"Waterloo Quadrant, Auckland Central, Auckland 1010, New Zealand",-36.850335,174.770094,,,,,open,false,gps,gps,Tree Yucca,Yucca filifera,tree yucca,Plantae,290831
324368625,31b76f59-1215-4ea2-bc65-8222b31eeee1,2025-11-02 07:33:01+13:00,2025-11-02,2025-11-01 18:33:01 UTC,Wellington,2025-11-01 18:34:53 UTC,2025-11-01 21:22:59 UTC,research,"",2,0,false,"University of Auckland - City Campus, Auckland, Auckland, NZ",-36.8493144084,174.7704078408,35,,,35,open,false,,,Kawakawa,Piper excelsum,Kawakawa,Plantae,404899
324368856,b75e55fe-874d-44f4-b8d8-b1f8c6770a1e,2025-11-02 07:35:23+13:00,2025-11-02,2025-11-01 18:35:23 UTC,Wellington,2025-11-01 18:36:22 UTC,2026-03-06 08:07:36 UTC,research,"",1,0,false,"University of Auckland - City Campus, Auckland, Auckland, NZ",-36.8494740993,174.7702845269,20,,,20,,false,,,Whau,Entelea arborescens,Whau,Plantae,343580
324369458,b5c12ea1-bf55-465d-a3de-56bc6169e0de,2025-11-02 07:39:06+13:00,2025-11-02,2025-11-01 18:39:06 UTC,Wellington,2025-11-01 18:39:45 UTC,2026-03-06 08:07:24 UTC,research,"",1,0,false,"University of Auckland - City Campus, Auckland, Auckland, NZ",-36.8508741738,174.7699458208,21,,,21,,false,,,Rengarenga,Arthropodium cirratum,Rengarenga,Plantae,409520
324821094,0d38b287-1edc-4059-92e9-ca02eb31f4fb,2025-11-04 17:01:34,2025-11-04,2025-11-04 04:01:34 UTC,Wellington,2025-11-04 04:32:56 UTC,2025-11-04 19:30:42 UTC,research,"",1,0,false,"Waterloo Quadrant, Auckland Central, Auckland 1010, New Zealand",-36.850913,174.770891,,,,,,false,gps,gps,Panic Veldtgrass,Ehrharta erecta,Veldt grass,Plantae,64140
324821394,deb657c9-10b1-4964-9d99-2c4df895ab37,2025-11-04 17:02:13,2025-11-04,2025-11-04 04:02:13 UTC,Wellington,2025-11-04 04:36:18 UTC,2025-11-17 00:10:29 UTC,research,"",2,0,false,"Waterloo Quadrant, Auckland Central, Auckland 1010, New Zealand",-36.85091,174.770885,,,,,,false,gps,gps,Hairy Pennywort,Hydrocotyle moschata,Hairy Pennywort,Plantae,163873
324935751,73f1f6d6-10df-4b29-94f9-bfafeeb3554a,2025-11-05 10:46:32,2025-11-05,2025-11-04 21:46:32 UTC,Wellington,2025-11-04 21:47:41 UTC,2025-11-04 21:54:18 UTC,casual,"",0,0,true,"Waterloo Quadrant, Auckland Central, Auckland 1010, New Zealand",-36.8517833,174.7721646,84,,,84,,false,,,,Cordyline,cabbage trees and allies,Plantae,50192
324936200,fc6cb197-e13a-43cd-bd03-0707b1e411a9,2025-11-05 10:48:24,2025-11-05,2025-11-04 21:48:24 UTC,Wellington,2025-11-04 21:50:19 UTC,2025-11-04 22:00:27 UTC,needs_id,"",0,0,false,"Waterloo Quadrant, Auckland Central, Auckland 1010, New Zealand",-36.8518909067,174.7718329076,9,,,9,open,false,,,,Cordyline stricta,Slender Palm Lily,Plantae,339966
326082215,7e6caf0f-c8f2-47a7-b104-0b3bcc9f6a3c,2025-11-12 09:44:20,2025-11-12,2025-11-11 20:44:20 UTC,Wellington,2025-11-11 21:01:00 UTC,2025-11-12 20:54:31 UTC,casual,"",0,0,true,"Auckland Central, Auckland 1010, New Zealand",-36.849167,174.770951,,,,,open,false,gps,gps,Needle Leaved Tōtara,Podocarpus acutifolius,Needle Leaved Tōtara,Plantae,135678
326101240,2b59b667-07c9-4710-b481-12f2e728de7d,2025-11-12 11:46:01,2025-11-12,2025-11-11 22:46:01 UTC,Wellington,2025-11-11 23:09:13 UTC,2025-11-11 23:09:14 UTC,casual,"",0,0,true,"Symonds St, Auckland, Auckland, NZ",-36.8501033333,174.7712383333,3,,,3,,false,,,,Callianthe megapotamica,Trailing abutilon,Plantae,508221
326229120,935ae3ae-ce63-4875-a1ba-a97f55fad811,2025-11-12 09:41:34,2025-11-12,2025-11-11 20:41:34 UTC,Wellington,2025-11-12 20:13:54 UTC,2025-11-12 21:03:01 UTC,casual,"",0,0,true,"Auckland High Court, Auckland Central, Auckland 1010, New Zealand",-36.849241,174.769854,,,,,open,false,gps,gps,Slender Palm Lily,Cordyline stricta,Slender Palm Lily,Plantae,339966
326229977,88541fae-6383-4ea2-a15e-fae889f9977e,2025-11-12 09:46:32,2025-11-12,2025-11-11 20:46:32 UTC,Wellington,2025-11-12 20:19:34 UTC,2025-11-12 21:21:03 UTC,research,"",2,0,false,"Auckland Central, Auckland 1010, New Zealand",-36.849713,174.7715,,,,,,false,gps,gps,kangaroo-apple,Solanum laciniatum,Poroporo,Plantae,328092
326230184,7eeb9ce4-54fb-4632-acdd-34f3e74ba149,2025-11-12 09:46:52,2025-11-12,2025-11-11 20:46:52 UTC,Wellington,2025-11-12 20:21:22 UTC,2025-11-12 20:57:17 UTC,needs_id,"",0,0,false,"Auckland Central, Auckland 1010, New Zealand",-36.849708,174.771496,,,,,,false,gps,gps,Indian Shot,Canna indica,Indian shot,Plantae,146643
326436676,b94e8982-0d3c-4f57-ae03-20dea993f3a2,2025-11-14 20:05:21,2025-11-14,2025-11-14 07:05:21 UTC,Wellington,2025-11-14 07:06:06 UTC,2025-11-14 07:06:29 UTC,needs_id,"",0,0,false,"Auckland High Court, Auckland Central, Auckland 1010, New Zealand",-36.8491390441,174.7705132607,1,,,1,open,false,,,English oak,Quercus robur,English oak,Plantae,56133
326437332,693ecaf0-8981-403d-b8db-21b4a162e1ef,2025-11-14 20:11:32,2025-11-14,2025-11-14 07:11:32 UTC,Wellington,2025-11-14 07:11:48 UTC,2025-11-14 08:11:27 UTC,casual,"",0,0,true,"Auckland High Court, Auckland Central, Auckland 1010, New Zealand",-36.8490001978,174.7697721329,1,,,1,,false,,,roses,Rosa,roses,Plantae,53438
326437370,ac835a02-e425-4785-9b3a-f832f30b19ce,2025-11-14 20:12:05,2025-11-14,2025-11-14 07:12:05 UTC,Wellington,2025-11-14 07:12:31 UTC,2025-12-10 19:53:15 UTC,research,"",2,0,false,"Auckland High Court, Auckland Central, Auckland 1010, New Zealand",-36.8492301134,174.769694265,4,,,4,,false,,,silver fern,Cyathea dealbata,silver fern,Plantae,131669
326437441,09815527-3481-4477-8e9d-3498d11e00af,2025-11-14 20:13:22,2025-11-14,2025-11-14 07:13:22 UTC,Wellington,2025-11-14 07:14:10 UTC,2025-12-02 20:09:05 UTC,casual,"",0,0,true,"Princes Street, Auckland Central, Auckland 1010, New Zealand",-36.8500288669,174.769231081,5,,,5,,false,,,,Leonotis,lion's ears,Plantae,132850
326767343,4ff16abc-59dc-4575-a6a6-7254cc961861,2025-11-12 09:43:11,2025-11-12,2025-11-11 20:43:11 UTC,Wellington,2025-11-16 10:44:49 UTC,2025-11-16 10:44:50 UTC,casual,"",0,0,true,"Alfred St, Auckland, Auckland, NZ",-36.8511866667,174.76973,4,,,4,,false,,,,Paratrophis smithii,Three Kings milk tree,Plantae,407146
326911658,647141bb-f949-4b52-b7b7-f522a9d99884,2025-11-16 16:47:38,2025-11-16,2025-11-16 03:47:38 UTC,Wellington,2025-11-17 04:26:09 UTC,2025-11-17 05:53:34 UTC,research,"",1,0,false,"Old Choral Hall, Auckland Central, Auckland 1010, New Zealand",-36.8511900997,174.7699479,,,,,,false,gps,gps,Lesser swine-cress,Lepidium didymum,Lesser swine-cress,Plantae,60987
327195645,2b9d0f09-d206-4d86-96f4-9f833a577605,2025-11-19 15:09:36,2025-11-19,2025-11-19 02:09:36 UTC,Wellington,2025-11-19 02:16:29 UTC,2025-11-19 17:56:19 UTC,research,"",2,0,false,"Auckland city City, Auckland Central, Auckland 1150, New Zealand",-36.850608,174.769497,,,,,,false,,,Water Fern,Histiopteris incisa,mātā,Plantae,282481
327196066,a381ea24-9842-4fec-914f-88afe71c67b7,2025-11-19 15:09:08,2025-11-19,2025-11-19 02:09:08 UTC,Wellington,2025-11-19 02:20:22 UTC,2025-11-19 17:57:34 UTC,casual,"",0,0,true,"Auckland city City, Auckland Central, Auckland 1150, New Zealand",-36.850619,174.769503,,,,,,false,gps,gps,Bird's Nest Fern,Asplenium australasicum,Bird's nest fern,Plantae,83561
327325830,5169c4f9-c604-460c-ae0d-7e5555afe5ce,2025-11-20 13:58:34,2025-11-20,2025-11-20 00:58:34 UTC,Wellington,2025-11-20 01:31:34 UTC,2025-11-20 08:08:11 UTC,needs_id,"",0,0,false,"University General Library, Auckland Central, Auckland 1010, New Zealand",-36.850638,174.770099,,,,,,false,gps,gps,Kidney Weed,Dichondra repens,kidney weed,Plantae,161824
327326014,552a035b-d4ff-43d8-ac41-d7f7111aed18,2025-11-20 14:00:45,2025-11-20,2025-11-20 01:00:45 UTC,Wellington,2025-11-20 01:33:43 UTC,2025-11-20 08:06:53 UTC,casual,"",0,0,true,"Princes Street, Auckland Central, Auckland 1010, New Zealand",-36.850128,174.769714,,,,,open,false,gps,gps,Pittosporum kirkii,Pittosporum kirkii,,Plantae,366710
327495732,aabaa3b6-1487-4a96-b115-0804bd368a69,2025-11-19 22:30:54,2025-11-19,2025-11-19 09:30:54 UTC,Wellington,2025-11-21 11:14:42 UTC,2025-11-21 18:07:35 UTC,casual,"",1,0,true,"Alfred St, Auckland, Auckland, NZ",-36.8510185784,174.7693939481,13,,,13,,false,,,bladder ketmia,Hibiscus trionum,bladder ketmia,Plantae,77411
327989900,c3554487-ac67-4fc0-9890-06f0d4f70a88,2025-11-24 15:35:37,2025-11-24,2025-11-24 02:35:37 UTC,Wellington,2025-11-24 02:36:30 UTC,2025-11-24 07:51:37 UTC,casual,"",1,0,true,"Auckland city City, Auckland Central, Auckland 1150, New Zealand",-36.8509052787,174.7696861345,10,,,10,,false,,,Te Mata Peak Tussock,Chionochloa flavicans,Te Mata Peak Tussock,Plantae,400782
327993563,9e74c24b-0341-4602-a291-3c313289864c,2025-11-24 15:58:36,2025-11-24,2025-11-24 02:58:36 UTC,Wellington,2025-11-24 02:59:58 UTC,2025-11-24 05:27:33 UTC,casual,"",1,0,true,"Waterloo Quadrant, Auckland Central, Auckland 1010, New Zealand",-36.8506068,174.7708491,99,,,99,,false,,,Pōhutukawa,Metrosideros excelsa,Pōhutukawa,Plantae,122905
328111592,5e78352f-48a9-4531-b222-5c9f39a99347,2025-11-25 11:08:54,2025-11-25,2025-11-24 22:08:54 UTC,Wellington,2025-11-24 22:09:41 UTC,2026-01-18 01:29:15 UTC,casual,"",1,0,true,"Waterloo Quadrant, Auckland Central, Auckland 1010, New Zealand",-36.8512309156,174.772936888,8,,,8,,false,,,Metrosideros colensoi,Metrosideros colensoi,,Plantae,366728
328218199,c5ab0ee7-e8bc-4e1e-a49b-33cb173e2238,2025-11-25 16:17:23,2025-11-25,2025-11-25 03:17:23 UTC,Wellington,2025-11-25 17:11:00 UTC,2025-11-25 17:23:07 UTC,casual,"",0,0,true,"Auckland Central, Auckland 1010, New Zealand",-36.849959,174.770054,,,,,,false,gps,gps,Norfolk Island Hibiscus,Lagunaria patersonia,Norfolk Island hibiscus,Plantae,77622
328218330,55259bda-f23d-4a9a-9281-6fcf4a5f6152,2025-11-24 09:29:16,2025-11-24,2025-11-23 20:29:16 UTC,Wellington,2025-11-25 17:12:07 UTC,2025-11-25 17:24:40 UTC,casual,"",0,0,true,"Auckland Art Gallery, Auckland Central, Auckland 1010, New Zealand",-36.852084,174.768236,,,,,,false,gps,gps,Parkinson's Rātā,Metrosideros parkinsonii,Parkinson's Rātā,Plantae,403883
328299441,c578ec71-e136-46e2-8c1b-4aa574e2e1c4,2025-11-26 16:59:08+13:00,2025-11-26,2025-11-26 03:59:08 UTC,Wellington,2025-11-26 04:00:21 UTC,2025-11-26 08:11:52 UTC,research,"",2,0,false,"North Island, Auckland, Auckland, NZ",-36.8528229327,174.7715114662,7,,,7,open,false,,,Turf speedwell,Veronica serpyllifolia,Turf speedwell,Plantae,55749
328317390,2acccbda-9893-4613-ad8f-3da9e54c3cb0,2025-11-26 12:42:21,2025-11-26,2025-11-25 23:42:21 UTC,Wellington,2025-11-26 07:45:30 UTC,2026-03-17 01:50:19 UTC,casual,"",1,0,true,"University General Library, Auckland Central, Auckland 1010, New Zealand",-36.851429,174.769001,,,,,,false,gps,gps,riceflowers,Pimelea,riceflowers,Plantae,147472
328597116,986d0e11-033c-4e02-bd9e-709e3e2bf7f8,2025-11-27 11:23:58,2025-11-27,2025-11-26 22:23:58 UTC,Wellington,2025-11-28 08:25:24 UTC,2025-11-28 08:26:41 UTC,casual,"",0,0,true,"Waterloo Quadrant, Auckland Central, Auckland 1010, New Zealand",-36.851055,174.771086,,,,,,false,gps,gps,Scaly Tree Fern,Sphaeropteris cooperi,Scaly Tree Fern,Plantae,1454328
328952736,c4b28a65-4dd0-4263-88e6-e5d239265f7d,2025/11/27 7:32 AM,2025-11-27,2025-11-26 18:32:00 UTC,Wellington,2025-11-30 19:03:16 UTC,2025-11-30 19:04:13 UTC,casual,"",0,0,true,"Auckland Central, Auckland 1010, New Zealand",-36.8495678571,174.7703964817,1,,,1,,false,,,Mikimiki,Coprosma crassifolia,Mikimiki,Plantae,401012
329379134,9ba83bb7-5726-4783-9335-71d93201355e,2025-12-04 09:43:21,2025-12-04,2025-12-03 20:43:21 UTC,Wellington,2025-12-03 22:05:47 UTC,2025-12-11 18:41:08 UTC,casual,"",1,0,true,"Old Choral Hall, Auckland Central, Auckland 1010, New Zealand",-36.851442,174.770662,,,,,open,false,gps,gps,Myrsine aquilonia,Myrsine aquilonia,,Plantae,404062
329767453,9720cca0-b477-4fb4-94fa-84a4d716bd84,2025-12-07 09:07:11+13:00,2025-12-07,2025-12-06 20:07:11 UTC,Wellington,2025-12-07 00:39:21 UTC,2025-12-07 03:00:13 UTC,research,"",1,0,false,"North Island, Auckland, Auckland, NZ",-36.8560402185,174.7673833152,10,,,10,,false,,,Ivy-leaved toadflax,Cymbalaria muralis,Ivy-leaved toadflax,Plantae,55727
330013167,aefff748-f7fa-42a6-b7d5-4ff987d13806,2025-12-09 08:26:27,2025-12-09,2025-12-08 19:26:27 UTC,Wellington,2025-12-08 19:27:32 UTC,2026-02-25 21:04:50 UTC,research,"",3,0,false,"Alten Rd, Auckland, Auckland, NZ",-36.8525649291,174.7727482977,6,,,6,,false,,,oceanblue morning glory,Ipomoea indica,blue morning glory,Plantae,77496
330073215,12ecf126-13aa-4d33-b83f-b846e9910cf6,2025-12-09 19:05:54,2025-12-09,2025-12-09 06:05:54 UTC,Wellington,2025-12-09 06:06:05 UTC,2026-01-30 22:45:31 UTC,research,"",2,0,false,"Princes St, Auckland, Auckland, NZ",-36.8509072639,174.770722393,17,,,17,,false,,,Inkweed,Phytolacca octandra,Inkweed,Plantae,155483
330365263,d3d97aa8-1768-4b25-8a1c-62200d18dce5,2025-12-11 12:57:53,2025-12-11,2025-12-10 23:57:53 UTC,Wellington,2025-12-11 18:29:12 UTC,2025-12-12 14:32:19 UTC,casual,"",1,0,true,"University of Auckland, Auckland Central, Auckland 1010, New Zealand",-36.852269,174.770278,,,,,open,false,gps,gps,Abyssinian banana,Ensete ventricosum,Abyssinian banana,Plantae,140998
330391187,365451c6-7a4f-4828-a7a0-a9a046b98486,2025-12-12 11:52:02+13:00,2025-12-12,2025-12-11 22:52:02 UTC,Wellington,2025-12-11 22:52:51 UTC,2025-12-19 20:44:58 UTC,needs_id,"",2,0,false,"North Island, Auckland, Auckland, NZ",-36.8517383333,174.7699283333,14,,,14,,false,,,Onion Orchids,Microtis,Onion Orchids,Plantae,354029
330687394,9268bbe8-3c8f-4ba1-956d-e41ba8846c8a,2025/09/23 10:03 AM,2025-09-23,2025-09-22 22:03:00 UTC,Wellington,2025-12-14 07:41:48 UTC,2025-12-17 02:53:10 UTC,research,"",2,0,false,"Auckland Central, Auckland 1010, New Zealand",-36.8504555556,174.7691361111,20,,,20,,false,,,Fierce lancewood,Pseudopanax ferox,Fierce lancewood,Plantae,197062
330687395,e26ba498-a5bb-4e8a-ade1-69dc050775bf,2025/09/23 10:09 AM,2025-09-23,2025-09-22 22:09:00 UTC,Wellington,2025-12-14 07:41:48 UTC,2025-12-14 07:43:34 UTC,needs_id,"",0,0,false,"Auckland Central, Auckland 1010, New Zealand",-36.8513444444,174.7697305556,20,,,20,,false,,,Euphorbia characias,Euphorbia characias,Mediterranean spurge,Plantae,181594
330689204,2512d46e-8db0-4250-b3d1-082e60dd0a0e,2025/09/23 10:09 AM,2025-09-23,2025-09-22 22:09:00 UTC,Wellington,2025-12-14 08:09:11 UTC,2025-12-15 18:44:47 UTC,research,"",1,0,false,"Auckland Central, Auckland 1010, New Zealand",-36.8513,174.769775,14,,,14,,false,,,Japanese aralia,Fatsia japonica,Japanese aralia,Plantae,126735
330689207,28089d91-3e53-439f-ba83-bd5c6f48b5e3,2025/09/23 10:11 AM,2025-09-23,2025-09-22 22:11:00 UTC,Wellington,2025-12-14 08:09:11 UTC,2025-12-14 08:09:11 UTC,needs_id,"",0,0,false,"Auckland Central, Auckland 1010, New Zealand",-36.85125,174.7696694444,14,,,14,open,false,,,Anogramma leptophylla,Anogramma leptophylla,Jersey fern,Plantae,180646
330689208,a1d926ee-efa1-43de-999c-524151cc2fd8,2025/09/23 10:13 AM,2025-09-23,2025-09-22 22:13:00 UTC,Wellington,2025-12-14 08:09:12 UTC,2025-12-14 08:09:12 UTC,needs_id,"",0,0,false,"Auckland Central, Auckland 1010, New Zealand",-36.8513305556,174.7697444444,14,,,14,,false,,,Roldana petasitis,Roldana petasitis,velvet groundsel,Plantae,345097
330689210,5d846c46-2359-464b-9e7a-ce0383ce24ac,2025/09/23 10:13 AM,2025-09-23,2025-09-22 22:13:00 UTC,Wellington,2025-12-14 08:09:12 UTC,2025-12-14 08:09:12 UTC,needs_id,"",0,0,false,"Auckland Central, Auckland 1010, New Zealand",-36.85125,174.7696222222,14,,,14,,false,,,Paratrophis smithii,Paratrophis smithii,Three Kings milk tree,Plantae,407146
330689211,18c06697-ed43-4491-829c-3971d568a382,2025/09/23 10:13 AM,2025-09-23,2025-09-22 22:13:00 UTC,Wellington,2025-12-14 08:09:12 UTC,2025-12-14 08:09:12 UTC,needs_id,"",0,0,false,"Auckland Central, Auckland 1010, New Zealand",-36.8512555556,174.7695916667,14,,,14,open,false,,,Myrsine aquilonia,Myrsine aquilonia,,Plantae,404062
330689212,8dd5c1f9-aae0-4af6-82bd-9b90f60b39e6,2025/09/23 10:14 AM,2025-09-23,2025-09-22 22:14:00 UTC,Wellington,2025-12-14 08:09:12 UTC,2025-12-14 09:16:01 UTC,needs_id,"",0,0,false,"Auckland Central, Auckland 1010, New Zealand",-36.8512638889,174.7695472222,14,,,14,,false,,,Three Kings milk tree,Paratrophis smithii,Three Kings milk tree,Plantae,407146
330689213,7723d639-fc3a-485a-b0a9-33e2650f7bfa,2025/09/23 10:14 AM,2025-09-23,2025-09-22 22:14:00 UTC,Wellington,2025-12-14 08:09:13 UTC,2025-12-14 08:09:13 UTC,needs_id,"",0,0,false,"Auckland Central, Auckland 1010, New Zealand",-36.8512722222,174.7695611111,14,,,14,,false,,,Magnoliopsida,Magnoliopsida,dicots [paraphyletic],Plantae,47124
330689214,8aa1b863-9b5d-41fe-b356-3e364fc9aa08,2025/09/23 10:14 AM,2025-09-23,2025-09-22 22:14:00 UTC,Wellington,2025-12-14 08:09:13 UTC,2026-03-23 08:05:38 UTC,research,"",2,0,false,"Auckland Central, Auckland 1010, New Zealand",-36.8513222222,174.7697138889,14,,,14,open,false,,,southern magnolia,Magnolia grandiflora,southern magnolia,Plantae,83074
330689216,54be9968-84f8-4dcd-933d-68a51dbe2585,2025/09/23 10:14 AM,2025-09-23,2025-09-22 22:14:00 UTC,Wellington,2025-12-14 08:09:13 UTC,2025-12-14 09:20:20 UTC,needs_id,"",0,0,false,"Auckland Central, Auckland 1010, New Zealand",-36.8513472222,174.7696972222,14,,,14,,false,,,Magnoliopsida,Magnoliopsida,dicots [paraphyletic],Plantae,47124
330689217,9830c20d-a343-4dfe-9dbd-80bed08c9532,2025/09/23 10:15 AM,2025-09-23,2025-09-22 22:15:00 UTC,Wellington,2025-12-14 08:09:14 UTC,2025-12-14 08:09:14 UTC,needs_id,"",0,0,false,"Auckland Central, Auckland 1010, New Zealand",-36.851375,174.7696083333,14,,,14,,false,,,Paratrophis smithii,Paratrophis smithii,Three Kings milk tree,Plantae,407146
330689218,1ca50084-34d9-46f6-aa84-4c3ba72661d2,2025/09/23 10:15 AM,2025-09-23,2025-09-22 22:15:00 UTC,Wellington,2025-12-14 08:09:14 UTC,2026-01-21 01:22:55 UTC,research,"",1,0,false,"Auckland Central, Auckland 1010, New Zealand",-36.8513805556,174.7696083333,14,,,14,,false,,,Heavenly bamboo,Nandina domestica,Heavenly bamboo,Plantae,127010
330693739,4bdc035f-4e77-4424-8bba-7e0394bde560,2025/09/23 10:16 AM,2025-09-23,2025-09-22 22:16:00 UTC,Wellington,2025-12-14 09:13:39 UTC,2025-12-14 09:13:39 UTC,needs_id,"",0,0,false,"Auckland Central, Auckland 1010, New Zealand",-36.8513555556,174.7696694444,14,,,14,,false,,,Ardisia crenata,Ardisia crenata,Coralberry,Plantae,158586
330693740,8db4289b-ee03-4575-b03d-c31c64f7b690,2025/09/23 10:16 AM,2025-09-23,2025-09-22 22:16:00 UTC,Wellington,2025-12-14 09:13:39 UTC,2025-12-14 09:13:39 UTC,needs_id,"",0,0,false,"Auckland Central, Auckland 1010, New Zealand",-36.8513555556,174.7696972222,20,,,20,open,false,,,Rhaphiolepis indica,Rhaphiolepis indica,Indian Hawthorn,Plantae,179305
330693741,0be57937-087e-42dd-afb9-1aac79b0a6ab,2025/09/23 10:17 AM,2025-09-23,2025-09-22 22:17:00 UTC,Wellington,2025-12-14 09:13:39 UTC,2025-12-14 09:13:39 UTC,needs_id,"",0,0,false,"Auckland Central, Auckland 1010, New Zealand",-36.8513861111,174.7697305556,19,,,19,,false,,,Prunus campanulata,Prunus campanulata,Taiwan Cherry,Plantae,199339
330693742,be6ffef6-0223-4179-afa5-59eae5e47c3a,2025/09/23 10:18 AM,2025-09-23,2025-09-22 22:18:00 UTC,Wellington,2025-12-14 09:13:40 UTC,2025-12-14 09:13:40 UTC,needs_id,"",0,0,false,"Auckland Central, Auckland 1010, New Zealand",-36.8511611111,174.7696527778,14,,,14,,false,,,Paratrophis smithii,Paratrophis smithii,Three Kings milk tree,Plantae,407146
330693743,3913126b-464b-4531-a7c5-330f5483b906,2025/09/23 10:20 AM,2025-09-23,2025-09-22 22:20:00 UTC,Wellington,2025-12-14 09:13:40 UTC,2025-12-21 03:28:54 UTC,research,"",2,0,false,"Auckland Central, Auckland 1010, New Zealand",-36.8518138889,174.7699583333,20,,,20,,false,,,skeleton fork fern,Psilotum nudum,skeleton fork fern,Plantae,167517
330693745,c325d6c1-73f9-4302-b9f5-5d1b5249789b,2025/09/23 10:29 AM,2025-09-23,2025-09-22 22:29:00 UTC,Wellington,2025-12-14 09:13:41 UTC,2026-01-21 01:22:36 UTC,research,"",1,0,false,"Auckland Central, Auckland 1010, New Zealand",-36.8540222222,174.7689055556,18,,,18,open,false,,,Mickey Mouse bush,Ochna serrulata,Mickey Mouse bush,Plantae,165763
330693746,f14184c9-147f-4cc2-a202-e80925d5160b,2025/09/23 10:29 AM,2025-09-23,2025-09-22 22:29:00 UTC,Wellington,2025-12-14 09:13:41 UTC,2025-12-14 09:13:41 UTC,needs_id,"",0,0,false,"Auckland Central, Auckland 1010, New Zealand",-36.8540194444,174.7688888889,20,,,20,open,false,,,Celtis australis,Celtis australis,Mediterranean hackberry,Plantae,76202
330693748,a538b4e1-eb6a-4ff5-b985-2cbf873eadb1,2025/09/23 10:33 AM,2025-09-23,2025-09-22 22:33:00 UTC,Wellington,2025-12-14 09:13:41 UTC,2025-12-14 09:18:24 UTC,needs_id,"",0,0,false,"Auckland Central, Auckland 1010, New Zealand",-36.8535722222,174.7683861111,19,,,19,,false,,,Ardisia crenata,Ardisia crenata,Coralberry,Plantae,158586
330693751,4a2baf0e-48ef-4273-aa34-0e4ac8dccbca,2025/09/23 10:38 AM,2025-09-23,2025-09-22 22:38:00 UTC,Wellington,2025-12-14 09:13:42 UTC,2025-12-14 09:13:42 UTC,needs_id,"",0,0,false,"Auckland Central, Auckland 1010, New Zealand",-36.85315,174.7690583333,14,,,14,,false,,,Malus domestica,Malus domestica,apple,Plantae,469472
330693753,b15127d8-aefc-41fc-8f7b-a363e9b19264,2025/09/23 10:38 AM,2025-09-23,2025-09-22 22:38:00 UTC,Wellington,2025-12-14 09:13:42 UTC,2025-12-14 09:17:30 UTC,needs_id,"",0,0,false,"Auckland Central, Auckland 1010, New Zealand",-36.8531333333,174.7690888889,14,,,14,,false,,,Dianella tasmanica,Dianella tasmanica,Tasmanian flax-lily,Plantae,123238
330780494,a0b9930c-3c88-4b8e-985e-ee52b6d56e19,2025-12-15 12:07:32,2025-12-15,2025-12-14 23:07:32 UTC,Wellington,2025-12-14 23:20:19 UTC,2025-12-14 23:36:21 UTC,casual,"",0,0,true,"Old Choral Hall, Auckland Central, Auckland 1010, New Zealand",-36.8514413997,174.770656,,,,,,false,gps,gps,Brush Bloodwood,Baloghia inophylla,brush bloodwood,Plantae,369778
330780576,0cc1f854-d92f-4545-9308-b881f860cdcd,2025-12-15 12:08:44,2025-12-15,2025-12-14 23:08:44 UTC,Wellington,2025-12-14 23:20:53 UTC,2025-12-14 23:32:07 UTC,casual,"",0,0,true,"Old Choral Hall, Auckland Central, Auckland 1010, New Zealand",-36.851293,174.770499,,,,,,false,gps,gps,Silk Floss Tree,Ceiba speciosa,Silk floss tree,Plantae,154290
330838599,35ba2149-4275-4405-9ac1-0215d7061918,2025/09/23 10:51 AM,2025-09-23,2025-09-22 22:51:00 UTC,Wellington,2025-12-15 10:47:47 UTC,2025-12-15 10:47:47 UTC,needs_id,"",0,0,false,"Auckland Central, Auckland 1010, New Zealand",-36.8529444444,174.7703694444,14,,,14,,false,,,Geranium urbanum,Geranium urbanum,,Plantae,958652
330838600,7ae7072b-76f7-42e1-809e-72e78b5ac164,2025/09/23 10:52 AM,2025-09-23,2025-09-22 22:52:00 UTC,Wellington,2025-12-15 10:47:48 UTC,2025-12-15 10:47:48 UTC,needs_id,"",0,0,false,"Auckland Central, Auckland 1010, New Zealand",-36.8529138889,174.7704944444,47,,,47,,false,,,Echium,Echium,Viper's-buglosses,Plantae,56175
330838601,4e492c47-29ed-4217-9940-c6b8b2a707b8,2025/09/23 10:52 AM,2025-09-23,2025-09-22 22:52:00 UTC,Wellington,2025-12-15 10:47:48 UTC,2025-12-15 10:47:48 UTC,casual,"",0,0,true,"Auckland Central, Auckland 1010, New Zealand",-36.8528972222,174.7702472222,14,,,14,,false,,,Echium,Echium,Viper's-buglosses,Plantae,56175
330838604,afdc9708-16ad-44fe-881a-2827a9ec0311,2025/09/23 10:56 AM,2025-09-23,2025-09-22 22:56:00 UTC,Wellington,2025-12-15 10:47:49 UTC,2025-12-15 10:47:49 UTC,needs_id,"",0,0,false,"Auckland Central, Auckland 1010, New Zealand",-36.8531027778,174.7709805556,38,,,38,,false,,,Sagina,Sagina,pearlworts,Plantae,55677
330838605,dd82b820-e5d1-48ca-8c7f-1697dc249177,2025/09/23 10:56 AM,2025-09-23,2025-09-22 22:56:00 UTC,Wellington,2025-12-15 10:47:49 UTC,2025-12-15 10:47:49 UTC,needs_id,"",0,0,false,"Auckland Central, Auckland 1010, New Zealand",-36.8531305556,174.7708722222,25,,,25,,false,,,Sagina,Sagina,pearlworts,Plantae,55677
330838606,e9795ccb-0646-4331-8f96-7fc622dcf4a3,2025/09/23 11:22 AM,2025-09-23,2025-09-22 23:22:00 UTC,Wellington,2025-12-15 10:47:49 UTC,2025-12-16 06:01:18 UTC,research,"",1,0,false,"Auckland Central, Auckland 1010, New Zealand",-36.8494194444,174.7697611111,44,,,44,,false,,,Heath Groundsel,Senecio sylvaticus,Heath Groundsel,Plantae,53210
330839734,d7e3b38f-5b9e-4de1-8993-5f71ab8ef7b2,2025-12-15 16:10:52,2025-12-15,2025-12-15 03:10:52 UTC,Wellington,2025-12-15 11:01:01 UTC,2025-12-15 18:18:29 UTC,casual,"",0,0,true,"Waterloo Quadrant, Auckland Central, Auckland 1010, New Zealand",-36.850486,174.770871,,,,,open,false,gps,gps,Southern Catalpa,Catalpa bignonioides,southern catalpa,Plantae,50859
330949627,f3b15c6a-b2c2-4279-8008-dba959d0e33c,2025/09/23 12:00 PM,2025-09-23,2025-09-23 00:00:00 UTC,Wellington,2025-12-16 09:23:42 UTC,2025-12-19 07:30:55 UTC,research,"",1,0,false,"Auckland Central, Auckland 1010, New Zealand",-36.8492472222,174.7696388889,27,,,27,,false,,,Rough-fruited buttercup,Ranunculus muricatus,Rough-fruited buttercup,Plantae,57240
330949638,e2ce9f2e-af69-4a65-bfa3-c52d80989e3f,2025/09/23 12:18 PM,2025-09-23,2025-09-23 00:18:00 UTC,Wellington,2025-12-16 09:23:43 UTC,2025-12-19 22:44:18 UTC,research,"",1,0,false,"Auckland Central, Auckland 1010, New Zealand",-36.8494555556,174.7704611111,14,,,14,,false,,,Brazilian woodsorrel,Oxalis brasiliensis,Brazilian woodsorrel,Plantae,380916
331024429,4d74a891-c5f0-4063-b6fd-03870a4cc83e,2025-12-17 12:25:50,2025-12-17,2025-12-16 23:25:50 UTC,Wellington,2025-12-16 23:46:06 UTC,2025-12-17 18:55:08 UTC,casual,"",0,0,true,"Waterloo Quadrant, Auckland Central, Auckland 1010, New Zealand",-36.850887,174.770654,,,,,,false,gps,gps,King's-Crown,Justicia carnea,King's-crown,Plantae,327856
331347681,2a7ddc4b-3fef-411c-bc77-e2d4e775e9b2,2025/09/23 12:35 PM,2025-09-23,2025-09-23 00:35:00 UTC,Wellington,2025-12-19 21:40:14 UTC,2025-12-19 21:40:14 UTC,needs_id,"",0,0,false,"Auckland Central, Auckland 1010, New Zealand",-36.8502888889,174.7714388889,30,,,30,,false,,,Hymenophyllum,Hymenophyllum,filmy ferns,Plantae,60445
331347684,45bf8ef2-8887-4e9b-80d4-83979e124eca,2025/09/23 12:36 PM,2025-09-23,2025-09-23 00:36:00 UTC,Wellington,2025-12-19 21:40:14 UTC,2025-12-19 21:40:14 UTC,needs_id,"",0,0,false,"Auckland Central, Auckland 1010, New Zealand",-36.8502,174.7715305556,14,,,14,,false,,,Hymenophyllum,Hymenophyllum,filmy ferns,Plantae,60445
331347690,41c5f110-5825-46da-b107-92a19a811d24,2025/09/23 12:36 PM,2025-09-23,2025-09-23 00:36:00 UTC,Wellington,2025-12-19 21:40:15 UTC,2025-12-19 21:40:15 UTC,needs_id,"",0,0,false,"Auckland Central, Auckland 1010, New Zealand",-36.8502055556,174.7715,14,,,14,,false,,,Hymenophyllum revolutum,Hymenophyllum revolutum,,Plantae,402636
331347693,ad9b2cee-8acb-47ee-a646-196d731f5f8e,2025/09/23 12:56 PM,2025-09-23,2025-09-23 00:56:00 UTC,Wellington,2025-12-19 21:40:15 UTC,2025-12-20 22:12:02 UTC,needs_id,"",1,0,false,"Auckland Central, Auckland 1010, New Zealand",-36.8494305556,174.7710416667,29,,,29,open,false,,,annual saltmarsh aster,Symphyotrichum subulatum,annual saltmarsh aster,Plantae,64208
331651919,e42bfc6c-5f04-4b5b-81ff-ea13c0b9efb6,2025-08-27 09:20:04+12:00,2025-08-27,2025-08-26 21:20:04 UTC,Wellington,2025-12-22 08:10:46 UTC,2025-12-22 08:26:39 UTC,research,"",1,0,false,"North Island, Auckland, Auckland, NZ",-36.8531999901,174.7688916667,20,,,20,,false,,,Peka-a-waka,Earina mucronata,Peka-a-waka,Plantae,401597
332907545,c92b097b-5f77-4214-8251-17c007e20aab,2025-12-03 20:34:11,2025-12-03,2025-12-03 07:34:11 UTC,Wellington,2025-12-31 19:25:00 UTC,2025-12-31 21:56:57 UTC,research,"",1,0,false,"Princes St, Auckland, Auckland, NZ",-36.8497366667,174.7690716667,20,,,20,,false,,,Ivy-leaved toadflax,Cymbalaria muralis,Ivy-leaved toadflax,Plantae,55727
333513515,4277e9ca-61a9-43d8-8f75-eafcf28f2bf0,2025/12/12 11:10 AM,2025-12-12,2025-12-11 22:10:00 UTC,Wellington,2026-01-05 00:20:42 UTC,2026-02-25 20:53:45 UTC,research,"",3,0,false,"Auckland Central, Auckland 1010, New Zealand",-36.8523611111,174.7727361111,11,,,11,,false,,,blue morning glory,Ipomoea indica,blue morning glory,Plantae,77496
333517548,10ae4996-08e5-4191-adbe-6d0d5aab1030,2025/12/12 11:20 AM,2025-12-12,2025-12-11 22:20:00 UTC,Wellington,2026-01-05 00:51:22 UTC,2026-02-25 20:53:57 UTC,research,"",3,0,false,"Auckland Central, Auckland 1010, New Zealand",-36.8536305556,174.7715,5,,,5,,false,,,blue morning glory,Ipomoea indica,blue morning glory,Plantae,77496
333517551,97e9da84-2eb8-4251-be25-b2baa60a4dfd,2025/12/12 11:27 AM,2025-12-12,2025-12-11 22:27:00 UTC,Wellington,2026-01-05 00:51:22 UTC,2026-02-25 20:53:39 UTC,research,"",3,0,false,"Grafton, Auckland, New Zealand",-36.8549611111,174.7688611111,5,,,5,,false,,,blue morning glory,Ipomoea indica,blue morning glory,Plantae,77496
333517552,4ec778cf-b809-44e4-a3a9-1ce68213bc38,2025/12/12 11:28 AM,2025-12-12,2025-12-11 22:28:00 UTC,Wellington,2026-01-05 00:51:23 UTC,2026-02-25 20:53:33 UTC,research,"",3,0,false,"Grafton, Auckland, New Zealand",-36.8549527778,174.768875,5,,,5,,false,,,blue morning glory,Ipomoea indica,blue morning glory,Plantae,77496
333517553,8bafd5d7-a655-4171-af3f-06f76906928e,2025/12/12 11:28 AM,2025-12-12,2025-12-11 22:28:00 UTC,Wellington,2026-01-05 00:51:23 UTC,2026-02-25 20:53:26 UTC,research,"",3,0,false,"Grafton, Auckland, New Zealand",-36.8552444444,174.7687527778,5,,,5,,false,,,blue morning glory,Ipomoea indica,blue morning glory,Plantae,77496
333517557,c3474acc-e32a-4530-814c-5af17c3a5f4f,2025/12/12 11:29 AM,2025-12-12,2025-12-11 22:29:00 UTC,Wellington,2026-01-05 00:51:23 UTC,2026-02-25 20:52:56 UTC,research,"",3,0,false,"Grafton, Auckland, New Zealand",-36.8551111111,174.7686,5,,,5,,false,,,blue morning glory,Ipomoea indica,blue morning glory,Plantae,77496
333517558,dd5bdca8-8979-43fe-a814-f64dbd9e170f,2025/12/12 11:36 AM,2025-12-12,2025-12-11 22:36:00 UTC,Wellington,2026-01-05 00:51:24 UTC,2026-01-07 16:29:28 UTC,research,"",2,0,false,"Grafton, Auckland, New Zealand",-36.8547666667,174.7687222222,5,,,5,,false,,,blue morning glory,Ipomoea indica,blue morning glory,Plantae,77496
333517560,7cb1a9d2-1898-4000-901f-453f3333641e,2025/12/12 11:36 AM,2025-12-12,2025-12-11 22:36:00 UTC,Wellington,2026-01-05 00:51:24 UTC,2026-02-25 20:53:03 UTC,research,"",3,0,false,"Grafton, Auckland, New Zealand",-36.8546944444,174.7687527778,5,,,5,,false,,,blue morning glory,Ipomoea indica,blue morning glory,Plantae,77496
333796988,41ddbeb0-a17a-4291-868e-e9b1e8061e4e,2026-01-07 14:25:27,2026-01-07,2026-01-07 01:25:27 UTC,Wellington,2026-01-07 01:26:47 UTC,2026-01-18 01:26:47 UTC,casual,"",1,0,true,"Auckland High Court, Auckland Central, Auckland 1010, New Zealand",-36.8498093,174.7695006,99,,,99,,false,,,North Island lacebark,Hoheria populnea,North Island lacebark,Plantae,181603
333806895,e696a642-4794-400f-a651-9c0d188e6348,2026-01-07 15:21:19,2026-01-07,2026-01-07 02:21:19 UTC,Wellington,2026-01-07 03:07:23 UTC,2026-01-07 03:07:39 UTC,casual,"",0,0,true,"Waterloo Quadrant, Auckland Central, Auckland 1010, New Zealand",-36.8508166,174.7705395,,,,,,false,gps,gps,Anchor plant,Colletia paradoxa,Anchor plant,Plantae,430868
334433762,0677922e-caa2-4668-87ef-3c320d8e0a2d,2026-01-12 11:39:00+13:00,2026-01-12,2026-01-11 22:39:00 UTC,Wellington,2026-01-12 01:11:20 UTC,2026-01-13 06:50:39 UTC,research,"",1,0,false,"Maclaurin Chaplaincy, Auckland, Auckland, NZ",-36.849605,174.76973,4,,,4,open,false,,,magnificent angel's trumpet,Brugmansia insignis,magnificent angel's trumpet,Plantae,371794
334447540,30b6fd8b-084c-4a2b-8672-f06b1f507b94,2026-01-12 15:53:30,2026-01-12,2026-01-12 02:53:30 UTC,Wellington,2026-01-12 03:11:07 UTC,2026-01-20 20:22:36 UTC,research,"",1,0,false,"Auckland High Court, Auckland Central, Auckland 1010, New Zealand",-36.848824,174.77024,,,,,,false,gps,gps,Bermuda grass,Cynodon dactylon,couch,Plantae,58371
334447600,90517c20-7c01-4cf7-92e7-9a230d346141,2026-01-12 09:21:20,2026-01-12,2026-01-11 20:21:20 UTC,Wellington,2026-01-12 03:11:49 UTC,2026-01-12 23:36:35 UTC,casual,"",1,0,true,"Waterloo Quadrant, Auckland Central, Auckland 1010, New Zealand",-36.85017,174.770238,,,,,,false,gps,gps,Olive,Olea europaea,Olive,Plantae,57140
334449221,7c87dab3-c474-4a05-964c-bfe0d636dee6,2026-01-12 16:18:02,2026-01-12,2026-01-12 03:18:02 UTC,Wellington,2026-01-12 03:25:46 UTC,2026-01-12 04:45:38 UTC,research,"",1,0,false,"University General Library, Auckland Central, Auckland 1010, New Zealand",-36.8515380705,174.769754447,10,,,10,,false,,,Ivy-leaved toadflax,Cymbalaria muralis,Ivy-leaved toadflax,Plantae,55727
334545263,6a77e4a9-c60c-48cb-92cb-ee7be95e064a,2026/01/13 9:33 AM,2026-01-13,2026-01-12 20:33:00 UTC,Wellington,2026-01-12 23:29:42 UTC,2026-01-23 02:07:32 UTC,research,"",1,0,false,"Auckland Central, Auckland 1010, New Zealand",-36.8498315112,174.7706484609,4,,,4,,false,,,Common Sow-thistle,Sonchus oleraceus,Common Sow-thistle,Plantae,53294
334545574,9baf01bd-fc1c-4704-9e44-a5749b0f0d98,2026-01-13 09:32:06,2026-01-13,2026-01-12 20:32:06 UTC,Wellington,2026-01-12 23:31:48 UTC,2026-01-16 07:10:40 UTC,research,"",1,0,false,"Auckland High Court, Auckland Central, Auckland 1010, New Zealand",-36.8490318997,174.7703222,,,,,open,false,gps,gps,Weeping-grass,Microlaena stipoides,Weeping-grass,Plantae,559367
334700753,d6c2252e-9a70-43a5-971d-d77050e69357,2026-01-14 14:55:15,2026-01-14,2026-01-14 01:55:15 UTC,Wellington,2026-01-14 08:19:03 UTC,2026-01-14 08:41:06 UTC,research,"",1,0,false,"Alten Rd, Auckland, Auckland, NZ",-36.8516916667,174.773255,18,,,18,,false,,,Akakura,Metrosideros fulgens,Akakura,Plantae,70236
334700774,74ebcd7c-933a-4fac-99b6-10a87251c9b7,2026-01-14 08:44:08,2026-01-14,2026-01-13 19:44:08 UTC,Wellington,2026-01-14 08:19:21 UTC,2026-01-14 08:33:21 UTC,research,"",1,0,false,"Princes St, Auckland, Auckland, NZ",-36.8511116667,174.7686783333,35,,,35,,false,,,climbing rātā,Metrosideros perforata,climbing rātā,Plantae,366726
335585166,6e99acce-ce5a-4b6b-9726-6c7b9f3dd5a2,2026-01-19 15:35:41+13:00,2026-01-19,2026-01-19 02:35:41 UTC,Wellington,2026-01-21 11:30:42 UTC,2026-02-13 19:28:59 UTC,needs_id,"",1,0,false,"North Island, Auckland, Auckland, NZ",-36.8523616667,174.7699883333,14,,,14,,false,,,planes,Platanus,planes,Plantae,49664
336014717,f58e7da6-4063-47c1-8d81-e047fda2d9de,2025-10-08 08:11:48,2025-10-08,2025-10-07 19:11:48 UTC,Wellington,2026-01-24 23:31:23 UTC,2026-01-24 23:31:24 UTC,needs_id,"",0,0,false,"Wynyard St, Auckland, Auckland, NZ",-36.8514616698,174.7725945521,19,,,19,,false,,,,Cordyline,cabbage trees and allies,Plantae,50192
336139774,d3299e28-b7f9-4d18-bda3-9d00028781cc,2026-01-26 08:32:47,2026-01-26,2026-01-25 19:32:47 UTC,Wellington,2026-01-25 20:46:56 UTC,2026-01-25 20:49:55 UTC,casual,"",1,0,true,"Waterloo Quadrant, Auckland Central, Auckland 1010, New Zealand",-36.8508616,174.7703765997,,,,,open,false,,,Fried-egg flower,Oncoba spinosa,Fried-egg flower,Plantae,340332
336140508,f2fec6aa-ab30-4514-8e48-5b9aeaa1f77d,2026-01-26 08:39:02,2026-01-26,2026-01-25 19:39:02 UTC,Wellington,2026-01-25 20:52:28 UTC,2026-01-26 10:09:22 UTC,casual,"",1,0,true,"Waterloo Quadrant, Auckland Central, Auckland 1010, New Zealand",-36.8503499997,174.7707365997,,,,,,false,gps,gps,bread palms,Encephalartos,bread palms,Plantae,129815
336141143,005ea060-6c07-4143-bcf0-f5a022425b99,2026-01-26 08:46:36,2026-01-26,2026-01-25 19:46:36 UTC,Wellington,2026-01-25 20:58:08 UTC,2026-01-25 20:58:19 UTC,casual,"",0,0,true,"Waterloo Quadrant, Auckland Central, Auckland 1010, New Zealand",-36.8501949997,174.7717232997,,,,,,false,gps,gps,wild mussaenda,Mussaenda frondosa,wild mussaenda,Plantae,427222
337471638,eae8f506-7d6e-4600-9264-00f7d6fef785,2026-02-05 13:12:49+13:00,2026-02-05,2026-02-05 00:12:49 UTC,Wellington,2026-02-05 21:19:54 UTC,2026-02-05 21:20:15 UTC,needs_id,"",0,0,false,"University of Auckland - City Campus, Auckland, Auckland, NZ",-36.8512583333,174.7704466667,22,,,22,,false,,,"",Lantana strigocamara,Lantana,Plantae,370492
338024084,016c8cf8-c4f7-47d6-bcca-86f660a84984,2026-02-10 15:18:33+13:00,2026-02-10,2026-02-10 02:18:33 UTC,Wellington,2026-02-10 02:18:52 UTC,2026-02-10 04:51:39 UTC,research,"",1,0,false,"North Island, Auckland, Auckland, NZ",-36.8518373673,174.7701547238,14,,,14,open,false,,,Tōtara,Podocarpus totara,Tōtara,Plantae,85275
338097399,facf6b29-d0dd-450e-968d-f8b42e047c91,2026-02-10 10:45:44,2026-02-10,2026-02-09 21:45:44 UTC,Wellington,2026-02-10 17:56:24 UTC,2026-02-11 20:29:07 UTC,casual,"",0,0,true,"University of Auckland, Auckland Central, Auckland 1010, New Zealand",-36.8521344997,174.7711562,,,,,open,false,gps,gps,Emerald Tree,Radermachera sinica,Emerald Tree,Plantae,429214
338099693,1f427d70-58eb-4ad8-bc2c-426f0c95abfa,2026-02-10 12:43:37,2026-02-10,2026-02-09 23:43:37 UTC,Wellington,2026-02-10 18:17:02 UTC,2026-02-11 18:04:32 UTC,research,"",1,0,false,"Old Choral Hall, Auckland Central, Auckland 1010, New Zealand",-36.85125,174.770458,,,,,open,false,gps,gps,Tree Privet,Ligustrum lucidum,tree privet,Plantae,77740
338221694,1f983b8b-14f7-4751-b1a5-1db9bc1ac7b5,2026/02/11 11:43 AM,2026-02-11,2026-02-10 22:43:00 UTC,Wellington,2026-02-11 17:56:57 UTC,2026-02-11 18:14:05 UTC,casual,"",1,0,true,"Auckland Central, Auckland 1010, New Zealand",-36.8520787644,174.7710017842,2,,,2,open,false,,,Roxburgh fig,Ficus auriculata,Elephant ear fig,Plantae,361868
338235038,699feecc-fbc8-46e8-bf94-81e3930880d3,2026-02-12 09:04:24,2026-02-12,2026-02-11 20:04:24 UTC,Wellington,2026-02-11 20:05:36 UTC,2026-02-11 20:05:42 UTC,casual,"",0,0,true,"Waterloo Quadrant, Auckland Central, Auckland 1010新西兰",-36.8509719,174.7707833,100,,,100,,false,,,心叶日中花,Mesembryanthemum cordifolium,heart-leaf ice plant,Plantae,589815
338821326,42831b87-ca4e-4c16-b494-10beb1a72619,2026-02-13 15:14:47,2026-02-13,2026-02-13 02:14:47 UTC,Wellington,2026-02-16 02:41:35 UTC,2026-02-16 02:41:36 UTC,casual,"",0,0,true,"Alten Rd, Auckland, Auckland, NZ",-36.8512033333,174.7729633333,14,,,14,,false,,,,Metrosideros colensoi,,Plantae,366728
338821337,0a709725-bc4a-481e-bcd4-83763dacc875,2026-02-13 15:14:12,2026-02-13,2026-02-13 02:14:12 UTC,Wellington,2026-02-16 02:41:44 UTC,2026-02-16 02:42:49 UTC,research,"",1,0,false,"Alten Rd, Auckland, Auckland, NZ",-36.851545,174.7730116667,32,,,32,,false,,,Akakura,Metrosideros fulgens,Akakura,Plantae,70236
338957677,93e9e089-78d3-4e5a-ad98-540e24fd59bc,2026-02-17 12:54:59,2026-02-17,2026-02-16 23:54:59 UTC,Wellington,2026-02-16 23:55:20 UTC,2026-02-16 23:55:21 UTC,casual,"",0,0,true,"Princes St, Auckland, Auckland, NZ",-36.8509882146,174.7708020353,21,,,21,,false,,,,Nestegis apetala,Coastal Maire,Plantae,404181
338989310,ef741d2c-6ca1-43bf-b56c-71d6094eb839,2026-02-16 14:48:59+13:00,2026-02-16,2026-02-16 01:48:59 UTC,Wellington,2026-02-17 04:55:42 UTC,2026-02-17 04:57:26 UTC,needs_id,"",1,0,false,"University of Auckland - City Campus, Auckland, Auckland, NZ",-36.8499845986,174.7710728979,26,,,26,,false,,,elephant's-ears,Alocasia,elephant's-ears,Plantae,69234
339069208,a32b8ac0-5937-4a42-b5c3-8d77f5510cce,2026-02-18 08:52:24,2026-02-18,2026-02-17 19:52:24 UTC,Wellington,2026-02-17 19:54:50 UTC,2026-02-17 20:42:08 UTC,research,"",1,0,false,"Wynyard St, Auckland, Auckland, NZ",-36.8528236909,174.7726204525,17,,,17,,false,,,castor bean,Ricinus communis,Castor oil plant,Plantae,56739
339829227,17bc4212-7744-4dcc-8513-d298fa9e2129,2026-02-20 11:10:47,2026-02-20,2026-02-19 22:10:47 UTC,Wellington,2026-02-23 02:28:26 UTC,2026-02-23 02:40:52 UTC,research,"",1,0,false,"Waterloo Quadrant, Auckland CBD, Auckland 1010, New Zealand",-36.850796,174.770327,,,,,,false,gps,gps,taurepo,Rhabdothamnus solandri,taurepo,Plantae,366711
339933095,05510ec3-d219-47d9-b2bc-12a802e163ed,2026-02-24 08:56:04,2026-02-24,2026-02-23 19:56:04 UTC,Wellington,2026-02-23 20:13:01 UTC,2026-02-23 20:21:38 UTC,casual,"",0,0,true,"Princes Street, Auckland CBD, Auckland 1010, New Zealand",-36.850882,174.768845,,,,,,false,gps,gps,Shining Spleenwort,Asplenium oblongifolium,Shining Spleenwort,Plantae,210944
339933133,d2eb1c3a-bdc5-489f-a0a6-604aef2a30ad,2026-02-24 09:01:01,2026-02-24,2026-02-23 20:01:01 UTC,Wellington,2026-02-23 20:13:36 UTC,2026-02-23 20:20:58 UTC,casual,"",0,0,true,"University General Library, Auckland CBD, Auckland 1010, New Zealand",-36.851186,174.770559,,,,,,false,gps,gps,Japanese Zelkova,Zelkova serrata,Japanese zelkova,Plantae,129055
340116179,c1ff2540-2515-4b86-8b80-03f7f1953681,2026-02-25 12:17:14,2026-02-25,2026-02-24 23:17:14 UTC,Wellington,2026-02-25 03:58:50 UTC,2026-02-25 03:58:56 UTC,casual,"",0,0,true,"University General Library, Auckland CBD, Auckland 1010, New Zealand",-36.8513129722,174.7705259722,,,,,open,false,gps,gps,Canadian serviceberry,Amelanchier canadensis,Canadian serviceberry,Plantae,133382
340236517,90c5cff0-e275-4344-a220-33f27329b162,2026-02-26 13:27:52,2026-02-26,2026-02-26 00:27:52 UTC,Wellington,2026-02-26 00:28:24 UTC,2026-02-26 00:28:31 UTC,casual,"",0,0,true,"Waterloo Quadrant, Auckland CBD, Auckland 1010, New Zealand",-36.850324302,174.7709687151,1,,,1,,false,,,sweetgums,Liquidambar,sweetgums,Plantae,49661
340236660,9437b7e9-b19b-44e3-becd-2fba14eecfb2,2026-02-26 13:29:43,2026-02-26,2026-02-26 00:29:43 UTC,Wellington,2026-02-26 00:30:05 UTC,2026-02-26 00:30:16 UTC,casual,"",0,0,true,"Waterloo Quadrant, Auckland CBD, Auckland 1010, New Zealand",-36.8502943501,174.7709377125,1,,,1,,false,,,Flowering quinces,Chaenomeles,Flowering quinces,Plantae,61237
340236729,b9942ab3-cf5e-492f-bdd6-703bce5269f6,2026-02-26 13:30:25,2026-02-26,2026-02-26 00:30:25 UTC,Wellington,2026-02-26 00:30:52 UTC,2026-02-26 00:31:53 UTC,needs_id,"",0,0,false,"Waterloo Quadrant, Auckland CBD, Auckland 1010, New Zealand",-36.8501774528,174.771153115,24,,,24,open,false,,,flaky juniper,Juniperus squamata,flaky juniper,Plantae,135885
340237115,845f788e-3111-403d-813c-a33d5cb84bdf,2026-02-26 13:32:22+13:00,2026-02-26,2026-02-26 00:32:22 UTC,Wellington,2026-02-26 00:33:25 UTC,2026-02-26 00:33:30 UTC,needs_id,"",0,0,false,"University of Auckland - City Campus, Auckland, Auckland, NZ",-36.8500504503,174.7707519775,7,,,7,,false,,,Rosa x floribunda,Rosaceae,rose family,Plantae,47148
340237130,9e3e8fac-dab8-4cc3-91e6-6695f502543b,2026-02-26 13:32:58,2026-02-26,2026-02-26 00:32:58 UTC,Wellington,2026-02-26 00:33:36 UTC,2026-02-26 00:33:37 UTC,casual,"",0,0,true,"Symonds St, Auckland, Auckland, NZ",-36.8501784839,174.7710134929,3,,,3,,false,,,,Ananas comosus,pineapple,Plantae,122965
340237165,019ac630-c586-4b19-9f17-a69c37c03ca8,2026-02-26 13:27:19,2026-02-26,2026-02-26 00:27:19 UTC,Wellington,2026-02-26 00:34:07 UTC,2026-02-26 03:43:23 UTC,research,"",1,0,false,"Symonds St, Auckland, Auckland, NZ",-36.8501511423,174.7710206916,62,,,62,open,false,,,Tōtara,Podocarpus totara,Tōtara,Plantae,85275
340237259,8a9fe812-d4fb-4ba3-ad1d-2004a4bf64dd,2026-02-26 13:28:21,2026-02-26,2026-02-26 00:28:21 UTC,Wellington,2026-02-26 00:35:04 UTC,2026-02-26 00:35:06 UTC,needs_id,"",0,0,false,"Symonds St, Auckland, Auckland, NZ",-36.8500728447,174.77104786,62,,,62,,false,,,,Lantana,Lantanas,Plantae,50334
340237302,b2f55710-b8f0-49ac-a866-c678775f427f,2026-02-26 13:34:53+13:00,2026-02-26,2026-02-26 00:34:53 UTC,Wellington,2026-02-26 00:35:16 UTC,2026-02-26 01:59:17 UTC,needs_id,"",1,0,false,"University of Auckland - City Campus, Auckland, Auckland, NZ",-36.8502832577,174.7708743533,3,,,3,,false,,,Ananas,Ananas,,Plantae,122967
340237907,16b70ce8-2f54-48fb-bd72-d91ef58d5cda,2026-02-26 13:41:19,2026-02-26,2026-02-26 00:41:19 UTC,Wellington,2026-02-26 00:41:59 UTC,2026-02-26 00:42:01 UTC,casual,"",0,0,true,"Symonds St, Auckland, Auckland, NZ",-36.8502715551,174.7708694147,19,,,19,,false,,,,Callianthe megapotamica,Trailing abutilon,Plantae,508221
340238979,d2d0c388-3624-4c3e-aa21-f462c41b1980,2026-02-26 13:48:57,2026-02-26,2026-02-26 00:48:57 UTC,Wellington,2026-02-26 00:49:46 UTC,2026-03-23 09:23:40 UTC,research,"",1,0,false,"Waterloo Quadrant, Auckland, Auckland, NZ",-36.8497545678,174.7714474303,32,,,32,,false,,,Indian shot,Canna indica,Indian shot,Plantae,146643
340239284,e31cb3e4-aa09-4db8-9e6e-337cfe1f06a9,2026-02-26 13:53:21,2026-02-26,2026-02-26 00:53:21 UTC,Wellington,2026-02-26 00:53:45 UTC,2026-03-31 16:51:48 UTC,research,"",2,0,false,"Auckland CBD, Auckland 1010, New Zealand",-36.8497753357,174.7713233994,6,,,6,,false,,,Garden Canna,Canna × hybrida,Garden Canna,Plantae,1535043
340239494,377d830a-1af4-4f89-9d30-d08f2dcc3b4f,2026-02-26 13:55:22,2026-02-26,2026-02-26 00:55:22 UTC,Wellington,2026-02-26 00:56:17 UTC,2026-02-26 01:57:21 UTC,research,"",1,0,false,"Symonds St, Auckland, Auckland, NZ",-36.8503006501,174.7709621956,14,,,14,open,false,,,Tōtara,Podocarpus totara,Tōtara,Plantae,85275
340240056,895ed90a-9b23-488d-9a1c-eb8376403632,2026-02-26 13:49:30,2026-02-26,2026-02-26 00:49:30 UTC,Wellington,2026-02-26 01:00:07 UTC,2026-02-26 08:35:45 UTC,research,"",1,0,false,"Symonds St, Auckland, Auckland, NZ",-36.8502747012,174.7708690038,19,,,19,,false,,,Coastal Rosemary,Westringia fruticosa,Coastal Rosemary,Plantae,353888
340240401,2d600052-0036-4ad0-981e-87d29b0b12fb,2026-02-26 14:03:46,2026-02-26,2026-02-26 01:03:46 UTC,Wellington,2026-02-26 01:04:40 UTC,2026-02-26 01:56:42 UTC,research,"",1,0,false,"Waterloo Quadrant, Auckland CBD, Auckland 1010, New Zealand",-36.8502525424,174.771072713,8,,,8,,false,,,Hardy Fuchsia,Fuchsia magellanica,Hardy Fuchsia,Plantae,163112
340240444,5b8557e6-9ba0-47de-8a6b-99a830b1dd5a,2026-02-26 14:04:32,2026-02-26,2026-02-26 01:04:32 UTC,Wellington,2026-02-26 01:05:21 UTC,2026-03-06 22:06:05 UTC,research,"",2,0,false,"Symonds St, Auckland, Auckland, NZ",-36.8503707249,174.7708684437,3,,,3,,false,,,waxweed pennywort,Hydrocotyle heteromeria,waxweed pennywort,Plantae,402581
340240471,4ad5837d-558a-4304-8f8d-1d8aa77b579d,2026-02-26 14:02:42,2026-02-26,2026-02-26 01:02:42 UTC,Wellington,2026-02-26 01:05:40 UTC,2026-02-26 02:01:07 UTC,research,"",1,0,false,"Symonds St, Auckland, Auckland, NZ",-36.8502616667,174.7707833333,4,,,4,,false,,,Shasta Daisy,Leucanthemum × superbum,Shasta Daisy,Plantae,170837
340240825,eeef61a1-f66d-496c-ba18-55d7216e512c,2026-02-26 14:08:49,2026-02-26,2026-02-26 01:08:49 UTC,Wellington,2026-02-26 01:09:09 UTC,2026-02-26 01:56:10 UTC,research,"",1,0,false,"Symonds St, Auckland, Auckland, NZ",-36.8502439341,174.7708006483,3,,,3,open,false,,,Japanese Quince,Chaenomeles japonica,Japanese Quince,Plantae,61236
340240974,69416711-eabf-4ffe-b752-62304d1e592e,2026-02-26 13:47:40,2026-02-26,2026-02-26 00:47:40 UTC,Wellington,2026-02-26 01:10:26 UTC,2026-02-26 01:10:27 UTC,needs_id,"",0,0,false,"Symonds St, Auckland, Auckland, NZ",-36.850378778,174.7710621804,21,,,21,,false,,,,Plantae,Plants,Plantae,47126
340241121,2e3e12d8-a04d-4f6e-ba07-a8bd154367c6,2026-02-26 14:10:42,2026-02-26,2026-02-26 01:10:42 UTC,Wellington,2026-02-26 01:12:06 UTC,2026-02-26 01:12:06 UTC,needs_id,"",0,0,false,"Symonds St, Auckland, Auckland, NZ",-36.8505673967,174.7709446385,3,,,3,,false,,,,Magnoliopsida,dicots [paraphyletic],Plantae,47124
340241147,aaed7131-cf45-4152-9633-e3223ba19567,2026-02-26 13:42:23,2026-02-26,2026-02-26 00:42:23 UTC,Wellington,2026-02-26 01:12:24 UTC,2026-02-26 01:12:25 UTC,casual,"",0,0,true,"Symonds St, Auckland, Auckland, NZ",-36.850278652,174.7712300849,15,,,15,open,false,,,,Liquidambar styraciflua,American sweetgum,Plantae,49658
340241166,6cdd0886-58f8-4df4-b4e3-ade33fdb06df,2026-02-26 13:39:25,2026-02-26,2026-02-26 00:39:25 UTC,Wellington,2026-02-26 01:12:38 UTC,2026-02-26 02:22:10 UTC,research,"",1,0,false,"Symonds St, Auckland, Auckland, NZ",-36.8502475257,174.7709308413,13,,,13,,false,,,Leather-leaf fern,Pyrrosia eleagnifolia,Leather-leaf fern,Plantae,210959
340241185,0b07a490-30b2-411f-a5ef-a0d920ee9837,2026-02-26 13:43:25,2026-02-26,2026-02-26 00:43:25 UTC,Wellington,2026-02-26 01:12:52 UTC,2026-02-26 01:12:53 UTC,casual,"",0,0,true,"Symonds St, Auckland, Auckland, NZ",-36.8502737501,174.7708753079,19,,,19,,false,,,,Camellia,Camellias,Plantae,83058
340241229,1e7f65ac-cb49-4916-9ce3-ea12b3bd8afa,2026-02-26 14:10:01,2026-02-26,2026-02-26 01:10:01 UTC,Wellington,2026-02-26 01:13:24 UTC,2026-03-01 05:57:59 UTC,casual,"",1,0,true,"Symonds St, Auckland, Auckland, NZ",-36.8504415724,174.7708370589,4,,,4,open,false,,,blue jacaranda,Jacaranda mimosifolia,blue jacaranda,Plantae,77541
340241464,f65f2ac6-f191-47d2-8cab-e3298f6c36fb,2026-02-26 14:14:47,2026-02-26,2026-02-26 01:14:47 UTC,Wellington,2026-02-26 01:15:04 UTC,2026-02-26 20:30:34 UTC,needs_id,"",1,0,false,"Symonds St, Auckland, Auckland, NZ",-36.8504281831,174.7708184486,9,,,9,open,false,,,poor man's cycad,Encephalartos villosus,poor man's cycad,Plantae,135968
340241588,be27070c-6700-438c-a1eb-50c22bfa41ba,2026-02-26 14:14:37,2026-02-26,2026-02-26 01:14:37 UTC,Wellington,2026-02-26 01:16:03 UTC,2026-02-26 01:16:04 UTC,casual,"",0,0,true,"Symonds St, Auckland, Auckland, NZ",-36.850508211,174.7708013931,11,,,11,,false,,,,Ginkgo biloba,ginkgo,Plantae,64350
340241603,e8968c9b-fd88-4930-9137-f297563611e2,2026-02-26 14:14:11,2026-02-26,2026-02-26 01:14:11 UTC,Wellington,2026-02-26 01:16:10 UTC,2026-02-26 01:16:10 UTC,casual,"",0,0,true,"Symonds St, Auckland, Auckland, NZ",-36.8505015689,174.7708029846,4,,,4,,false,,,,Ginkgo biloba,ginkgo,Plantae,64350
340241611,4269f4bd-be42-4c36-97e4-71d6c4759089,2026-02-26 14:04:48,2026-02-26,2026-02-26 01:04:48 UTC,Wellington,2026-02-26 01:16:16 UTC,2026-02-27 07:42:21 UTC,needs_id,"",1,0,false,"Symonds St, Auckland, Auckland, NZ",-36.8504139724,174.7708434329,4,,,4,,false,,,least yellow-sorrel,Oxalis exilis,least yellow-sorrel,Plantae,57865
340241622,de33980d-8e29-4bae-ba82-551ca3905e3a,2026-02-26 13:43:33,2026-02-26,2026-02-26 00:43:33 UTC,Wellington,2026-02-26 01:16:24 UTC,2026-02-27 07:42:11 UTC,research,"",1,0,false,"Symonds St, Auckland, Auckland, NZ",-36.8502741731,174.7708693322,19,,,19,,false,,,kidney weed,Dichondra repens,kidney weed,Plantae,161824
340241630,68f06a2f-6a02-47d0-979b-ad77d33127a5,2026-02-26 13:38:52,2026-02-26,2026-02-26 00:38:52 UTC,Wellington,2026-02-26 01:16:30 UTC,2026-02-26 01:55:11 UTC,research,"",1,0,false,"Symonds St, Auckland, Auckland, NZ",-36.8504253285,174.7708788958,29,,,29,,false,,,Pūriri,Vitex lucens,Pūriri,Plantae,338187
340241639,409eaed2-38dd-40ad-a598-883a6c79e7f2,2026-02-26 13:38:35,2026-02-26,2026-02-26 00:38:35 UTC,Wellington,2026-02-26 01:16:37 UTC,2026-02-26 01:16:38 UTC,needs_id,"",0,0,false,"Symonds St, Auckland, Auckland, NZ",-36.8508618595,174.7710025595,20,,,20,,false,,,,Tracheophyta,Vascular Plants,Plantae,211194
340241657,52d25080-752d-4632-9916-caea41090119,2026-02-26 13:35:05,2026-02-26,2026-02-26 00:35:05 UTC,Wellington,2026-02-26 01:16:46 UTC,2026-03-01 00:54:00 UTC,casual,"",1,0,true,"Auckland, NZ",-36.8499418928,174.7707468394,19,,,19,,false,,,Heavenly bamboo,Nandina domestica,Heavenly bamboo,Plantae,127010
340241667,37a6c3e8-1984-4b3a-a032-badef062f169,2026-02-26 13:36:24,2026-02-26,2026-02-26 00:36:24 UTC,Wellington,2026-02-26 01:16:54 UTC,2026-02-26 01:55:03 UTC,research,"",1,0,false,"Te Araroa Trail, Auckland, Auckland, NZ",-36.849935562,174.7707550059,19,,,19,,false,,,Hardy Fuchsia,Fuchsia magellanica,Hardy Fuchsia,Plantae,163112
340241668,e40aa3ab-4ca2-4c8d-89a9-317febc3cdb9,2026-02-26 13:26:24,2026-02-26,2026-02-26 00:26:24 UTC,Wellington,2026-02-26 01:16:54 UTC,2026-03-01 05:57:25 UTC,casual,"",2,0,true,"Princes St, Auckland, Auckland, NZ",-36.8506161123,174.7706498016,16,,,16,,false,,,Tricolor Hibiscus,Hibiscus × rosa-sinensis,Tricolor Hibiscus,Plantae,1628098
340241695,c599bc5e-0ffe-475e-9e17-81125a4e3278,2026-02-26 13:33:54,2026-02-26,2026-02-26 00:33:54 UTC,Wellington,2026-02-26 01:17:15 UTC,2026-03-30 22:20:28 UTC,casual,"",1,0,true,"Symonds St, Auckland, Auckland, NZ",-36.8501899541,174.7706879351,36,,,36,,false,,,roses,Rosa,roses,Plantae,53438
340241736,663b936b-d257-4a92-ad5c-e76ef1de57c1,2026-02-26 13:34:51,2026-02-26,2026-02-26 00:34:51 UTC,Wellington,2026-02-26 01:17:31 UTC,2026-02-26 01:17:33 UTC,casual,"",0,0,true,"Auckland, NZ",-36.8499594309,174.7707470472,19,,,19,,false,,,,Justicia brandegeeana,Shrimp plant,Plantae,84531
340242177,49d5bb8e-87fd-4fe1-a27a-4846736f5763,2026-02-26 13:32:48,2026-02-26,2026-02-26 00:32:48 UTC,Wellington,2026-02-26 01:21:35 UTC,2026-02-26 08:35:28 UTC,casual,"",1,0,true,"Te Araroa Trail, Auckland, Auckland, NZ",-36.8500936095,174.7707488766,15,,,15,,false,,,roses,Rosa,roses,Plantae,53438
340242217,ec3fce87-3bee-48a0-a4f5-92aa7413f80e,2026-02-26 13:31:40,2026-02-26,2026-02-26 00:31:40 UTC,Wellington,2026-02-26 01:22:09 UTC,2026-02-26 01:54:19 UTC,casual,"",1,0,true,"Te Araroa Trail, Auckland, Auckland, NZ",-36.8501805075,174.7706837183,37,,,37,,false,,,roses,Rosa,roses,Plantae,53438
340242223,5af6065b-d3be-4ece-84ec-16bcbaa71a46,2026-02-26 14:19:23,2026-02-26,2026-02-26 01:19:23 UTC,Wellington,2026-02-26 01:22:16 UTC,2026-02-26 01:54:04 UTC,research,"",1,0,false,"Waterloo Quadrant, Auckland CBD, Auckland 1010, New Zealand",-36.8502335598,174.7709096439,8,,,8,,false,,,orange day-lily,Hemerocallis fulva,orange day-lily,Plantae,126583
340242229,faac65d7-08fc-4565-8879-51a0e8c51628,2026-02-26 13:31:59,2026-02-26,2026-02-26 00:31:59 UTC,Wellington,2026-02-26 01:22:22 UTC,2026-02-26 01:22:23 UTC,casual,"",0,0,true,"Te Araroa Trail, Auckland, Auckland, NZ",-36.8499719042,174.7707332476,16,,,16,,false,,,,Rosa,roses,Plantae,53438
340244399,bf2001e0-c92c-45a4-afac-1c94ec25b652,2026-02-26 14:26:18,2026-02-26,2026-02-26 01:26:18 UTC,Wellington,2026-02-26 01:44:06 UTC,2026-02-26 01:44:06 UTC,needs_id,"",0,0,false,"Te Araroa Trail, Auckland, Auckland, NZ",-36.8499030824,174.7707611098,19,,,19,open,false,,,,Picea pungens,blue spruce,Plantae,119092
340244446,938bf9d8-6152-49e4-9a70-cdeb5f57c2f1,2026-02-26 14:25:51,2026-02-26,2026-02-26 01:25:51 UTC,Wellington,2026-02-26 01:44:26 UTC,2026-03-13 02:23:29 UTC,needs_id,"",2,1,false,"Auckland, NZ",-36.8499093994,174.7708116861,18,,,18,,false,,,Areceae,Areceae,,Plantae,1470417
340244466,6f8cf4ca-dcae-461f-a6d3-35582b51d199,2026-02-26 14:23:35,2026-02-26,2026-02-26 01:23:35 UTC,Wellington,2026-02-26 01:44:39 UTC,2026-02-26 01:44:40 UTC,needs_id,"",0,0,false,"Te Araroa Trail, Auckland, Auckland, NZ",-36.8501161012,174.7707805033,17,,,17,,false,,,,Asteroideae,,Plantae,632790
340244481,365d9d1e-fea3-4a71-83c3-dd7ebc7cecfb,2026-02-26 14:22:54,2026-02-26,2026-02-26 01:22:54 UTC,Wellington,2026-02-26 01:44:52 UTC,2026-02-26 01:44:54 UTC,needs_id,"",0,0,false,"Symonds St, Auckland, Auckland, NZ",-36.8502644481,174.7708235057,18,,,18,,false,,,,Asteroideae,,Plantae,632790
340244520,c172be01-e6db-4db8-bd6b-7adeeb76af1b,2026-02-26 13:37:22,2026-02-26,2026-02-26 00:37:22 UTC,Wellington,2026-02-26 01:45:13 UTC,2026-02-26 01:45:14 UTC,casual,"",0,0,true,"Symonds St, Auckland, Auckland, NZ",-36.8502469946,174.7712118635,46,,,46,open,false,,,,Liquidambar styraciflua,American sweetgum,Plantae,49658
340244533,6ecace93-7458-4f7c-a79c-bdc3555b5df5,2026-02-26 13:33:42,2026-02-26,2026-02-26 00:33:42 UTC,Wellington,2026-02-26 01:45:18 UTC,2026-02-26 03:47:16 UTC,needs_id,"",0,0,false,"Te Araroa Trail, Auckland, Auckland, NZ",-36.8500081052,174.7707669518,39,,,39,,false,,,,Rosaceae,rose family,Plantae,47148
340246851,9478e510-307b-4955-9dbf-dbd4d0f3695f,2026-02-26 13:30:12,2026-02-26,2026-02-26 00:30:12 UTC,Wellington,2026-02-26 02:05:41 UTC,2026-03-13 02:24:13 UTC,needs_id,"",1,0,false,"Symonds St, Auckland, Auckland, NZ",-36.8502279606,174.7712224525,48,,,48,,false,,,Dypsis,Dypsis,,Plantae,55269
340246858,820a2e35-c40b-42b9-98f7-7729433e3de6,2026-02-26 13:30:38,2026-02-26,2026-02-26 00:30:38 UTC,Wellington,2026-02-26 02:05:47 UTC,2026-02-26 02:05:47 UTC,needs_id,"",0,0,false,"Auckland, NZ",-36.8504725629,174.7706591007,28,,,28,,false,,,,Magnoliopsida,dicots [paraphyletic],Plantae,47124
340246867,626650af-9e9f-49b9-87d3-34bb4a8eb14a,2026-02-26 13:28:31,2026-02-26,2026-02-26 00:28:31 UTC,Wellington,2026-02-26 02:05:54 UTC,2026-02-26 02:05:55 UTC,needs_id,"",0,0,false,"Symonds St, Auckland, Auckland, NZ",-36.8502189277,174.7708933452,13,,,13,,false,,,,Magnoliopsida,dicots [paraphyletic],Plantae,47124
340246879,a4700881-1739-4a46-9668-dffc59098404,2026-02-26 13:29:13,2026-02-26,2026-02-26 00:29:13 UTC,Wellington,2026-02-26 02:06:07 UTC,2026-02-26 02:06:08 UTC,casual,"",0,0,true,"Symonds St, Auckland, Auckland, NZ",-36.8502791053,174.7708592707,55,,,55,,false,,,,Ananas comosus,pineapple,Plantae,122965
340246913,022c089a-46f5-4b63-9e03-bb5aebdeab8f,2026-02-26 13:26:27,2026-02-26,2026-02-26 00:26:27 UTC,Wellington,2026-02-26 02:06:16 UTC,2026-02-26 02:06:17 UTC,needs_id,"",0,0,false,"Symonds St, Auckland, Auckland, NZ",-36.8502965887,174.770859472,4,,,4,,false,,,,Magnoliopsida,dicots [paraphyletic],Plantae,47124
340246919,b98801ed-fb9c-48d3-a37d-ebb441c83257,2026-02-26 13:28:02,2026-02-26,2026-02-26 00:28:02 UTC,Wellington,2026-02-26 02:06:23 UTC,2026-02-26 08:34:21 UTC,research,"",1,0,false,"Symonds St, Auckland, Auckland, NZ",-36.8502617559,174.7708464685,11,,,11,,false,,,orange day-lily,Hemerocallis fulva,orange day-lily,Plantae,126583
340279341,218dc05e-4140-4afe-afe5-1f308cb9977b,2026-02-26 13:41:12,2026-02-26,2026-02-26 00:41:12 UTC,Wellington,2026-02-26 08:57:39 UTC,2026-02-26 08:57:40 UTC,needs_id,"",0,0,false,"Symonds St, Auckland, Auckland, NZ",-36.8501365425,174.7714563085,35,,,35,open,false,,,,Taxodium distichum,baldcypress,Plantae,49666
340361998,08fcf5ce-142f-4aeb-9398-c181d9c80937,2026-02-26 13:29:03,2026-02-26,2026-02-26 00:29:03 UTC,Wellington,2026-02-26 22:12:27 UTC,2026-02-26 22:12:28 UTC,casual,"",0,0,true,"Symonds St, Auckland, Auckland, NZ",-36.8502219875,174.7708775275,9,,,9,,false,,,,Liquidambar,sweetgums,Plantae,49661
340362105,10308453-72d9-4d05-8931-d124f2d72fb9,2026-02-26 13:56:01,2026-02-26,2026-02-26 00:56:01 UTC,Wellington,2026-02-26 22:13:32 UTC,2026-02-26 22:13:33 UTC,casual,"",0,0,true,"Symonds St, Auckland, Auckland, NZ",-36.8505260536,174.7708452556,25,,,25,open,false,,,,Rotheca myricoides,Rough-leaved Cats-whiskers,Plantae,340357
340362121,7d579bb7-c45e-45e4-a695-43e95c21921b,2026-02-26 14:00:18,2026-02-26,2026-02-26 01:00:18 UTC,Wellington,2026-02-26 22:13:45 UTC,2026-02-26 22:13:47 UTC,needs_id,"",0,0,false,"Symonds St, Auckland, Auckland, NZ",-36.8503100234,174.7709248788,16,,,16,,false,,,,Dahlia pinnata,Garden Dahlia,Plantae,161582
341327496,27e27438-4fd5-4091-a274-7e08058aa53c,2026-02-27 16:30:55,2026-02-27,2026-02-27 03:30:55 UTC,Wellington,2026-03-05 03:25:00 UTC,2026-03-05 03:25:01 UTC,needs_id,"",0,0,false,"Waterloo Quadrant, Auckland, Auckland, NZ",-36.848926018,174.7710377166,4,,,4,open,false,,,,Tecomaria capensis,Cape Honeysuckle,Plantae,286772
341327988,dddf706b-2fe1-466e-9ec9-cdeb4665ab42,2026-02-27 19:14:46,2026-02-27,2026-02-27 06:14:46 UTC,Wellington,2026-03-05 03:29:58 UTC,2026-03-05 05:39:37 UTC,casual,"",1,0,true,"Waterloo Quadrant, Auckland, Auckland, NZ",-36.8490061909,174.7711666303,4,,,4,,false,,,blue lily,Agapanthus praecox,agapanthus,Plantae,199324
341328005,4c656808-3811-4f77-a3b9-3b166f564892,2026-02-27 19:15:45,2026-02-27,2026-02-27 06:15:45 UTC,Wellington,2026-03-05 03:30:13 UTC,2026-03-05 03:30:13 UTC,needs_id,"",0,0,false,"Waterloo Quadrant, Auckland, Auckland, NZ",-36.8491006256,174.7712605156,4,,,4,,false,,,,Tracheophyta,Vascular Plants,Plantae,211194
341456093,c32acb06-e2af-4389-b072-76b7cbec1da4,2026-03-06 14:23:36,2026-03-06,2026-03-06 01:23:36 UTC,Wellington,2026-03-06 01:26:46 UTC,2026-03-06 01:26:51 UTC,casual,"",0,0,false,"Symonds Street/Karangahape Road, Grafton, Auckland 1010, New Zealand",-36.8581736494,174.7658954188,19,,,19,,false,gps,gps,Moth Vine,Araujia sericifera,Moth plant,Plantae,75499
341974362,42c27d87-45b2-4811-9e7b-4797020f1b37,2026-03-09 11:49:42,2026-03-09,2026-03-08 22:49:42 UTC,Wellington,2026-03-08 22:50:13 UTC,2026-03-19 04:37:35 UTC,research,"",2,0,false,"Symonds St, Auckland, Auckland, NZ",-36.850465632,174.7708928132,20,,,20,,false,,,garden nasturtium,Tropaeolum majus,garden nasturtium,Plantae,54329
342190337,9e36c770-f14e-47d4-bd4c-cd7c163ccba3,2026-03-10 16:03:15,2026-03-10,2026-03-10 03:03:15 UTC,Wellington,2026-03-10 03:04:45 UTC,2026-03-10 03:04:46 UTC,needs_id,"",0,0,false,"Grafton Rd, Auckland, Auckland, NZ",-36.8531677639,174.7706245726,4,,,4,,false,,,,Magnoliopsida,dicots [paraphyletic],Plantae,47124
342277246,905a904e-490d-487e-bace-1250aa074fd8,2026-03-10 14:14:40,2026-03-10,2026-03-10 01:14:40 UTC,Wellington,2026-03-10 17:11:02 UTC,2026-03-10 17:11:08 UTC,casual,"",0,0,true,"Waterloo Quadrant, Auckland CBD, Auckland 1010, New Zealand",-36.850746,174.7706139722,,,,,,false,gps,gps,trifoliate orange,Citrus trifoliata,trifoliate orange,Plantae,200071
342278871,a18deff4-3d68-40cf-931b-5f7f2a3349c2,2026-03-09 13:32:35,2026-03-09,2026-03-09 00:32:35 UTC,Wellington,2026-03-10 17:21:46 UTC,2026-03-10 17:21:54 UTC,casual,"",0,0,true,"Waterloo Quadrant, Auckland CBD, Auckland 1010, New Zealand",-36.8512449722,174.770713,,,,,,false,gps,gps,Japanese barberry,Berberis thunbergii,Japanese barberry,Plantae,58727
342526582,80bd7957-ce25-4fe9-b6ed-4c22524a55f0,2026-03-12 15:58:32,2026-03-12,2026-03-12 02:58:32 UTC,Wellington,2026-03-12 03:15:32 UTC,2026-03-12 03:15:39 UTC,casual,"",0,0,true,"Waterloo Quadrant, Auckland CBD, Auckland 1010, New Zealand",-36.850188,174.770801,,,,,open,false,gps,gps,giant groundsel,Telanthophora grandifolia,giant groundsel,Plantae,281675
343055210,4cfdb0b9-3ba0-4811-8f21-23fe3211057f,2026-03-10 09:59:20,2026-03-10,2026-03-09 20:59:20 UTC,Wellington,2026-03-15 04:58:18 UTC,2026-04-19 23:58:26 UTC,casual,"",0,0,true,"Wynyard St, Auckland, Auckland, NZ",-36.8517208379,174.7727057991,4,,,4,open,false,,,,Ipomoea batatas,sweet potato,Plantae,62941
343186789,c96b7226-437d-456e-af10-fa11bdef7f7c,2026-02-04 15:08:39,2026-02-04,2026-02-04 02:08:39 UTC,Wellington,2026-03-15 20:38:52 UTC,2026-04-01 01:54:09 UTC,research,"",1,0,false,"Princes St, Auckland, Auckland, NZ",-36.8500412543,174.7697208384,9,,,9,,false,,,King fern,Ptisana salicina,King fern,Plantae,410562
343207503,151b9405-eb8a-48a1-b48a-e9bc35b33f9f,2026-03-16 11:16:29,2026-03-16,2026-03-15 22:16:29 UTC,Wellington,2026-03-15 22:18:45 UTC,2026-03-15 22:18:50 UTC,casual,"",0,0,true,"University of Auckland, Auckland CBD, Auckland 1010, New Zealand",-36.8525621,174.7709872,100,,,100,,false,,,petunias,Petunia,petunias,Plantae,55406
343207514,362d3e32-29cc-4f8e-ae0b-ca0f38f3d361,2026-03-16 11:17:22,2026-03-16,2026-03-15 22:17:22 UTC,Wellington,2026-03-15 22:18:51 UTC,2026-03-15 22:18:57 UTC,casual,"",0,0,true,"University of Auckland, Auckland CBD, Auckland 1010, New Zealand",-36.8525621,174.7709872,100,,,100,,false,,,Nerines,Nerine,Nerines,Plantae,70062
343229132,50aa41d5-c268-4f5c-a3c9-37c872ac1d73,2026-03-16 08:38:01,2026-03-16,2026-03-15 19:38:01 UTC,Wellington,2026-03-16 00:36:48 UTC,2026-03-16 09:26:23 UTC,research,"",1,0,false,"Auckland High Court, Auckland CBD, Auckland 1010, New Zealand",-36.8493177778,174.7697133333,,,,,,false,gps,gps,Veronica diosmifolia,Veronica diosmifolia,,Plantae,738759
343392738,57c9ae51-1b82-4d20-83ba-166d054324a7,2026-03-17 11:00:16,2026-03-17,2026-03-16 22:00:16 UTC,Wellington,2026-03-16 23:34:28 UTC,2026-03-22 22:52:12 UTC,casual,"",1,0,true,"Princes Street, Auckland CBD, Auckland 1010, New Zealand",-36.8506611111,174.769425,,,,,,false,gps,gps,dogwoods,Cornus,dogwoods,Plantae,47193
343852081,0de8423e-5c1e-4f78-bf39-8df8924863a1,2026-03-18 16:16:40,2026-03-18,2026-03-18 03:16:40 UTC,Wellington,2026-03-19 19:22:20 UTC,2026-03-19 19:22:27 UTC,casual,"",0,0,true,"Auckland High Court, Auckland CBD, Auckland 1010, New Zealand",-36.8498768997,174.7697900997,,,,,,false,gps,gps,Boxleaf Hebe,Veronica odora,Boxleaf Hebe,Plantae,738756
343948742,fd78772e-c3ee-4182-bdac-3dee16ff1b6a,2026-03-20 19:00:24,2026-03-20,2026-03-20 06:00:24 UTC,Wellington,2026-03-20 08:53:16 UTC,2026-03-20 08:53:17 UTC,needs_id,"",0,0,false,"Symonds St, Auckland, Auckland, NZ",-36.8506466667,174.7715616667,13,,,13,,false,,,,Parthenocissus tricuspidata,Japanese creeper,Plantae,166162
344637332,e39ce303-18e7-4bba-af33-dd27a389d2e8,2026-03-23 15:53:12,2026-03-23,2026-03-23 02:53:12 UTC,Wellington,2026-03-23 08:15:02 UTC,2026-03-23 08:15:08 UTC,needs_id,"",0,0,false,"Auckland High Court, Auckland CBD, Auckland 1010, New Zealand",-36.8498239722,174.7699819722,,,,,,false,gps,gps,Japanese lady fern,Deparia petersenii,Japanese lady fern,Plantae,364009
344775292,b8eaf997-7cda-47f2-801b-22c3b19c6b1e,2026/03/23 3:53 PM,2026-03-23,2026-03-23 02:53:00 UTC,Wellington,2026-03-23 22:01:31 UTC,2026-03-23 22:22:29 UTC,research,"",1,0,false,"Auckland CBD, Auckland 1010, New Zealand",-36.8496980308,174.7699786905,8,,,8,,false,,,Whau,Entelea arborescens,Whau,Plantae,343580
344779526,6eb03073-44d0-4bc7-887a-f3ace8a5b803,2026-03-24 11:27:20,2026-03-24,2026-03-23 22:27:20 UTC,Wellington,2026-03-23 22:27:57 UTC,2026-03-23 22:27:58 UTC,needs_id,"",0,0,false,"Symonds St, Auckland, Auckland, NZ",-36.8551214924,174.7682422462,12,,,12,,false,,,,Arundinarieae,,Plantae,489559
344779601,7adcb92a-1e1a-4488-918a-647114ebac24,2026-03-24 11:28:05,2026-03-24,2026-03-23 22:28:05 UTC,Wellington,2026-03-23 22:28:28 UTC,2026-03-23 22:28:29 UTC,casual,"",0,0,true,"Auckland, Auckland, NZ",-36.8547107124,174.7685691022,4,,,4,,false,,,,Clivia miniata,Natal Lily,Plantae,210194
344780134,74e8525b-7417-4c5a-a4e1-28ff3dcc13ae,2026-03-24 11:31:06,2026-03-24,2026-03-23 22:31:06 UTC,Wellington,2026-03-23 22:31:48 UTC,2026-03-24 04:52:29 UTC,needs_id,"",0,0,false,"Auckland Universities, Grafton, Auckland 1010新西兰",-36.85348802,174.76885274,8,,,8,,false,,,,Magnoliopsida,dicots [paraphyletic],Plantae,47124
344781521,3886fe6a-894b-46a6-a830-4f1da9c02889,2026-03-24 11:39:28,2026-03-24,2026-03-23 22:39:28 UTC,Wellington,2026-03-23 22:39:47 UTC,2026-04-01 16:37:25 UTC,research,"",2,0,false,"Waterloo Quadrant, Auckland CBD, Auckland 1010新西兰",-36.85020952,174.77016468,9,,,9,open,false,,,pomegranate,Punica granatum,pomegranate,Plantae,58300
344781642,8bb70b6d-850e-4a1c-b623-1f58944e7956,2026-03-24 11:40:06,2026-03-24,2026-03-23 22:40:06 UTC,Wellington,2026-03-23 22:40:18 UTC,2026-03-23 23:42:34 UTC,needs_id,"",1,0,false,"Auckland CBD, Auckland 1010新西兰",-36.849977,174.7702572,61,,,61,,false,,,绣球属,Hydrangea,hydrangeas,Plantae,83157
344781698,13299369-1a49-4b5c-87bf-c3a898f5b52f,2026-03-24 11:40:34,2026-03-24,2026-03-23 22:40:34 UTC,Wellington,2026-03-23 22:40:46 UTC,2026-03-23 23:41:59 UTC,needs_id,"",2,0,false,"Auckland High Court, Auckland CBD, Auckland 1010新西兰",-36.84976095,174.77016152,9,,,9,,false,,,葱莲属,Zephyranthes,Rain lilies,Plantae,120027
344781923,40082569-51ee-4395-be2a-c3ad17574b7f,2026-03-24 11:41:46,2026-03-24,2026-03-23 22:41:46 UTC,Wellington,2026-03-23 22:42:26 UTC,2026-03-23 22:42:27 UTC,casual,"",0,0,true,"Princes St, Auckland, Auckland, NZ",-36.8495435253,174.7700488631,8,,,8,open,false,,,,Camellia japonica,Japanese camellia,Plantae,83056
344782173,ca900dd8-4b4c-4f0e-a9c0-0ee41ecc5e11,2026-03-24 11:41:50,2026-03-24,2026-03-23 22:41:50 UTC,Wellington,2026-03-23 22:44:05 UTC,2026-03-23 22:44:18 UTC,casual,"",0,0,true,"Auckland High Court, Auckland CBD, Auckland 1010, New Zealand",-36.8495339722,174.7700079722,,,,,,false,gps,gps,Glory bush,Pleroma urvilleanum,Glory bush,Plantae,1263850
344782213,e1a692c3-8b64-496a-bd5d-0889d14b7661,2026-03-24 11:38:00,2026-03-24,2026-03-23 22:38:00 UTC,Wellington,2026-03-23 22:44:20 UTC,2026-03-23 22:44:21 UTC,casual,"",0,0,true,"Princes St, Auckland, Auckland, NZ",-36.8496873214,174.7701372972,4,,,4,,false,,,,Salvia leucantha,Mexican Bush Sage,Plantae,120488
344782247,7ac6fcde-0565-4122-b4dd-c14dc03e2620,2026-03-24 11:42:56,2026-03-24,2026-03-23 22:42:56 UTC,Wellington,2026-03-23 22:44:33 UTC,2026-03-23 22:44:34 UTC,casual,"",0,0,true,"Auckland, Auckland, NZ",-36.84974099,174.7697726103,31,,,31,open,false,,,,Toxicodendron succedaneum,Japanese wax tree,Plantae,362794
344782255,2878d96a-20be-4298-9a8d-e28df85e782d,2026-03-24 11:36:12,2026-03-24,2026-03-23 22:36:12 UTC,Wellington,2026-03-23 22:44:35 UTC,2026-03-23 22:44:37 UTC,casual,"",0,0,true,"Te Araroa Trail, Auckland, Auckland, NZ",-36.8499924129,174.7702790701,7,,,7,,false,,,,Hydrangea,hydrangeas,Plantae,83157
344782296,bfe42544-e4f0-42ea-8090-ebfc47c6ee7f,2026-03-24 11:44:18,2026-03-24,2026-03-23 22:44:18 UTC,Wellington,2026-03-23 22:44:50 UTC,2026-03-23 22:44:56 UTC,needs_id,"",0,0,false,"Auckland High Court, Auckland CBD, Auckland 1010紐西蘭",-36.849468369,174.7698304709,15,,,15,,false,,,婆婆納屬,Veronica,Speedwells and Hebes,Plantae,51611
344782326,1e038e85-b23e-40e8-90d1-0b80f352b1c3,2026-03-24 11:36:56,2026-03-24,2026-03-23 22:36:56 UTC,Wellington,2026-03-23 22:45:01 UTC,2026-03-23 22:45:02 UTC,casual,"",0,0,true,"Te Araroa Trail, Auckland, Auckland, NZ",-36.8499481617,174.7701269,11,,,11,,false,,,,Miscanthus sinensis,Zebra grass,Plantae,165474
344782403,7ec48a84-d0d9-4b75-9902-67981f41d892,2026-03-24 11:41:48,2026-03-24,2026-03-23 22:41:48 UTC,Wellington,2026-03-23 22:45:32 UTC,2026-03-23 22:45:33 UTC,casual,"",0,0,true,"Princes St, Auckland, Auckland, NZ",-36.849570642,174.770049958,61,,,61,,false,,,,Camellia,Camellias,Plantae,83058
344782781,ef963e8c-82a7-4d4c-be87-3237542ca49c,2026-03-24 11:30:38,2026-03-24,2026-03-23 22:30:38 UTC,Wellington,2026-03-23 22:48:07 UTC,2026-03-23 23:10:51 UTC,needs_id,"",1,0,false,"University of Auckland, Auckland CBD, Auckland 1010新西兰",-36.85222625,174.7698974444,,,,,,false,gps,gps,匍匐污生境,Coprosma repens,Taupata,Plantae,76435
344782808,eed2eec4-0f7d-47c6-a2ba-92cbdd9d6481,2026-03-24 11:36:38,2026-03-24,2026-03-23 22:36:38 UTC,Wellington,2026-03-23 22:48:13 UTC,2026-03-23 22:48:14 UTC,needs_id,"",0,0,false,"Te Araroa Trail, Auckland, Auckland, NZ",-36.8499547984,174.7701898922,6,,,6,,false,,,,Hydrangea,hydrangeas,Plantae,83157
344782898,917bea4e-ea0d-4be0-8570-1ad1faf40f03,2026-03-24 11:44:15+13:00,2026-03-24,2026-03-23 22:44:15 UTC,Wellington,2026-03-23 22:48:50 UTC,2026-03-23 22:48:55 UTC,casual,"",0,0,true,"University of Auckland - City Campus, 奥克兰, 奥克兰, NZ",-36.8495397837,174.7700000608,9,,,9,,false,,,"",Camellia,Camellias,Plantae,83058
344783020,2a4c23a2-4be2-4559-995d-9349741d25de,2026-03-24 11:40:37,2026-03-24,2026-03-23 22:40:37 UTC,Wellington,2026-03-23 22:49:27 UTC,2026-03-23 22:49:33 UTC,casual,"",0,0,true,"Auckland High Court, Auckland CBD, Auckland 1010, New Zealand",-36.84945008,174.76995717,9,,,9,,false,,,Montbretias,Crocosmia,Montbretias,Plantae,61186
344783090,b059e5ed-3de6-4c00-b0cd-9a4a04d0f314,2026-03-24 11:47:57,2026-03-24,2026-03-23 22:47:57 UTC,Wellington,2026-03-23 22:49:53 UTC,2026-03-23 23:51:23 UTC,needs_id,"",0,0,false,"Princes St, Auckland, Auckland, NZ",-36.8495216667,174.77005,4,,,4,,false,,,,Pleroma,glory bushes and allies,Plantae,823397
344783122,3ee78cb1-ef9e-4569-a39a-dc09c61d4421,2026-03-24 11:48:46+13:00,2026-03-24,2026-03-23 22:48:46 UTC,Wellington,2026-03-23 22:50:13 UTC,2026-03-23 22:50:18 UTC,casual,"",0,0,true,"University of Auckland - City Campus, 奥克兰, 奥克兰, NZ",-36.8495800007,174.7699956248,8,,,8,,false,,,"",Camellia,Camellias,Plantae,83058
344783136,41e7a918-e07e-4996-97e9-653c94ff2570,2026-03-24 11:49:41+13:00,2026-03-24,2026-03-23 22:49:41 UTC,Wellington,2026-03-23 22:50:20 UTC,2026-03-23 22:50:26 UTC,casual,"",0,0,true,"University of Auckland - City Campus, 奥克兰, 奥克兰, NZ",-36.8496199791,174.7700137426,9,,,9,,false,,,"",Pleroma,glory bushes and allies,Plantae,823397
344783234,b07887d6-a7d8-4817-80d5-d72065176a15,2026-03-24 11:49:40+13:00,2026-03-24,2026-03-23 22:49:40 UTC,Wellington,2026-03-23 22:50:52 UTC,2026-03-23 22:50:56 UTC,casual,"",0,0,true,"University of Auckland - City Campus, 奥克兰, 奥克兰, NZ",-36.8495082374,174.7700731286,8,,,8,,false,,,"",Crocosmia aurea,Falling Stars,Plantae,361354
344783275,0dd03b26-760f-4911-8868-f7766a1a0ad7,2026-03-24 11:41:21,2026-03-24,2026-03-23 22:41:21 UTC,Wellington,2026-03-23 22:51:01 UTC,2026-03-24 07:45:28 UTC,research,"",1,0,false,"Auckland High Court, Auckland CBD, Auckland 1010, New Zealand",-36.84953722,174.76997019,8,,,8,,false,,,Common Pocket-moss,Fissidens taxifolius,Common Pocket-moss,Plantae,163024
344783276,f51e7e3e-7faf-4f9d-8e72-4c25f73ef828,2026-03-24 11:50:13,2026-03-24,2026-03-23 22:50:13 UTC,Wellington,2026-03-23 22:51:01 UTC,2026-03-23 22:51:07 UTC,needs_id,"",0,0,false,"Auckland High Court, Auckland CBD, Auckland 1010, New Zealand",-36.84965463,174.76969996,8,,,8,,false,,,Afro-Australian daisies,Dimorphotheca,Afro-Australian daisies,Plantae,72095
344783605,4fb7b252-c5bd-4521-9ca0-da9b685aa6cc,2026-03-24 11:23:25+13:00,2026-03-24,2026-03-23 22:23:25 UTC,Wellington,2026-03-23 22:52:48 UTC,2026-03-23 22:52:53 UTC,casual,"",0,0,true,"North Island, Auckland, Auckland, NZ",-36.8519314252,174.769892415,12,,,12,,false,,,"",Fuchsia,fuchsias,Plantae,54713
344783613,abfde74a-c03d-4873-9f68-b1fdebdec4d6,2026-03-24 11:51:42,2026-03-24,2026-03-23 22:51:42 UTC,Wellington,2026-03-23 22:52:51 UTC,2026-04-07 10:10:45 UTC,needs_id,"",2,1,false,"Auckland High Court, Auckland CBD, Auckland 1010, New Zealand",-36.84948187,174.77021022,8,,,8,,false,,,Nepetoideae,Nepetoideae,,Plantae,520502
344783823,61d8be7a-dab8-4b2a-a2c0-d635024716de,2026-03-24 11:23:50+13:00,2026-03-24,2026-03-23 22:23:50 UTC,Wellington,2026-03-23 22:54:14 UTC,2026-03-23 23:53:29 UTC,casual,"",1,0,true,"North Island, Auckland, Auckland, NZ",-36.8519454559,174.7697738588,78,,,78,,false,,,Canna Lilies,Canna,Canna Lilies,Plantae,127280
344783974,156c74b5-a128-4cad-8d00-666d522c54cf,2026-03-24 11:54:02,2026-03-24,2026-03-23 22:54:02 UTC,Wellington,2026-03-23 22:54:56 UTC,2026-03-23 22:55:04 UTC,needs_id,"",0,0,false,"Auckland High Court, Auckland CBD, Auckland 1010, New Zealand",-36.84956588,174.77000637,8,,,8,,false,,,Glory bush,Pleroma urvilleanum,Glory bush,Plantae,1263850
344784019,4b8fbc2b-0d56-4a96-82d6-05ecf9983f00,2026-03-24 11:29:00+13:00,2026-03-24,2026-03-23 22:29:00 UTC,Wellington,2026-03-23 22:55:04 UTC,2026-03-23 22:55:09 UTC,casual,"",0,0,true,"North Island, Auckland, Auckland, NZ",-36.8518725675,174.769870873,49,,,49,,false,,,"",Petunia,petunias,Plantae,55406
344784425,032088fe-21f1-499d-a981-b27dbbc36351,2026-03-24 11:56:32+13:00,2026-03-24,2026-03-23 22:56:32 UTC,Wellington,2026-03-23 22:56:45 UTC,2026-03-23 22:56:50 UTC,casual,"",0,0,true,"University of Auckland - City Campus, 奥克兰, 奥克兰, NZ",-36.8496973094,174.7701982233,9,,,9,,false,,,"",Dichorisandra,Dichorisandra,Plantae,272905
344784441,cd061abc-23f7-472e-bf64-867af7914473,2026-03-24 11:56:19,2026-03-24,2026-03-23 22:56:19 UTC,Wellington,2026-03-23 22:56:48 UTC,2026-03-23 22:58:30 UTC,casual,"",0,0,true,"Auckland High Court, Auckland CBD, Auckland 1010, New Zealand",-36.84955683,174.76968998,9,,,9,,false,,,Dusty miller,Jacobaea maritima,Dusty miller,Plantae,357682
344784556,1f4dc16a-d809-4c12-8e4a-aa8857b8a561,2026-03-24 11:56:54+13:00,2026-03-24,2026-03-23 22:56:54 UTC,Wellington,2026-03-23 22:57:08 UTC,2026-03-23 22:58:35 UTC,needs_id,"",0,0,false,"University of Auckland - City Campus, 奥克兰, 奥克兰, NZ",-36.8497189205,174.7701983954,4,,,4,,false,,,"",Salvia,Sages,Plantae,50644
344784587,a40bb90e-8d4b-4836-ac57-236739c9be31,2026-03-24 11:56:59+13:00,2026-03-24,2026-03-23 22:56:59 UTC,Wellington,2026-03-23 22:57:23 UTC,2026-03-23 22:57:28 UTC,needs_id,"",0,0,false,"University of Auckland - City Campus, 奥克兰, 奥克兰, NZ",-36.8494660443,174.7703447301,7,,,7,,false,,,"",Fuchsia triphylla,honeysuckle fuchsia,Plantae,498028
344784645,80de7a35-5d43-4487-a510-c149977401e2,2026-03-24 11:33:27+13:00,2026-03-24,2026-03-23 22:33:27 UTC,Wellington,2026-03-23 22:57:40 UTC,2026-03-23 22:57:45 UTC,casual,"",0,0,true,"University of Auckland - City Campus, Auckland, Auckland, NZ",-36.8504294949,174.7701476373,30,,,30,,false,,,"",Euphorbia,Spurges,Plantae,51822
344784796,b5739b43-a6cf-400a-ac3e-f689a7f90fc6,2026-03-24 11:58:10+13:00,2026-03-24,2026-03-23 22:58:10 UTC,Wellington,2026-03-23 22:58:29 UTC,2026-03-23 22:58:34 UTC,casual,"",0,0,true,"University of Auckland - City Campus, 奥克兰, 奥克兰, NZ",-36.8492661776,174.7706732998,6,,,6,,false,,,"",Dahlia pinnata,Garden Dahlia,Plantae,161582
344784852,5d97ab10-a94b-4753-95e7-e7728d166381,2026-03-24 11:57:28,2026-03-24,2026-03-23 22:57:28 UTC,Wellington,2026-03-23 22:58:48 UTC,2026-03-23 22:58:49 UTC,needs_id,"",0,0,false,"Auckland, Auckland, NZ",-36.8493533333,174.7710883333,5,,,5,,false,,,,Salvia,Sages,Plantae,50644
344784913,a4b54885-37e2-4035-a4a7-33d39925ebd9,2026-03-24 11:59:05+13:00,2026-03-24,2026-03-23 22:59:05 UTC,Wellington,2026-03-23 22:59:09 UTC,2026-03-28 11:51:48 UTC,needs_id,"",3,0,false,"University of Auckland - City Campus, 奥克兰, 奥克兰, NZ",-36.8492613733,174.7708380779,16,,,16,,false,,,conifers,Pinales,conifers,Plantae,47375
344784926,9a7715f7-45ca-4df9-9742-4b8caddcd363,2026-03-24 11:58:58+13:00,2026-03-24,2026-03-23 22:58:58 UTC,Wellington,2026-03-23 22:59:12 UTC,2026-04-02 20:47:19 UTC,casual,"",1,0,true,"University of Auckland - City Campus, 奥克兰, 奥克兰, NZ",-36.8492309048,174.7708432214,7,,,7,,false,,,紫松果菊,Echinacea purpurea,purple coneflower,Plantae,48627
344785070,5a6844c6-cc44-45a0-8c9d-7465b54425da,2026-03-24 11:58:45,2026-03-24,2026-03-23 22:58:45 UTC,Wellington,2026-03-23 23:00:00 UTC,2026-03-23 23:30:17 UTC,casual,"",0,0,true,"Auckland High Court, Auckland CBD, Auckland 1010, New Zealand",-36.84956356,174.76998883,7,,,7,,false,,,Camellias,Camellia,Camellias,Plantae,83058
344785092,154f4f39-e7ae-43f8-9452-71a111a17b5d,2026-03-24 11:59:57+13:00,2026-03-24,2026-03-23 22:59:57 UTC,Wellington,2026-03-23 23:00:08 UTC,2026-03-23 23:00:18 UTC,needs_id,"",0,0,false,"University of Auckland - City Campus, 奥克兰, 奥克兰, NZ",-36.8493769689,174.77118527,19,,,19,,false,,,"",Salvia guaranitica,Anise-scented sage,Plantae,346173
344785111,bdd98f04-c07d-450a-a12f-4414856c66d6,2026-03-24 12:00:04+13:00,2026-03-24,2026-03-23 23:00:04 UTC,Wellington,2026-03-23 23:00:17 UTC,2026-03-23 23:00:22 UTC,needs_id,"",0,0,false,"University of Auckland - City Campus, 奥克兰, 奥克兰, NZ",-36.8494207642,174.7711558686,9,,,9,,false,,,"",Salvia guaranitica,Anise-scented sage,Plantae,346173
344785217,89ad8af8-bdc4-4344-9c82-c2090ad885aa,2026-03-24 11:29:48+13:00,2026-03-24,2026-03-23 22:29:48 UTC,Wellington,2026-03-23 23:00:50 UTC,2026-03-23 23:08:39 UTC,needs_id,"",1,0,false,"North Island, Auckland, Auckland, NZ",-36.8519467377,174.7699870764,32,,,32,,false,,,Leather-leaf fern,Pyrrosia eleagnifolia,Leather-leaf fern,Plantae,210959
344785398,5addc511-2b67-4340-9383-e9008667ae1d,2026-03-24 12:01:41+13:00,2026-03-24,2026-03-23 23:01:41 UTC,Wellington,2026-03-23 23:01:54 UTC,2026-03-23 23:02:01 UTC,needs_id,"",0,0,false,"University of Auckland - City Campus, 奥克兰, 奥克兰, NZ",-36.8495194732,174.7711241406,16,,,16,open,false,,,"",Camellia sasanqua,sasanqua camellia,Plantae,126549
344785549,9b624a02-1c33-4e0a-ad29-98eea4292a22,2026-03-24 12:01:59,2026-03-24,2026-03-23 23:01:59 UTC,Wellington,2026-03-23 23:02:15 UTC,2026-03-23 23:43:58 UTC,needs_id,"",2,0,false,"Waterloo Quadrant, Auckland CBD, Auckland 1010新西兰",-36.8500761,174.7701818,90,,,90,,false,,,山桐子属,Idesia,,Plantae,379023
344785673,c21a05fc-b8a6-4c38-b6ec-462ca0403dec,2026-03-24 12:01:37+13:00,2026-03-24,2026-03-23 23:01:37 UTC,Wellington,2026-03-23 23:02:51 UTC,2026-03-23 23:02:56 UTC,casual,"",0,0,true,"University of Auckland - City Campus, 奥克兰, 奥克兰, NZ",-36.8495067477,174.7711026942,9,,,9,open,false,,,"",Fagus sylvatica,European beech,Plantae,54227
344785809,7ebdd4d4-5b21-47c1-9f53-c0e06b2d0b66,2026-03-24 12:02:53,2026-03-24,2026-03-23 23:02:53 UTC,Wellington,2026-03-23 23:03:34 UTC,2026-03-23 23:03:39 UTC,casual,"",0,0,true,"Auckland CBD, Auckland 1010紐西蘭",-36.8496753,174.7705073,13,,,13,open,false,,,火輪木,Stenocarpus sinuatus,Firewheel tree,Plantae,83360
344785857,75e08434-06e8-49b3-b40f-c918f9f0423d,2026-03-24 12:03:02+13:00,2026-03-24,2026-03-23 23:03:02 UTC,Wellington,2026-03-23 23:03:45 UTC,2026-03-24 01:29:04 UTC,needs_id,"",0,0,false,"University of Auckland - City Campus, 奥克兰, 奥克兰, NZ",-36.8495176547,174.7711600924,4,,,4,,false,,,"",Eriobotrya japonica,Loquat,Plantae,76949
344786042,b0952951-0a5d-4925-9918-07d4897b6a38,2026-03-24 11:28:12,2026-03-24,2026-03-23 22:28:12 UTC,Wellington,2026-03-23 23:04:42 UTC,2026-03-23 23:08:05 UTC,needs_id,"",1,0,false,"University General Library, Auckland CBD, Auckland 1010新西兰",-36.8520545833,174.7699126944,,,,,,false,gps,gps,Pyrrosia eleagnifolia,Pyrrosia eleagnifolia,Leather-leaf fern,Plantae,210959
344786112,cf1df965-8d92-470f-b180-c683ea7c7615,2026-03-24 11:34:04+13:00,2026-03-24,2026-03-23 22:34:04 UTC,Wellington,2026-03-23 23:05:09 UTC,2026-03-25 00:16:47 UTC,needs_id,"",1,0,false,"University of Auckland - City Campus, Auckland, Auckland, NZ",-36.8501008492,174.7699570724,56,,,56,,false,,,Punica,Punica,,Plantae,58302
344786144,863e2d63-f129-4f9a-9d8f-c5d9deaac3c6,Tue Mar 24 2026 12:05:12 GMT +1300 (GMT+13),2026-03-24,2026-03-23 23:05:12 UTC,Wellington,2026-03-23 23:05:23 UTC,2026-03-23 23:05:46 UTC,needs_id,"",0,0,false,Auckland,-36.849571228,174.7705230713,4,,,4,open,false,,,,Cenchrus clandestinus,Kikuyu Grass,Plantae,60298
344786155,c9150e45-2af9-4caf-b6ca-4e78fde830cf,2026-03-24 11:48:17,2026-03-24,2026-03-23 22:48:17 UTC,Wellington,2026-03-23 23:05:27 UTC,2026-03-23 23:05:27 UTC,casual,"",0,0,true,"Princes St, Auckland, Auckland, NZ",-36.8495783333,174.770005,3,,,3,,false,,,,Camellia,Camellias,Plantae,83058
344786192,8312c46d-af03-4a27-9600-1a449c2fd53a,2026-03-24 11:49:10,2026-03-24,2026-03-23 22:49:10 UTC,Wellington,2026-03-23 23:05:34 UTC,2026-04-19 14:05:28 UTC,research,"",2,0,false,"Princes St, Auckland, Auckland, NZ",-36.84975,174.769805,4,,,4,,false,,,Fruit salad plant,Monstera deliciosa,Fruit salad plant,Plantae,122521
344786227,08acc599-6ec5-47f6-9e9d-bd1b354e8bd3,2026-03-24 11:49:52,2026-03-24,2026-03-23 22:49:52 UTC,Wellington,2026-03-23 23:05:42 UTC,2026-03-23 23:05:43 UTC,needs_id,"",0,0,false,"Princes St, Auckland, Auckland, NZ",-36.84972,174.7700666667,3,,,3,,false,,,,Odontonema tubaeforme,Firespike,Plantae,281140
344786242,f09a102f-9abe-4e88-82d5-8be65a7c7c33,2026-03-24 11:50:12,2026-03-24,2026-03-23 22:50:12 UTC,Wellington,2026-03-23 23:05:50 UTC,2026-03-23 23:09:37 UTC,casual,"",0,0,true,"Princes St, Auckland, Auckland, NZ",-36.8496466667,174.770095,3,,,3,,false,,,,Dichorisandra thyrsiflora,Blue ginger,Plantae,427503
344786288,4529296b-07ee-48f5-aaa6-2af891650006,2026-03-24 11:50:40,2026-03-24,2026-03-23 22:50:40 UTC,Wellington,2026-03-23 23:06:05 UTC,2026-03-23 23:06:06 UTC,needs_id,"",0,0,false,"Princes St, Auckland, Auckland, NZ",-36.8496283333,174.7701116667,2,,,2,,false,,,,Fuchsia,fuchsias,Plantae,54713
344786340,b1a7de35-e7a0-43cb-8922-baf900a7b769,2026-03-24 11:55:37,2026-03-24,2026-03-23 22:55:37 UTC,Wellington,2026-03-23 23:06:16 UTC,2026-03-23 23:07:33 UTC,research,"",1,0,false,"Princes St, Auckland, Auckland, NZ",-36.84935,174.7702783333,8,,,8,open,false,,,Kawakawa,Piper excelsum,Kawakawa,Plantae,404899
344786397,c9eef18f-de26-4bd7-8501-ecbacf959c77,2026-03-24 11:56:16,2026-03-24,2026-03-23 22:56:16 UTC,Wellington,2026-03-23 23:06:37 UTC,2026-03-23 23:06:38 UTC,needs_id,"",0,0,false,"Princes St, Auckland, Auckland, NZ",-36.849425,174.7701866667,7,,,7,,false,,,,Magnoliopsida,dicots [paraphyletic],Plantae,47124
344786415,15d7025d-8ae9-45a0-9ffb-d7157dee0b66,2026-03-24 12:04:54,2026-03-24,2026-03-23 23:04:54 UTC,Wellington,2026-03-23 23:06:47 UTC,2026-03-24 06:37:44 UTC,needs_id,"",1,0,false,"Auckland High Court, Auckland CBD, Auckland 1010, New Zealand",-36.84947852,174.7703543,10,,,10,,false,,,Neoregelia,Neoregelia,,Plantae,141291
344786468,4b42659b-f06d-40af-a37c-6a19babe82b8,Tue Mar 24 2026 12:06:59 GMT +1300 (GMT+13),2026-03-24,2026-03-23 23:06:59 UTC,Wellington,2026-03-23 23:07:06 UTC,2026-03-23 23:07:41 UTC,casual,"",0,0,true,Auckland,-36.8493843079,174.7709503174,23,,,23,,false,,,,Araucaria,araucarias,Plantae,53718
344786480,d38c7732-10c4-4a35-99d3-a874c2df6f87,2026-03-24 11:40:39,2026-03-24,2026-03-23 22:40:39 UTC,Wellington,2026-03-23 23:07:10 UTC,2026-03-23 23:09:15 UTC,casual,"",0,0,true,"Auckland High Court, Auckland CBD, Auckland 1010新西兰",-36.8495635833,174.7698211667,,,,,,false,gps,gps,山茶属,Camellia,Camellias,Plantae,83058
344786612,34e3f4fd-8908-4ac3-9f3d-ef0c59c1ac94,2026-03-24 11:23:27,2026-03-24,2026-03-23 22:23:27 UTC,Wellington,2026-03-23 23:08:05 UTC,2026-03-23 23:08:05 UTC,needs_id,"",0,0,false,"Symonds St, Auckland, Auckland, NZ",-36.8553210927,174.7681649239,12,,,12,,false,,,,Magnoliopsida,dicots [paraphyletic],Plantae,47124
344786692,73cbf060-7c37-42a2-b0ae-77b11f0da95b,2026-03-24 11:35:51,2026-03-24,2026-03-23 22:35:51 UTC,Wellington,2026-03-23 23:08:40 UTC,2026-03-24 00:27:44 UTC,needs_id,"",0,0,false,"Te Araroa Trail, Auckland, Auckland, NZ",-36.8497966667,174.770645,14,,,14,,false,,,,Cupressaceae,cypress family,Plantae,47374
344786698,dae984d6-47ce-458e-8566-554041e5cfea,2026-03-24 12:02:41,2026-03-24,2026-03-23 23:02:41 UTC,Wellington,2026-03-23 23:08:42 UTC,2026-03-23 23:08:43 UTC,needs_id,"",0,0,false,"Princes St, Auckland, Auckland, NZ",-36.84967,174.7700366667,2,,,2,,false,,,,Eriocapitella,Fall-blooming anemones,Plantae,883677
344786721,a3146f51-bd44-44a3-bcd4-edc6b6d9f588,2026-03-24 12:08:28+13:00,2026-03-24,2026-03-23 23:08:28 UTC,Wellington,2026-03-23 23:08:47 UTC,2026-03-23 23:35:18 UTC,needs_id,"",0,0,false,"University of Auckland - City Campus, 奥克兰, 奥克兰, NZ",-36.849688876,174.7700592768,6,,,6,,false,,,"",Fuchsia,fuchsias,Plantae,54713
344786731,d5d8cf6d-3744-408d-a6fd-666e6b3cd9a5,2026-03-24 12:03:34,2026-03-24,2026-03-23 23:03:34 UTC,Wellington,2026-03-23 23:08:51 UTC,2026-03-23 23:08:51 UTC,needs_id,"",0,0,false,"Princes St, Auckland, Auckland, NZ",-36.8496083333,174.77005,8,,,8,,false,,,,Angiospermae,Flowering Plants,Plantae,47125
344786757,09b5269a-8211-46b5-bb82-23a26087f71b,2026-03-24 11:52:31,2026-03-24,2026-03-23 22:52:31 UTC,Wellington,2026-03-23 23:09:06 UTC,2026-03-23 23:09:07 UTC,needs_id,"",0,0,false,"Princes St, Auckland, Auckland, NZ",-36.8494416667,174.7702783333,2,,,2,,false,,,,Neoregelia carolinae,Blushing Bromeliad,Plantae,327355
344786806,c158605c-a4a4-4e84-b286-cb1bed23d37d,2026-03-24 12:06:51,2026-03-24,2026-03-23 23:06:51 UTC,Wellington,2026-03-23 23:09:30 UTC,2026-03-23 23:09:40 UTC,casual,"",0,0,true,"Auckland CBD, Auckland 1010, New Zealand",-36.8492689722,174.770937,,,,,,false,gps,gps,Kawaka,Libocedrus plumosa,Kawaka,Plantae,135819
344786850,4c5dce28-33bf-46f3-b085-ff125781416b,2026-03-24 12:08:01,2026-03-24,2026-03-23 23:08:01 UTC,Wellington,2026-03-23 23:09:51 UTC,2026-03-24 00:27:36 UTC,research,"",1,0,false,"Te Araroa Trail, Auckland, Auckland, NZ",-36.8496883333,174.770155,2,,,2,,false,,,Slender pennywort,Hydrocotyle tripartita,Slender pennywort,Plantae,402603
344786903,35ac2a2c-133d-45a2-9beb-4d468c78e18a,2026-03-24 12:09:31,2026-03-24,2026-03-23 23:09:31 UTC,Wellington,2026-03-23 23:10:06 UTC,2026-03-23 23:10:12 UTC,casual,"",0,0,true,"Auckland High Court, Auckland CBD, Auckland 1010, New Zealand",-36.84948892,174.76964692,7,,,7,,false,,,Fall-blooming anemones,Eriocapitella,Fall-blooming anemones,Plantae,883677
344786972,4cb8e88c-e139-4c8e-83fc-523909df0c2b,2026-03-24 12:09:49,2026-03-24,2026-03-23 23:09:49 UTC,Wellington,2026-03-23 23:10:22 UTC,2026-03-23 23:10:27 UTC,casual,"",0,0,true,"Auckland CBD, Auckland 1010紐西蘭",-36.8493330851,174.7708575893,10,,,10,,false,,,南洋杉屬,Araucaria,araucarias,Plantae,53718
344787145,f7c1d9dd-4ab9-4fd8-af9f-6d2d01af6028,2026-03-24 12:10:41,2026-03-24,2026-03-23 23:10:41 UTC,Wellington,2026-03-23 23:11:15 UTC,2026-03-23 23:11:16 UTC,needs_id,"",0,0,false,"Princes St, Auckland, Auckland, NZ",-36.849525,174.7696383333,4,,,4,,false,,,,Soliva sessilis,Onehunga weed,Plantae,60150
344787204,2bee2a6a-86bb-4017-b0fd-e57c6e9f9cca,2026-03-24 11:32:02,2026-03-24,2026-03-23 22:32:02 UTC,Wellington,2026-03-23 23:11:41 UTC,2026-03-23 23:11:42 UTC,needs_id,"",0,0,false,"Princes St, Auckland, Auckland, NZ",-36.8513436874,174.7706060312,12,,,12,,false,,,,Amelanchier,serviceberries,Plantae,49230
344787222,503ac2af-250d-417b-99f0-f7c4e5a6085e,2026-03-24 11:33:07,2026-03-24,2026-03-23 22:33:07 UTC,Wellington,2026-03-23 23:11:49 UTC,2026-03-23 23:11:49 UTC,casual,"",0,0,true,"Princes St, Auckland, Auckland, NZ",-36.8508640964,174.7703951216,10,,,10,,false,,,,Euphorbia trigona,African Milk Weed,Plantae,322318
344787229,0be277f3-ec83-4ce3-9f69-c84d56b0a754,2026-03-24 12:11:14,2026-03-24,2026-03-23 23:11:14 UTC,Wellington,2026-03-23 23:11:52 UTC,2026-03-28 11:51:00 UTC,needs_id,"",3,0,false,"Auckland CBD, Auckland 1010紐西蘭",-36.8493984221,174.7708427534,9,,,9,open,false,,,Dicots,Magnoliopsida,dicots [paraphyletic],Plantae,47124
344787236,c7a999d7-e024-4083-8b61-403fa902ab68,2026-03-24 11:33:23,2026-03-24,2026-03-23 22:33:23 UTC,Wellington,2026-03-23 23:11:56 UTC,2026-03-23 23:11:57 UTC,casual,"",0,0,true,"Princes St, Auckland, Auckland, NZ",-36.8507753125,174.7704634291,14,,,14,,false,,,,Aeonium arboreum,Tree Aeonium,Plantae,67717
344787238,cb7d8aec-4bd0-41ea-b666-c72657a6433e,2026-03-24 11:33:07,2026-03-24,2026-03-23 22:33:07 UTC,Wellington,2026-03-23 23:11:57 UTC,2026-03-23 23:11:58 UTC,casual,"",0,0,true,"Princes St, Auckland, Auckland, NZ",-36.8509666667,174.7705083333,15,,,15,open,false,,,,Oncoba spinosa,Fried-egg flower,Plantae,340332
344787266,1f0f412a-546f-4bef-9066-c23754d8a089,2026-03-24 11:33:36,2026-03-24,2026-03-23 22:33:36 UTC,Wellington,2026-03-23 23:12:05 UTC,2026-03-23 23:12:06 UTC,needs_id,"",0,0,false,"Princes St, Auckland, Auckland, NZ",-36.8507644553,174.770453274,15,,,15,,false,,,,Magnoliopsida,dicots [paraphyletic],Plantae,47124
344787282,4cb643c8-d0b0-485c-a07d-603fd5fecd2d,2026-03-24 11:33:56,2026-03-24,2026-03-23 22:33:56 UTC,Wellington,2026-03-23 23:12:12 UTC,2026-03-23 23:12:13 UTC,casual,"",0,0,true,"Symonds St, Auckland, Auckland, NZ",-36.8513311319,174.770062777,61,,,61,open,false,,,,Oncoba spinosa,Fried-egg flower,Plantae,340332
344787300,a01c124c-c69b-4b10-a1c2-5ac046bfcf19,2026-03-24 11:34:12,2026-03-24,2026-03-23 22:34:12 UTC,Wellington,2026-03-23 23:12:19 UTC,2026-03-23 23:12:20 UTC,needs_id,"",0,0,false,"Princes St, Auckland, Auckland, NZ",-36.8507738906,174.770470199,18,,,18,,false,,,,Veronica,Speedwells and Hebes,Plantae,51611
344787329,47b27c18-94dc-4012-af06-64a64eb0b234,2026-03-24 11:34:46,2026-03-24,2026-03-23 22:34:46 UTC,Wellington,2026-03-23 23:12:31 UTC,2026-03-23 23:12:32 UTC,casual,"",0,0,true,"Princes St, Auckland, Auckland, NZ",-36.8506758452,174.7704031519,13,,,13,,false,,,,Euphorbia,Spurges,Plantae,51822
344787388,606c0f32-aabe-4f98-ae24-391a6fe52cb5,2026-03-24 12:11:50,2026-03-24,2026-03-23 23:11:50 UTC,Wellington,2026-03-23 23:12:47 UTC,2026-03-23 23:12:48 UTC,needs_id,"",0,0,false,"Auckland, Auckland, NZ",-36.8493773711,174.7708847458,8,,,8,,false,,,,Paspalum dilatatum,caterpillar grass,Plantae,60295
344787401,6769b85f-a22a-4f3a-85cc-1b7c2abe0777,2026-03-24 11:35:51,2026-03-24,2026-03-23 22:35:51 UTC,Wellington,2026-03-23 23:12:55 UTC,2026-03-24 04:23:40 UTC,casual,"",0,0,true,"Te Araroa Trail, Auckland, Auckland, NZ",-36.8504050877,174.7700897192,12,,,12,,false,,,Fan Aloe,Kumara plicatilis,Fan aloe,Plantae,588322
344787420,700bec21-0a61-4ba0-aed1-ec9392e93cd1,2026-03-24 11:35:57,2026-03-24,2026-03-23 22:35:57 UTC,Wellington,2026-03-23 23:13:03 UTC,2026-03-23 23:13:03 UTC,casual,"",0,0,true,"Te Araroa Trail, Auckland, Auckland, NZ",-36.8503532403,174.7701142824,9,,,9,,false,,,,Aloe,Aloes,Plantae,71956
344787455,5abf6f9c-de4d-4f47-b571-a275e92faa91,2026-03-24 11:36:41,2026-03-24,2026-03-23 22:36:41 UTC,Wellington,2026-03-23 23:13:10 UTC,2026-03-24 04:30:33 UTC,needs_id,"",0,0,false,"Te Araroa Trail, Auckland, Auckland, NZ",-36.8499426917,174.7701412717,15,,,15,,false,,,Zebra grass,Miscanthus sinensis,Zebra grass,Plantae,165474
344787498,f0c0dcda-3102-474a-9860-31dfb8f7d187,2026-03-24 11:37:01,2026-03-24,2026-03-23 22:37:01 UTC,Wellington,2026-03-23 23:13:17 UTC,2026-03-24 07:16:18 UTC,research,"",1,0,false,"Te Araroa Trail, Auckland, Auckland, NZ",-36.849897182,174.7701587741,10,,,10,,false,,,Rosemary,Salvia rosmarinus,Rosemary,Plantae,636795
344787531,2ed95b05-36f4-4a8f-9b77-a25176ba932b,2026-03-24 11:37:26,2026-03-24,2026-03-23 22:37:26 UTC,Wellington,2026-03-23 23:13:31 UTC,2026-03-23 23:13:32 UTC,casual,"",0,0,true,"Te Araroa Trail, Auckland, Auckland, NZ",-36.8498683996,174.7700900148,11,,,11,,false,,,,Salvia leucantha,Mexican Bush Sage,Plantae,120488
344787544,c0b3983e-1ba2-4dda-a292-4fbb1c7da41c,2026-03-24 12:01:25,2026-03-24,2026-03-23 23:01:25 UTC,Wellington,2026-03-23 23:13:40 UTC,2026-03-28 11:50:39 UTC,needs_id,"",3,0,false,"Auckland, Auckland, NZ",-36.8495995031,174.7694437303,42,,,42,open,false,,,conifers,Pinales,conifers,Plantae,47375
344787649,cf3ed723-e0ef-4223-b60e-69905cafbd9e,2026-03-24 11:34:25,2026-03-24,2026-03-23 22:34:25 UTC,Wellington,2026-03-23 23:14:21 UTC,2026-03-24 00:27:44 UTC,casual,"",0,0,true,"Symonds St, Auckland, Auckland, NZ",-36.8502916667,174.7708283333,3,,,3,,false,,,,Hibiscus × rosa-sinensis,Tricolor Hibiscus,Plantae,1628098
344787712,83adbce1-5a1d-47fe-adb5-5471cfe45d2b,2026-03-24 12:14:11+13:00,2026-03-24,2026-03-23 23:14:11 UTC,Wellington,2026-03-23 23:14:43 UTC,2026-03-23 23:14:49 UTC,needs_id,"",0,0,false,"University of Auckland - City Campus, 奥克兰, 奥克兰, NZ",-36.8492295976,174.7708384911,4,,,4,,false,,,"",Euryops,True-eye Daisies,Plantae,84986
344787741,337ecefb-01a7-4b58-bdac-891bfd6fff1d,2026-03-24 12:13:16,2026-03-24,2026-03-23 23:13:16 UTC,Wellington,2026-03-23 23:15:00 UTC,2026-03-23 23:15:21 UTC,casual,"",0,0,true,"Auckland CBD, Auckland 1010紐西蘭",-36.8493073108,174.7708792984,8,,,8,,false,,,山茶屬,Camellia,Camellias,Plantae,83058
344787775,aee650f2-01f3-481f-9493-51f7f0e90ae0,2026-03-24 12:03:05,2026-03-24,2026-03-23 23:03:05 UTC,Wellington,2026-03-23 23:15:16 UTC,2026-03-24 04:40:18 UTC,casual,"",0,0,true,"Princes St, Auckland, Auckland, NZ",-36.8496501978,174.7699983824,13,,,13,,false,,,Japanese anemone,Eriocapitella japonica,Japanese anemone,Plantae,950313
344787799,67aef9a4-2b9f-45fd-a00f-4c7503787595,2026-03-24 12:14:49,2026-03-24,2026-03-23 23:14:49 UTC,Wellington,2026-03-23 23:15:29 UTC,2026-03-23 23:15:30 UTC,casual,"",0,0,true,"Auckland, Auckland, NZ",-36.8492836173,174.771130549,2,,,2,,false,,,,Metrosideros excelsa,Pōhutukawa,Plantae,122905
344787823,5b12d0c2-6dc3-4e76-882d-0dbb40f55f11,2026-03-24 12:03:46,2026-03-24,2026-03-23 23:03:46 UTC,Wellington,2026-03-23 23:15:38 UTC,2026-03-23 23:15:39 UTC,casual,"",0,0,true,"Te Araroa Trail, Auckland, Auckland, NZ",-36.8497610977,174.7700954745,13,,,13,,false,,,,Fuchsia triphylla,honeysuckle fuchsia,Plantae,498028
344787886,afec87a2-9a52-4a05-9d8a-d2f69f4f0730,2026-03-24 12:15:44+13:00,2026-03-24,2026-03-23 23:15:44 UTC,Wellington,2026-03-23 23:16:01 UTC,2026-03-23 23:16:06 UTC,casual,"",0,0,true,"University of Auckland - City Campus, 奥克兰, 奥克兰, NZ",-36.8491951155,174.7709593671,10,,,10,,false,,,"",Camellia,Camellias,Plantae,83058
344787966,9b34faf8-4b7a-4258-907b-398bb5e34e33,2026-03-24 12:04:13,2026-03-24,2026-03-23 23:04:13 UTC,Wellington,2026-03-23 23:16:18 UTC,2026-03-24 04:42:27 UTC,casual,"",0,0,true,"Princes St, Auckland, Auckland, NZ",-36.8496880978,174.7701261129,12,,,12,,false,,,Dichorisandra paranaensis,Dichorisandra paranaensis,,Plantae,881269
344787983,51f7f8de-be5b-4b5a-a552-924557d9d5bd,Tue Mar 24 2026 12:15:18 GMT +1300 (GMT+13),2026-03-24,2026-03-23 23:15:18 UTC,Wellington,2026-03-23 23:16:27 UTC,2026-03-23 23:23:09 UTC,needs_id,"",0,0,false,Auckland,-36.8488235474,174.770614624,22,,,22,,false,,,,Canna indica,Indian shot,Plantae,146643
344788004,a3b4a33e-fa22-4e65-b257-65b0fd37a5f4,2026-03-24 12:04:31,2026-03-24,2026-03-23 23:04:31 UTC,Wellington,2026-03-23 23:16:34 UTC,2026-03-24 11:51:31 UTC,casual,"",1,0,true,"Princes St, Auckland, Auckland, NZ",-36.849597805,174.7700597252,16,,,16,,false,,,Falling Stars,Crocosmia aurea,Falling Stars,Plantae,361354
344788011,3d0f16a2-fc7d-4b47-b7df-789bc277ff1d,2026-03-24 12:15:42+13:00,2026-03-24,2026-03-23 23:15:42 UTC,Wellington,2026-03-23 23:16:36 UTC,2026-03-23 23:17:05 UTC,casual,"",0,0,true,"University of Auckland - City Campus, 奥克兰, 奥克兰, NZ",-36.8495247978,174.7708252176,9,,,9,,false,,,"",Araucaria,araucarias,Plantae,53718
344788108,2a68aa28-91b0-4b82-8ddf-69e748d2c6f7,2026-03-24 12:16:26+13:00,2026-03-24,2026-03-23 23:16:26 UTC,Wellington,2026-03-23 23:17:01 UTC,2026-03-23 23:19:01 UTC,casual,"",0,0,true,"University of Auckland - City Campus, 奥克兰, 奥克兰, NZ",-36.8491891269,174.7709747666,10,,,10,,false,,,"",Camellia,Camellias,Plantae,83058
344788120,1556f5ed-7f67-4dc4-a6af-77afd220d20c,2026-03-24 12:16:42,2026-03-24,2026-03-23 23:16:42 UTC,Wellington,2026-03-23 23:17:05 UTC,2026-03-23 23:19:09 UTC,research,"",1,0,false,"Auckland, Auckland, NZ",-36.8490977252,174.7709202325,5,,,5,,false,,,Petty Spurge,Euphorbia peplus,Petty Spurge,Plantae,57036
344788124,98c4bbf9-1b53-4fb9-8419-7a2d1567ee14,Tue Mar 24 2026 12:16:42 GMT +1300 (GMT+13),2026-03-24,2026-03-23 23:16:42 UTC,Wellington,2026-03-23 23:17:07 UTC,2026-03-23 23:17:12 UTC,needs_id,"",0,0,false,Auckland,-36.8493614197,174.7710418701,5,,,5,,false,,,,Salvia guaranitica,Anise-scented sage,Plantae,346173
344788155,5adcc723-8def-47be-a379-74ee6731cb32,2026-03-24 12:04:47,2026-03-24,2026-03-23 23:04:47 UTC,Wellington,2026-03-23 23:17:19 UTC,2026-03-24 04:44:39 UTC,casual,"",0,0,true,"Princes St, Auckland, Auckland, NZ",-36.8496498017,174.7701374361,18,,,18,,false,,,fall phlox,Phlox paniculata,fall phlox,Plantae,117437
344788221,95057421-8678-46b9-bdec-4c343b215be8,2026-03-24 12:17:22+13:00,2026-03-24,2026-03-23 23:17:22 UTC,Wellington,2026-03-23 23:17:45 UTC,2026-03-24 05:52:43 UTC,needs_id,"",0,0,false,"University of Auckland - City Campus, 奥克兰, 奥克兰, NZ",-36.8492307093,174.7709249686,5,,,5,,false,,,"",Libocedrus,southern incense-cedars,Plantae,129795
344788263,d3d3fe35-da09-4cfa-bf2f-013bce7d3b5a,2026-03-24 12:17:14+13:00,2026-03-24,2026-03-23 23:17:14 UTC,Wellington,2026-03-23 23:18:04 UTC,2026-03-23 23:18:09 UTC,casual,"",0,0,true,"University of Auckland - City Campus, 奥克兰, 奥克兰, NZ",-36.8496533333,174.7707616667,38,,,38,,false,,,"",Camellia,Camellias,Plantae,83058
344788317,26a73f7b-e592-4fc6-a691-80804716375a,2026-03-24 12:05:05,2026-03-24,2026-03-23 23:05:05 UTC,Wellington,2026-03-23 23:18:25 UTC,2026-03-24 04:46:42 UTC,casual,"",0,0,true,"Te Araroa Trail, Auckland, Auckland, NZ",-36.8496373839,174.7702357195,11,,,11,,false,,,honeysuckle fuchsia,Fuchsia triphylla,honeysuckle fuchsia,Plantae,498028
344788367,36cc82c1-c5b3-4ee0-8c4d-92b4720f3f3b,2026-03-24 12:17:19+13:00,2026-03-24,2026-03-23 23:17:19 UTC,Wellington,2026-03-23 23:18:40 UTC,2026-03-23 23:44:59 UTC,needs_id,"",1,0,false,"University of Auckland - City Campus, 奥克兰, 奥克兰, NZ",-36.8492466667,174.7709633333,10,,,10,open,false,,,月桂,Laurus nobilis,Bay laurel,Plantae,54759
344788385,42b97721-c606-49b2-9b1b-0d7471afe605,2026-03-24 12:18:29,2026-03-24,2026-03-23 23:18:29 UTC,Wellington,2026-03-23 23:18:47 UTC,2026-03-23 23:40:24 UTC,casual,"",0,0,true,"Auckland High Court, Auckland CBD, Auckland 1010新西兰",-36.8496443,174.770209,133,,,133,,false,,,火龙木属,Stenocarpus,Firewheels,Plantae,83361
344788402,e0e08fc3-842a-4dce-a436-6255a85ddd49,2026-03-24 12:16:51+13:00,2026-03-24,2026-03-23 23:16:51 UTC,Wellington,2026-03-23 23:18:55 UTC,2026-03-23 23:19:01 UTC,casual,"",0,0,true,"University of Auckland - City Campus, 奥克兰, 奥克兰, NZ",-36.8492866667,174.7709366667,6,,,6,,false,,,"",Araucaria,araucarias,Plantae,53718
344788404,33acc321-a38f-4e3a-a2ec-3de7314fe013,2026-03-24 12:05:15,2026-03-24,2026-03-23 23:05:15 UTC,Wellington,2026-03-23 23:18:56 UTC,2026-03-24 04:48:10 UTC,casual,"",0,0,true,"Te Araroa Trail, Auckland, Auckland, NZ",-36.8496888732,174.7701956006,14,,,14,,false,,,grape-leaved windflower,Eriocapitella vitifolia,grape-leaved windflower,Plantae,883675
344788406,7f7a8c42-57c7-4a6e-a75d-478bfb5592c4,2026-03-24 12:18:27+13:00,2026-03-24,2026-03-23 23:18:27 UTC,Wellington,2026-03-23 23:18:57 UTC,2026-03-23 23:19:02 UTC,needs_id,"",0,0,false,"University of Auckland - City Campus, 奥克兰, 奥克兰, NZ",-36.8493442936,174.771347249,34,,,34,,false,,,"",Choisya ternata,Mexican orange,Plantae,287309
344788415,97339dc5-45f7-428e-9a20-67c8ab2db9e0,2026-03-24 12:17:32+13:00,2026-03-24,2026-03-23 23:17:32 UTC,Wellington,2026-03-23 23:19:02 UTC,2026-03-23 23:19:13 UTC,needs_id,"",0,0,false,"University of Auckland - City Campus, 奥克兰, 奥克兰, NZ",-36.8492532879,174.7709522946,6,,,6,,false,,,"",Libocedrus,southern incense-cedars,Plantae,129795
344788458,38f3e74d-c03a-4082-ae67-d017aa7ce6b5,2026-03-24 12:19:03+13:00,2026-03-24,2026-03-23 23:19:03 UTC,Wellington,2026-03-23 23:19:14 UTC,2026-03-24 05:52:43 UTC,needs_id,"",0,0,false,"University of Auckland - City Campus, 奥克兰, 奥克兰, NZ",-36.8492633957,174.7709924106,13,,,13,,false,,,"",Choisya,,Plantae,157161
344788459,bf0ef24b-b59c-4926-835f-455d8de883f1,2026-03-24 12:18:34+13:00,2026-03-24,2026-03-23 23:18:34 UTC,Wellington,2026-03-23 23:19:14 UTC,2026-03-23 23:19:25 UTC,needs_id,"",0,0,false,"University of Auckland - City Campus, 奥克兰, 奥克兰, NZ",-36.8493434583,174.7710845003,13,,,13,,false,,,"",Salvia,Sages,Plantae,50644
344788565,52eb8799-759a-4419-a69d-aeb9da061c6c,2026-03-24 12:05:32,2026-03-24,2026-03-23 23:05:32 UTC,Wellington,2026-03-23 23:19:41 UTC,2026-03-23 23:19:41 UTC,needs_id,"",0,0,false,"Te Araroa Trail, Auckland, Auckland, NZ",-36.8496879193,174.7701914403,17,,,17,,false,,,,Salvia guaranitica,Anise-scented sage,Plantae,346173
344788578,d477748a-999b-42e7-97ff-09a95a18d1ed,2026-03-24 12:19:27,2026-03-24,2026-03-23 23:19:27 UTC,Wellington,2026-03-23 23:19:45 UTC,2026-03-24 06:37:00 UTC,needs_id,"",1,0,false,"Auckland CBD, Auckland 1010紐西蘭",-36.8494114978,174.7705244087,11,,,11,,false,,,Neoregelia,Neoregelia,,Plantae,141291
344788627,d85c86e3-6289-4969-8e17-a03572c39bdb,Tue Mar 24 2026 12:19:48 GMT +1300 (GMT+13),2026-03-24,2026-03-23 23:19:48 UTC,Wellington,2026-03-23 23:20:01 UTC,2026-03-23 23:20:09 UTC,casual,"",0,0,true,Auckland,-36.8495674133,174.7710266113,6,,,6,open,false,,,,Camellia japonica,Japanese camellia,Plantae,83056
344788635,aad9f628-a0b2-48cd-b884-ed8b1907cf5e,2026-03-24 12:06:07,2026-03-24,2026-03-23 23:06:07 UTC,Wellington,2026-03-23 23:20:04 UTC,2026-03-24 04:53:16 UTC,casual,"",0,0,true,"Te Araroa Trail, Auckland, Auckland, NZ",-36.8494310129,174.7706445135,11,,,11,,false,,,Peruvian Lily,Alstroemeria ligtu,Peruvian Lily,Plantae,563537
344788674,5de9ba01-5d95-4df4-8371-135b0c01bffe,2026-03-24 12:19:55,2026-03-24,2026-03-23 23:19:55 UTC,Wellington,2026-03-23 23:20:17 UTC,2026-03-25 18:03:33 UTC,research,"",1,0,false,"Auckland High Court, Auckland CBD, Auckland 1010紐西蘭",-36.8495171517,174.7701988555,11,,,11,,false,,,Falling Stars,Crocosmia aurea,Falling Stars,Plantae,361354
344788726,86e8662b-28e7-40ce-a9ac-2adf7e3536d6,2026-03-24 12:19:58,2026-03-24,2026-03-23 23:19:58 UTC,Wellington,2026-03-23 23:20:32 UTC,2026-03-24 07:15:16 UTC,research,"",1,0,false,"Te Araroa Trail, Auckland, Auckland, NZ",-36.8492517402,174.7707838725,4,,,4,,false,,,tropical horseweed,Erigeron sumatrensis,tropical horseweed,Plantae,76943
344788735,9f0fbb6d-d636-4de2-8fee-4ed7a6986b6d,2026-03-24 12:20:18,2026-03-24,2026-03-23 23:20:18 UTC,Wellington,2026-03-23 23:20:33 UTC,2026-03-23 23:20:39 UTC,needs_id,"",0,0,false,"Auckland High Court, Auckland CBD, Auckland 1010紐西蘭",-36.8495087279,174.7702167928,10,,,10,,false,,,鼠尾草屬,Salvia,Sages,Plantae,50644
344788785,9d1cfd3a-51e1-437c-9e35-cbd1f34d9f62,2026-03-24 12:20:26+13:00,2026-03-24,2026-03-23 23:20:26 UTC,Wellington,2026-03-23 23:20:45 UTC,2026-03-23 23:20:50 UTC,needs_id,"",0,0,false,"University of Auckland - City Campus, 奥克兰, 奥克兰, NZ",-36.849379402,174.771038468,4,,,4,,false,,,"",Salvia,Sages,Plantae,50644
344788821,2b7bbeab-96a4-4be8-a23f-97403de546bc,2026-03-24 12:20:40,2026-03-24,2026-03-23 23:20:40 UTC,Wellington,2026-03-23 23:21:03 UTC,2026-03-24 07:14:43 UTC,needs_id,"",1,0,false,"Auckland High Court, Auckland CBD, Auckland 1010紐西蘭",-36.8496425869,174.7701857798,12,,,12,,false,,,mophead hydrangea,Hydrangea macrophylla,mophead hydrangea,Plantae,122034
344788866,c1c98a84-3489-4183-a82f-03c5e4d2477d,2026-03-24 12:21:08+13:00,2026-03-24,2026-03-23 23:21:08 UTC,Wellington,2026-03-23 23:21:23 UTC,2026-03-23 23:21:29 UTC,needs_id,"",0,0,false,"University of Auckland - City Campus, 奥克兰, 奥克兰, NZ",-36.8493610776,174.7711140876,5,,,5,,false,,,"",Salvia,Sages,Plantae,50644
344788894,e47e971e-ea6f-4700-b5a8-59494082b98c,2026-03-24 12:20:36+13:00,2026-03-24,2026-03-23 23:20:36 UTC,Wellington,2026-03-23 23:21:38 UTC,2026-03-23 23:21:43 UTC,needs_id,"",0,0,false,"University of Auckland - City Campus, 奥克兰, 奥克兰, NZ",-36.8493507902,174.7710653202,9,,,9,,false,,,"",Salvia,Sages,Plantae,50644
344788915,3ac2bbba-013f-4d73-95f5-a8840f95a970,2026-03-24 12:21:16,2026-03-24,2026-03-23 23:21:16 UTC,Wellington,2026-03-23 23:21:44 UTC,2026-03-24 04:49:53 UTC,needs_id,"",0,0,false,"Auckland High Court, Auckland CBD, Auckland 1010紐西蘭",-36.8497405294,174.7700765636,9,,,9,,false,,,,Trachycarpus,,Plantae,64324
344788920,c7df61c8-b14d-4026-a026-018ec584ccff,2026-03-24 12:21:40+13:00,2026-03-24,2026-03-23 23:21:40 UTC,Wellington,2026-03-23 23:21:48 UTC,2026-03-24 05:52:43 UTC,needs_id,"",0,0,false,"University of Auckland - City Campus, 奥克兰, 奥克兰, NZ",-36.8493642305,174.7710788435,9,,,9,,false,,,"",Salvia,Sages,Plantae,50644
344789046,dadcb9b4-7e7f-4958-a6c2-f884aa22c2ec,2026-03-24 12:21:20+13:00,2026-03-24,2026-03-23 23:21:20 UTC,Wellington,2026-03-23 23:22:29 UTC,2026-03-23 23:22:41 UTC,casual,"",0,0,true,"University of Auckland - City Campus, 奥克兰, 奥克兰, NZ",-36.8495116762,174.7710965751,8,,,8,,false,,,"",Camellia,Camellias,Plantae,83058
344789110,80123a30-ab99-46d0-ba4b-5f47305c7a9a,2026-03-24 12:20:36,2026-03-24,2026-03-23 23:20:36 UTC,Wellington,2026-03-23 23:22:51 UTC,2026-03-23 23:23:59 UTC,needs_id,"",0,0,false,"Auckland High Court, Auckland CBD, Auckland 1010新西兰",-36.84962219,174.7702224,9,,,9,,false,,,,Eriocapitella,Fall-blooming anemones,Plantae,883677
344789119,b36f8ab4-acf5-43ec-ab65-f7fc9ad38132,2026-03-24 12:22:38+13:00,2026-03-24,2026-03-23 23:22:38 UTC,Wellington,2026-03-23 23:22:58 UTC,2026-03-23 23:23:04 UTC,casual,"",0,0,true,"University of Auckland - City Campus, 奥克兰, 奥克兰, NZ",-36.8492579454,174.770935451,14,,,14,,false,,,"",Araucaria,araucarias,Plantae,53718
344789145,cf040213-0ce6-467a-8ee7-d14719fa9145,2026-03-24 12:22:53+13:00,2026-03-24,2026-03-23 23:22:53 UTC,Wellington,2026-03-23 23:23:01 UTC,2026-03-24 05:52:43 UTC,casual,"",0,0,true,"University of Auckland - City Campus, 奥克兰, 奥克兰, NZ",-36.8492108556,174.7709585897,9,,,9,,false,,,"",Camellia,Camellias,Plantae,83058
344789149,ae63f12e-0855-4e6a-9ef5-6257a60da803,2026-03-24 12:22:36+13:00,2026-03-24,2026-03-23 23:22:36 UTC,Wellington,2026-03-23 23:23:02 UTC,2026-03-23 23:23:07 UTC,casual,"",0,0,true,"University of Auckland - City Campus, 奥克兰, 奥克兰, NZ",-36.8492005492,174.7708949472,20,,,20,,false,,,"",Sequoia sempervirens,coast redwood,Plantae,47372
344789195,c4f80d70-e940-4ebf-b265-a3bffc7b60f8,2026-03-24 12:22:31+13:00,2026-03-24,2026-03-23 23:22:31 UTC,Wellington,2026-03-23 23:23:19 UTC,2026-03-23 23:23:25 UTC,needs_id,"",0,0,false,"University of Auckland - City Campus, 奥克兰, 奥克兰, NZ",-36.8492833333,174.77093,22,,,22,,false,,,"",Libocedrus plumosa,Kawaka,Plantae,135819
344789219,0b310077-0f3d-44a8-8774-dfba5a350e7e,2026-03-24 12:22:26,2026-03-24,2026-03-23 23:22:26 UTC,Wellington,2026-03-23 23:23:30 UTC,2026-03-25 16:52:11 UTC,research,"",1,0,false,"Princes St, Auckland, Auckland, NZ",-36.849395,174.7702033333,4,,,4,,false,,,Falling Stars,Crocosmia aurea,Falling Stars,Plantae,361354
344789244,69b69b3f-0bc9-4676-a831-9cd4eeb38f8f,2026-03-24 12:23:24,2026-03-24,2026-03-23 23:23:24 UTC,Wellington,2026-03-23 23:23:40 UTC,2026-03-24 07:14:09 UTC,research,"",2,0,false,"Auckland, Auckland, NZ",-36.8489381745,174.7706832901,10,,,10,,false,,,Leather-leaf fern,Pyrrosia eleagnifolia,Leather-leaf fern,Plantae,210959
344789267,a814afbd-3a0c-4e1d-b551-9cf596c82320,2026-03-24 12:23:43+13:00,2026-03-24,2026-03-23 23:23:43 UTC,Wellington,2026-03-23 23:23:52 UTC,2026-03-24 05:57:19 UTC,research,"",1,0,false,"University of Auckland - City Campus, 奥克兰, 奥克兰, NZ",-36.849188938,174.770861764,5,,,5,,false,,,Knightia excelsa,Knightia excelsa,Rewarewa,Plantae,366632
344789273,ca8ec002-bcc8-4522-8916-df3841f0dd92,2026-03-24 12:21:44,2026-03-24,2026-03-23 23:21:44 UTC,Wellington,2026-03-23 23:23:57 UTC,2026-03-23 23:23:58 UTC,needs_id,"",0,0,false,"Te Araroa Trail, Auckland, Auckland, NZ",-36.8492678171,174.7707598123,10,,,10,,false,,,,Zingibereae,,Plantae,1255099
344789302,95fa9b32-6372-42fa-aa79-70347b2a630d,Tue Mar 24 2026 12:23:43 GMT +1300 (GMT+13),2026-03-24,2026-03-23 23:23:43 UTC,Wellington,2026-03-23 23:24:02 UTC,2026-03-24 00:16:30 UTC,research,"",1,0,false,Auckland,-36.8493843079,174.7707977295,9,,,9,,false,,,Lawn daisy,Bellis perennis,English daisy,Plantae,55563
344789323,345b8b8f-0215-4a29-9b14-8336f45a10a0,2026-03-24 12:21:19,2026-03-24,2026-03-23 23:21:19 UTC,Wellington,2026-03-23 23:24:11 UTC,2026-03-23 23:28:30 UTC,research,"",1,0,false,"Te Araroa Trail, Auckland, Auckland, NZ",-36.8493051938,174.7707752952,10,,,10,open,false,,,Kawakawa,Piper excelsum,Kawakawa,Plantae,404899
344789337,0e12558e-39ef-423c-bddc-64e18b544557,2026-03-24 12:24:03,2026-03-24,2026-03-23 23:24:03 UTC,Wellington,2026-03-23 23:24:17 UTC,2026-03-23 23:28:50 UTC,casual,"",0,0,true,"Auckland High Court, Auckland CBD, Auckland 1010新西兰",-36.8494748,174.770192,7,,,7,,false,,,,Stachys byzantina,woolly hedgenettle,Plantae,127480
344789357,7ad8bb2d-2c4f-447b-a817-73c41d56268a,2026-03-24 12:23:57+13:00,2026-03-24,2026-03-23 23:23:57 UTC,Wellington,2026-03-23 23:24:29 UTC,2026-03-23 23:24:35 UTC,needs_id,"",0,0,false,"University of Auckland - City Campus, 奥克兰, 奥克兰, NZ",-36.8491562707,174.7709636845,5,,,5,,false,,,"",Canna,Canna Lilies,Plantae,127280
344789358,968bd271-3546-43d3-b923-1a5af57b052f,2026-03-24 12:24:18+13:00,2026-03-24,2026-03-23 23:24:18 UTC,Wellington,2026-03-23 23:24:29 UTC,2026-03-23 23:24:37 UTC,needs_id,"",0,0,false,"University of Auckland - City Campus, 奥克兰, 奥克兰, NZ",-36.8492048255,174.7708349041,8,,,8,,false,,,"",Kniphofia,Red Hot Pokers,Plantae,56036
344789362,053d818d-5d18-41b5-9f88-45d6c2b2d1e9,2026-03-24 12:24:25+13:00,2026-03-24,2026-03-23 23:24:25 UTC,Wellington,2026-03-23 23:24:32 UTC,2026-03-24 05:52:43 UTC,casual,"",0,0,true,"University of Auckland - City Campus, 奥克兰, 奥克兰, NZ",-36.8491362157,174.7708565064,15,,,15,,false,,,"",Rhododendron ponticum,Pontic Rhododendron,Plantae,60364
344789373,5bef8aa2-365b-4bc9-a3f5-d328c580ddac,2026-03-24 12:23:58+13:00,2026-03-24,2026-03-23 23:23:58 UTC,Wellington,2026-03-23 23:24:39 UTC,2026-03-23 23:24:44 UTC,casual,"",0,0,true,"University of Auckland - City Campus, 奥克兰, 奥克兰, NZ",-36.8491783333,174.7708883333,4,,,4,,false,,,"",Sequoia sempervirens,coast redwood,Plantae,47372
344789383,48de5647-eb11-4954-af29-c9755d908cc8,2026-03-24 12:24:15+13:00,2026-03-24,2026-03-23 23:24:15 UTC,Wellington,2026-03-23 23:24:45 UTC,2026-03-23 23:40:10 UTC,needs_id,"",0,0,false,"University of Auckland - City Campus, 奥克兰, 奥克兰, NZ",-36.849364713,174.771090582,8,,,8,,false,,,"",Salvia guaranitica,Anise-scented sage,Plantae,346173
344789399,e37f9c0c-9bd6-40a4-952c-4ab04ded9668,2026-03-24 12:24:39+13:00,2026-03-24,2026-03-23 23:24:39 UTC,Wellington,2026-03-23 23:24:49 UTC,2026-03-23 23:24:54 UTC,casual,"",0,0,true,"University of Auckland - City Campus, 奥克兰, 奥克兰, NZ",-36.8498143936,174.771156988,16,,,16,,false,,,"",Jacaranda,jacarandas,Plantae,72197
344789410,ff95968e-9096-4f34-91dd-8540ffed5dfe,2026-03-24 12:24:27,2026-03-24,2026-03-23 23:24:27 UTC,Wellington,2026-03-23 23:24:50 UTC,2026-03-23 23:24:56 UTC,needs_id,"",0,0,false,"Auckland High Court, Auckland CBD, Auckland 1010紐西蘭",-36.8496964406,174.7701837681,9,,,9,,false,,,菊亞科,Asteroideae,,Plantae,632790
344789442,07a49bd1-e87b-4fd0-9884-724711f11221,2026-03-24 12:24:26,2026-03-24,2026-03-23 23:24:26 UTC,Wellington,2026-03-23 23:24:56 UTC,2026-03-24 07:13:53 UTC,research,"",1,0,false,"Te Araroa Trail, Auckland, Auckland, NZ",-36.849122364,174.7706065568,11,,,11,open,false,,,greater plantain,Plantago major,greater plantain,Plantae,58961
344789500,ea7447f6-779e-4ecc-b069-7bbf75002b8e,2026-03-24 12:24:38+13:00,2026-03-24,2026-03-23 23:24:38 UTC,Wellington,2026-03-23 23:25:06 UTC,2026-03-23 23:25:11 UTC,casual,"",0,0,true,"University of Auckland - City Campus, 奥克兰, 奥克兰, NZ",-36.8494056755,174.7709372529,20,,,20,,false,,,"",Araucaria heterophylla,Norfolk Island Pine,Plantae,127890
344789519,2e512bbc-fa4c-41df-b18f-e0cd3d87be0a,2026-03-24 12:24:45+13:00,2026-03-24,2026-03-23 23:24:45 UTC,Wellington,2026-03-23 23:25:09 UTC,2026-03-23 23:25:15 UTC,casual,"",0,0,true,"University of Auckland - City Campus, 奥克兰, 奥克兰, NZ",-36.8490633468,174.7709389679,13,,,13,,false,,,"",Prunus,"plums, cherries, and allies",Plantae,47351
344789520,cbe1f463-4e3f-48c5-aa95-5c51ce5cd47e,2026-03-24 12:24:41+13:00,2026-03-24,2026-03-23 23:24:41 UTC,Wellington,2026-03-23 23:25:10 UTC,2026-03-23 23:27:58 UTC,needs_id,"",1,0,false,"University of Auckland - City Campus, 奥克兰, 奥克兰, NZ",-36.8492176744,174.7708688456,4,,,4,,false,,,Knightia excelsa,Knightia excelsa,Rewarewa,Plantae,366632
344789651,ef216397-46f2-4fbf-88ec-a1ece517b42f,Tue Mar 24 2026 12:25:44 GMT +1300 (GMT+13),2026-03-24,2026-03-23 23:25:44 UTC,Wellington,2026-03-23 23:25:55 UTC,2026-03-23 23:39:57 UTC,casual,"",0,0,true,Auckland,-36.8496627808,174.7705230713,39,,,39,,false,,,,Dahlia pinnata,Garden Dahlia,Plantae,161582
344789679,6dbc9c6c-2e2e-430f-bf6c-bd99785e7590,2026-03-24 12:25:37+13:00,2026-03-24,2026-03-23 23:25:37 UTC,Wellington,2026-03-23 23:26:11 UTC,2026-03-23 23:27:46 UTC,research,"",1,0,false,"University of Auckland - City Campus, 奥克兰, 奥克兰, NZ",-36.8493432468,174.7710075702,6,,,6,open,false,,,Tōtara,Podocarpus totara,Tōtara,Plantae,85275
344789700,e67e7eee-8920-4cc7-9e2e-b3c3f820cd5a,2026-03-24 12:26:06+13:00,2026-03-24,2026-03-23 23:26:06 UTC,Wellington,2026-03-23 23:26:20 UTC,2026-03-23 23:26:26 UTC,needs_id,"",0,0,false,"University of Auckland - City Campus, 奥克兰, 奥克兰, NZ",-36.8491123347,174.7708808905,6,,,6,,false,,,"",Trachycarpus,,Plantae,64324
344789702,b3f4aa6b-567a-4099-b73a-8c7203983e9e,2026-03-24 11:24:41,2026-03-24,2026-03-23 22:24:41 UTC,Wellington,2026-03-23 23:26:20 UTC,2026-03-23 23:26:21 UTC,needs_id,"",0,0,false,"Symonds St, Auckland, Auckland, NZ",-36.8553707538,174.7680466366,13,,,13,,false,,,,Rudbeckia laciniata,cutleaf coneflower,Plantae,116735
344789706,b737e9e6-8f91-4b35-b147-807f61f0857d,Tue Mar 24 2026 12:26:01 GMT +1300 (GMT+13),2026-03-24,2026-03-23 23:26:01 UTC,Wellington,2026-03-23 23:26:22 UTC,2026-03-23 23:26:29 UTC,casual,"",0,0,true,"Auckland, NZ",-36.8492431641,174.7707519531,11,,,11,,false,,,,Dahlia pinnata,Garden Dahlia,Plantae,161582
344789717,134caa2f-f3b7-4071-8f60-0adc650e4ea6,2026-03-24 12:26:04,2026-03-24,2026-03-23 23:26:04 UTC,Wellington,2026-03-23 23:26:26 UTC,2026-03-23 23:26:32 UTC,needs_id,"",0,0,false,"Auckland CBD, Auckland 1010紐西蘭",-36.849580477,174.7707508039,10,,,10,,false,,,柏亞科,Cupressoideae,"Cypresses, Cedars, Junipers, and Allies",Plantae,1150915
344789724,c3d7f383-3eac-48b3-972a-0ace2ea65b69,2026-03-24 11:25:09,2026-03-24,2026-03-23 22:25:09 UTC,Wellington,2026-03-23 23:26:30 UTC,2026-03-23 23:26:31 UTC,needs_id,"",0,0,false,"Symonds St, Auckland, Auckland, NZ",-36.8554332836,174.7679951301,11,,,11,,false,,,,Salvia leucantha,Mexican Bush Sage,Plantae,120488
344789750,1db85abc-d4a8-4aa9-9ca6-b8eba5494add,2026-03-24 12:25:00+13:00,2026-03-24,2026-03-23 23:25:00 UTC,Wellington,2026-03-23 23:26:39 UTC,2026-03-23 23:27:38 UTC,casual,"",1,0,true,"University of Auckland - City Campus, 奥克兰, 奥克兰, NZ",-36.8491927479,174.7709951376,13,,,13,open,false,,,白皇松,Dacrycarpus dacrydioides,kahikatea,Plantae,52390
344789764,fef01327-af7f-4200-8072-b860a4d3db70,2026-03-24 11:26:38,2026-03-24,2026-03-23 22:26:38 UTC,Wellington,2026-03-23 23:26:49 UTC,2026-03-23 23:26:50 UTC,needs_id,"",0,0,false,"Symonds St, Auckland, Auckland, NZ",-36.8553063607,174.768169228,16,,,16,,false,,,,Hibiscus,hibiscuses,Plantae,48891
344789784,e5692ec4-3620-4884-b1da-9a1fbd63a488,2026-03-24 11:26:49,2026-03-24,2026-03-23 22:26:49 UTC,Wellington,2026-03-23 23:26:58 UTC,2026-03-25 18:51:24 UTC,needs_id,"",1,0,false,"Symonds St, Auckland, Auckland, NZ",-36.8554031139,174.768108158,13,,,13,,false,,,Phyllostachys,Phyllostachys,,Plantae,72298
344789798,244b6d27-e062-43cf-9f10-27ce2494dcc7,2026-03-24 11:27:33,2026-03-24,2026-03-23 22:27:33 UTC,Wellington,2026-03-23 23:27:05 UTC,2026-03-24 19:45:13 UTC,research,"",1,0,false,"Symonds St, Auckland, Auckland, NZ",-36.8551493129,174.7681808607,14,,,14,,false,,,Fishbone Fern,Nephrolepis cordifolia,ladder fern,Plantae,48233
344789835,951cc701-44fa-4808-9b6d-022c79914145,2026-03-24 11:27:53,2026-03-24,2026-03-23 22:27:53 UTC,Wellington,2026-03-23 23:27:24 UTC,2026-03-23 23:27:25 UTC,casual,"",0,0,true,"Whitaker Pl, Auckland, Auckland, NZ",-36.8548074126,174.7685520626,28,,,28,,false,,,,Clivia miniata,Natal Lily,Plantae,210194
344789866,8cdd2ee3-4a15-47cd-beb1-69084de13e7f,2026-03-24 12:26:45+13:00,2026-03-24,2026-03-23 23:26:45 UTC,Wellington,2026-03-23 23:27:37 UTC,2026-03-23 23:27:43 UTC,needs_id,"",0,0,false,"University of Auckland - City Campus, 奥克兰, 奥克兰, NZ",-36.8493801342,174.771087934,20,,,20,,false,,,"",Salvia guaranitica,Anise-scented sage,Plantae,346173
344789884,918328f7-ecba-4392-8a59-8838b647441e,2026-03-24 12:27:33+13:00,2026-03-24,2026-03-23 23:27:33 UTC,Wellington,2026-03-23 23:27:50 UTC,2026-03-23 23:43:54 UTC,casual,"",0,0,true,"University of Auckland - City Campus, 奥克兰, 奥克兰, NZ",-36.8494785685,174.7710631378,4,,,4,open,false,,,"",Camellia japonica,Japanese camellia,Plantae,83056
344789903,e90ffa3b-01e7-4d51-9036-53035eeac102,2026-03-24 11:28:51,2026-03-24,2026-03-23 22:28:51 UTC,Wellington,2026-03-23 23:28:01 UTC,2026-03-24 07:13:22 UTC,research,"",1,0,false,"Auckland, Auckland, NZ",-36.8547066007,174.7685786409,17,,,17,,false,,,common groundsel,Senecio vulgaris,common groundsel,Plantae,53211
344789959,9355d7e4-2c91-4ff9-8957-0b900e36c9cf,2026-03-24 11:31:13,2026-03-24,2026-03-23 22:31:13 UTC,Wellington,2026-03-23 23:28:34 UTC,2026-03-23 23:28:35 UTC,needs_id,"",0,0,false,"Symonds St, Auckland, Auckland, NZ",-36.8537544244,174.7684921083,26,,,26,,false,,,,Platanus,planes,Plantae,49664
344789965,b391b7cc-352d-4b28-b0e7-f34ddd39d596,2026-03-24 12:28:11,2026-03-24,2026-03-23 23:28:11 UTC,Wellington,2026-03-23 23:28:38 UTC,2026-03-23 23:28:43 UTC,casual,"",0,0,true,"Auckland High Court, Auckland CBD, Auckland 1010, New Zealand",-36.84956514,174.76967475,5,,,5,,false,,,angel's trumpets,Brugmansia,angel's trumpets,Plantae,62900
344789971,d91e803a-dee1-437f-9e6a-01c2c6719d7e,2026-03-24 11:35:35,2026-03-24,2026-03-23 22:35:35 UTC,Wellington,2026-03-23 23:28:42 UTC,2026-03-23 23:40:44 UTC,research,"",1,0,false,"Auckland, NZ",-36.8525149615,174.7704684323,19,,,19,open,false,,,Nīkau palm,Rhopalostylis sapida,Nīkau palm,Plantae,85274
344789978,53392ba2-a3d4-4b39-9b3c-bb5491b1e089,2026-03-24 12:28:37+13:00,2026-03-24,2026-03-23 23:28:37 UTC,Wellington,2026-03-23 23:28:44 UTC,2026-03-23 23:28:50 UTC,needs_id,"",0,0,false,"University of Auckland - City Campus, 奥克兰, 奥克兰, NZ",-36.8492582574,174.7709206169,9,,,9,,false,,,"",Cupressaceae,cypress family,Plantae,47374
344789979,73f51f67-56c7-4241-97df-2de4862c0802,2026-03-24 12:28:30+13:00,2026-03-24,2026-03-23 23:28:30 UTC,Wellington,2026-03-23 23:28:44 UTC,2026-03-23 23:28:50 UTC,casual,"",0,0,true,"University of Auckland - City Campus, 奥克兰, 奥克兰, NZ",-36.8491623632,174.7708929971,4,,,4,,false,,,"",Sequoia,Redwood,Plantae,47373
344790033,007a70e1-80ad-440d-bf12-49cfe258894b,Tue Mar 24 2026 12:28:46 GMT +1300 (GMT+13),2026-03-24,2026-03-23 23:28:46 UTC,Wellington,2026-03-23 23:29:11 UTC,2026-03-23 23:39:56 UTC,needs_id,"",0,0,false,Auckland,-36.8493080139,174.7705993652,13,,,13,,false,,,,Alstroemeria aurea,Peruvian Lily,Plantae,410471
344790046,83dcecb4-b289-42de-b86c-4b4a6141564e,2026-03-24 12:28:58+13:00,2026-03-24,2026-03-23 23:28:58 UTC,Wellington,2026-03-23 23:29:13 UTC,2026-03-23 23:29:24 UTC,needs_id,"",0,0,false,"University of Auckland - City Campus, 奥克兰, 奥克兰, NZ",-36.8492440691,174.7707450074,4,,,4,,false,,,"",Euryops,True-eye Daisies,Plantae,84986
344790047,4a15ffe1-c474-40b2-93b9-d8d911a3b280,2026-03-24 11:48:15,2026-03-24,2026-03-23 22:48:15 UTC,Wellington,2026-03-23 23:29:13 UTC,2026-03-23 23:31:37 UTC,needs_id,"",0,0,false,"Princes St, Auckland, Auckland, NZ",-36.8495279048,174.7700465671,16,,,16,,false,,,,Pleroma urvilleanum,Glory bush,Plantae,1263850
344790142,96ee2207-866a-494c-b91b-84e65e3e1029,2026-03-24 11:39:19,2026-03-24,2026-03-23 22:39:19 UTC,Wellington,2026-03-23 23:29:52 UTC,2026-03-23 23:29:53 UTC,needs_id,"",0,0,false,"Te Araroa Trail, Auckland, Auckland, NZ",-36.8504469969,174.7700878078,21,,,21,,false,,,,Yucca,Yuccas,Plantae,47787
344790143,63961f33-b298-4bed-92f9-cda24cde6f61,2026-03-24 12:29:26+13:00,2026-03-24,2026-03-23 23:29:26 UTC,Wellington,2026-03-23 23:29:53 UTC,2026-03-23 23:29:58 UTC,needs_id,"",0,0,false,"University of Auckland - City Campus, 奥克兰, 奥克兰, NZ",-36.8496788284,174.7711874615,8,,,8,open,false,,,"",Camellia sasanqua,sasanqua camellia,Plantae,126549
344790179,3a461fd5-5a86-4b3d-af73-2c624d199a3b,2026-03-24 11:39:33,2026-03-24,2026-03-23 22:39:33 UTC,Wellington,2026-03-23 23:30:10 UTC,2026-03-23 23:30:11 UTC,needs_id,"",0,0,false,"Princes St, Auckland, Auckland, NZ",-36.850177518,174.7700820714,28,,,28,,false,,,,Magnoliopsida,dicots [paraphyletic],Plantae,47124
344790206,2ff0b69a-add6-4cf6-8fec-82583434de1f,2026-03-24 12:00:00,2026-03-24,2026-03-23 23:00:00 UTC,Wellington,2026-03-23 23:30:20 UTC,2026-03-23 23:30:26 UTC,casual,"",0,0,true,"Auckland High Court, Auckland CBD, Auckland 1010, New Zealand",-36.84959239,174.77009585,8,,,8,,false,,,Odontonema,Odontonema,,Plantae,156695
344790220,27ff3387-0d29-4e4b-b67d-b80a7cccf6fe,2026-03-24 12:30:02,2026-03-24,2026-03-23 23:30:02 UTC,Wellington,2026-03-23 23:30:27 UTC,2026-03-23 23:30:28 UTC,casual,"",0,0,true,"Princes St, Auckland, Auckland, NZ",-36.8496589274,174.7699085987,24,,,24,open,false,,,,Piper excelsum,Kawakawa,Plantae,404899
344790222,95031167-25c5-43b6-b7dd-902480c81e4d,2026-03-24 12:28:55+13:00,2026-03-24,2026-03-23 23:28:55 UTC,Wellington,2026-03-23 23:30:28 UTC,2026-03-23 23:30:34 UTC,casual,"",0,0,true,"University of Auckland - City Campus, Auckland, Auckland, NZ",-36.8497285053,174.770657818,9,,,9,,false,,,"",Rotheca,,Plantae,340360
344790270,2bb3691b-1e82-4f84-bcdb-7fa94305e9b8,2026-03-24 12:29:55+13:00,2026-03-24,2026-03-23 23:29:55 UTC,Wellington,2026-03-23 23:30:39 UTC,2026-03-23 23:44:07 UTC,needs_id,"",0,0,false,"University of Auckland - City Campus, 奥克兰, 奥克兰, NZ",-36.8495745303,174.7713053319,4,,,4,open,false,,,"",Colocasia esculenta,Taro,Plantae,122835
344790282,0598e5a5-637e-4052-8eb9-98a7c26ee90e,2026-03-24 12:30:29+13:00,2026-03-24,2026-03-23 23:30:29 UTC,Wellington,2026-03-23 23:30:40 UTC,2026-03-23 23:30:47 UTC,needs_id,"",0,0,false,"University of Auckland - City Campus, 奥克兰, 奥克兰, NZ",-36.849232432,174.7706773232,4,,,4,,false,,,"",Agapanthus,agapanthus,Plantae,56020
344790285,966d97bd-2ffd-406c-b390-2e710f746f99,2026-03-24 11:40:05,2026-03-24,2026-03-23 22:40:05 UTC,Wellington,2026-03-23 23:30:40 UTC,2026-03-23 23:30:41 UTC,needs_id,"",0,0,false,"Princes St, Auckland, Auckland, NZ",-36.8500248631,174.7700118934,20,,,20,,false,,,,Iresine,bloodleaves,Plantae,130871
344790340,71de6c88-64e4-4eec-ab1c-69431edd6a98,2026/03/24 11:48 AM,2026-03-24,2026-03-23 22:48:00 UTC,Wellington,2026-03-23 23:31:00 UTC,2026-03-23 23:31:00 UTC,casual,"",0,0,true,"Auckland CBD, Auckland 1010, New Zealand",-36.8498374762,174.7700876343,4,,,4,,false,,,Dichorisandra,Dichorisandra,Dichorisandra,Plantae,272905
344790343,9fb81970-26b0-49dc-a4c4-9aaa72e3b615,2026/03/24 11:46 AM,2026-03-24,2026-03-23 22:46:00 UTC,Wellington,2026-03-23 23:31:00 UTC,2026-03-23 23:31:00 UTC,needs_id,"",0,0,false,"Auckland CBD, Auckland 1010, New Zealand",-36.8498018982,174.7701043981,1,,,1,,false,,,Glory Bush,Pleroma urvilleanum,Glory bush,Plantae,1263850
344790344,88a08c2c-7130-4073-8233-cba78a128657,2026/03/24 11:42 AM,2026-03-24,2026-03-23 22:42:00 UTC,Wellington,2026-03-23 23:31:01 UTC,2026-03-23 23:31:01 UTC,needs_id,"",0,0,false,"Auckland CBD, Auckland 1010, New Zealand",-36.8490661551,174.7704569275,8,,,8,,false,,,Pine Family,Pinaceae,pine family,Plantae,47562
344790348,b1d1b0ea-52b9-499e-8769-eb8c45480fd6,2026/03/24 11:38 AM,2026-03-24,2026-03-23 22:38:00 UTC,Wellington,2026-03-23 23:31:01 UTC,2026-03-23 23:31:01 UTC,casual,"",0,0,true,"Auckland CBD, Auckland 1010, New Zealand",-36.8496936811,174.7713901305,4,,,4,,false,,,Camellias,Camellia,Camellias,Plantae,83058
344790351,a012a9f8-190e-4d02-8a18-252beca1b376,2026/03/24 11:36 AM,2026-03-24,2026-03-23 22:36:00 UTC,Wellington,2026-03-23 23:31:02 UTC,2026-03-23 23:31:02 UTC,casual,"",0,0,true,"Auckland CBD, Auckland 1010, New Zealand",-36.8501213923,174.7712806886,8,,,8,open,false,,,Port Jackson Fig,Ficus rubiginosa,Port Jackson fig,Plantae,199385
344790359,d21a6571-05c7-45a5-940f-766d2b7a1373,2026/03/24 11:34 AM,2026-03-24,2026-03-23 22:34:00 UTC,Wellington,2026-03-23 23:31:03 UTC,2026-03-23 23:31:03 UTC,needs_id,"",0,0,false,"Auckland CBD, Auckland 1010, New Zealand",-36.8505374569,174.7706678038,2,,,2,,false,,,"Plums, Cherries, and Allies",Prunus,"plums, cherries, and allies",Plantae,47351
344790360,02312317-b4d7-492c-9767-d973375172cf,2026/03/24 11:20 AM,2026-03-24,2026-03-23 22:20:00 UTC,Wellington,2026-03-23 23:31:03 UTC,2026-03-25 18:51:15 UTC,needs_id,"",1,0,false,"Grafton, Auckland, New Zealand",-36.8552450149,174.7680670236,4,,,4,,false,,,Phyllostachys,Phyllostachys,,Plantae,72298
344790363,7b4fd2f8-3f8c-4831-9dc4-f6717737dd8f,2026/03/24 11:19 AM,2026-03-24,2026-03-23 22:19:00 UTC,Wellington,2026-03-23 23:31:03 UTC,2026-03-23 23:31:03 UTC,needs_id,"",0,0,false,"Grafton, Auckland, New Zealand",-36.8555795428,174.7677167362,4,,,4,,false,,,Tropical Sage,Salvia coccinea,Tropical sage,Plantae,128652
344790367,f2a366d4-d330-4305-bcf8-2a93ea10af4b,2026-03-24 12:30:51,2026-03-24,2026-03-23 23:30:51 UTC,Wellington,2026-03-23 23:31:04 UTC,2026-03-23 23:31:05 UTC,casual,"",0,0,true,"Princes St, Auckland, Auckland, NZ",-36.8496882615,174.7698400067,30,,,30,,false,,,,Camellia,Camellias,Plantae,83058
344790402,428568a4-1737-4024-a87a-ebb8c21eb5bb,2026-03-24 12:04:21,2026-03-24,2026-03-23 23:04:21 UTC,Wellington,2026-03-23 23:31:14 UTC,2026-03-24 07:12:21 UTC,research,"",1,0,false,"Te Araroa Trail, Auckland, Auckland, NZ",-36.849573468,174.7708423388,27,,,27,open,false,,,Tōtara,Podocarpus totara,Tōtara,Plantae,85275
344790440,e0afea7e-bf91-4b78-a790-91f8c6ecae0e,2026-03-24 12:31:12+13:00,2026-03-24,2026-03-23 23:31:12 UTC,Wellington,2026-03-23 23:31:24 UTC,2026-03-23 23:31:30 UTC,needs_id,"",0,0,false,"University of Auckland - City Campus, Auckland, Auckland, NZ",-36.8500507675,174.7706442249,22,,,22,,false,,,"",Rosa luciae,Memorial Rose,Plantae,1045161
344790460,e4e08116-7f95-42d9-8343-781f0e42c00a,2026-03-24 12:31:20+13:00,2026-03-24,2026-03-23 23:31:20 UTC,Wellington,2026-03-23 23:31:28 UTC,2026-03-23 23:44:52 UTC,casual,"",0,0,true,"University of Auckland - City Campus, 奥克兰, 奥克兰, NZ",-36.849618538,174.7712705336,13,,,13,open,false,,,"",Rotheca myricoides,Rough-leaved Cats-whiskers,Plantae,340357
344790474,024a4454-8773-492c-80b4-35cbc5f8c067,2026-03-24 12:31:06,2026-03-24,2026-03-23 23:31:06 UTC,Wellington,2026-03-23 23:31:35 UTC,2026-03-23 23:31:36 UTC,needs_id,"",0,0,false,"Princes St, Auckland, Auckland, NZ",-36.8496232366,174.7701957119,19,,,19,,false,,,,Plantae,Plants,Plantae,47126
344790509,bfc231c4-ca25-4f87-8be5-4c5a2c1e957d,2026-03-24 12:31:05,2026-03-24,2026-03-23 23:31:05 UTC,Wellington,2026-03-23 23:31:45 UTC,2026-03-23 23:31:51 UTC,casual,"",0,0,true,"Auckland High Court, Auckland CBD, Auckland 1010, New Zealand",-36.84971814,174.77010471,8,,,8,,false,,,woolly hedgenettle,Stachys byzantina,woolly hedgenettle,Plantae,127480
344790527,1989388d-551d-46d4-897f-e9f0202ac853,2026-03-24 11:49:15,2026-03-24,2026-03-23 22:49:15 UTC,Wellington,2026-03-23 23:31:53 UTC,2026-03-23 23:32:06 UTC,casual,"",0,0,true,"Princes St, Auckland, Auckland, NZ",-36.8495874949,174.7700005676,4,,,4,,false,,,,Camellia,Camellias,Plantae,83058
344790538,6a3b2b88-f7f5-4686-af0f-2557687f2b76,2026-03-24 12:28:23,2026-03-24,2026-03-23 23:28:23 UTC,Wellington,2026-03-23 23:31:59 UTC,2026-03-23 23:32:00 UTC,needs_id,"",0,0,false,"Princes St, Auckland, Auckland, NZ",-36.8494927579,174.7702806659,13,,,13,,false,,,,Chlorophytum,Grass Lilies,Plantae,82365
344790553,55fab86f-3e9a-43d2-80dd-527adb2176d9,2026-03-24 11:52:13,2026-03-24,2026-03-23 22:52:13 UTC,Wellington,2026-03-23 23:32:06 UTC,2026-03-25 16:51:58 UTC,research,"",1,0,false,"Princes St, Auckland, Auckland, NZ",-36.8495331528,174.7699719327,24,,,24,,false,,,Falling Stars,Crocosmia aurea,Falling Stars,Plantae,361354
344790559,0d63a226-49fe-4a58-aa69-95ef6152984b,2026-03-24 11:53:58,2026-03-24,2026-03-23 22:53:58 UTC,Wellington,2026-03-23 23:32:09 UTC,2026-03-24 00:33:56 UTC,research,"",2,0,false,"Princes St, Auckland, Auckland, NZ",-36.8496548838,174.7699526104,8,,,8,,false,,,Japanese aralia,Fatsia japonica,Japanese aralia,Plantae,126735
344790567,85d7c4b2-bd06-46ca-aafe-dd927dd636be,2026-03-24 11:40:56,2026-03-24,2026-03-23 22:40:56 UTC,Wellington,2026-03-23 23:32:11 UTC,2026-03-23 23:32:12 UTC,needs_id,"",0,0,false,"Princes St, Auckland, Auckland, NZ",-36.8500081365,174.7700401133,16,,,16,open,false,,,,Aloe arborescens,Candelabra Aloe,Plantae,81518
344790607,fc2e1d46-d604-462e-8b3e-0d99bc858fa3,2026-03-24 11:41:30,2026-03-24,2026-03-23 22:41:30 UTC,Wellington,2026-03-23 23:32:31 UTC,2026-03-23 23:32:32 UTC,needs_id,"",0,0,false,"Auckland, NZ",-36.8496611426,174.7705349254,34,,,34,,false,,,,Fuchsia triphylla,honeysuckle fuchsia,Plantae,498028
344790627,5780ab22-7042-4e4b-a4df-fe3260a0a8a7,2026-03-24 11:41:56,2026-03-24,2026-03-23 22:41:56 UTC,Wellington,2026-03-23 23:32:39 UTC,2026-03-23 23:32:39 UTC,casual,"",0,0,true,"Princes St, Auckland, Auckland, NZ",-36.8490931543,174.7701791323,24,,,24,open,false,,,,Camellia japonica,Japanese camellia,Plantae,83056
344790641,ab8db935-6d88-4da7-be2a-250afa9dabb5,2026-03-24 12:32:16,2026-03-24,2026-03-23 23:32:16 UTC,Wellington,2026-03-23 23:32:43 UTC,2026-03-23 23:40:54 UTC,needs_id,"",0,0,false,"Auckland CBD, Auckland 1010新西兰",-36.84991106,174.77079328,12,,,12,,false,,,牡荆属,Vitex,Chastetrees,Plantae,126846
344790663,52872737-6258-4de5-bdd9-f46b0f8303b8,2026-03-24 11:43:05,2026-03-24,2026-03-23 22:43:05 UTC,Wellington,2026-03-23 23:32:51 UTC,2026-03-23 23:32:52 UTC,needs_id,"",0,0,false,"Auckland, NZ",-36.8493583239,174.7699739744,26,,,26,open,false,,,,Quercus palustris,pin oak,Plantae,54785
344790715,731a681c-96f1-42f5-bf87-49eeaa25a8ee,2026-03-24 11:45:01,2026-03-24,2026-03-23 22:45:01 UTC,Wellington,2026-03-23 23:33:14 UTC,2026-03-23 23:40:16 UTC,research,"",1,0,false,"Princes St, Auckland, Auckland, NZ",-36.8494942451,174.7696588742,6,,,6,,false,,,Whau,Entelea arborescens,Whau,Plantae,343580
344790748,79122610-567f-4198-b526-95c82e14cb68,2026-03-24 12:32:59+13:00,2026-03-24,2026-03-23 23:32:59 UTC,Wellington,2026-03-23 23:33:29 UTC,2026-03-23 23:40:13 UTC,research,"",1,0,false,"University of Auckland - City Campus, 奥克兰, 奥克兰, NZ",-36.8497676294,174.7708689883,6,,,6,open,false,,,Kawakawa,Piper excelsum,Kawakawa,Plantae,404899
344790750,6ddbd17b-ce81-497f-a711-492874d141f1,2026-03-24 11:46:41,2026-03-24,2026-03-23 22:46:41 UTC,Wellington,2026-03-23 23:33:30 UTC,2026-03-23 23:33:31 UTC,needs_id,"",0,0,false,"Princes St, Auckland, Auckland, NZ",-36.849551286,174.7695075248,25,,,25,,false,,,,Poaceae,Grasses,Plantae,47434
344790787,ef182d1f-b30d-484b-93a2-45f2b500d4f7,2026-03-24 12:01:56,2026-03-24,2026-03-23 23:01:56 UTC,Wellington,2026-03-23 23:33:45 UTC,2026-03-23 23:33:46 UTC,needs_id,"",0,0,false,"Princes St, Auckland, Auckland, NZ",-36.8495085257,174.7697679628,22,,,22,,false,,,,Idesia polycarpa,Wonder tree,Plantae,402779
344790795,435f9d6b-2ee1-4a60-a9f0-7ee17676746e,2026-03-24 12:33:19+13:00,2026-03-24,2026-03-23 23:33:19 UTC,Wellington,2026-03-23 23:33:47 UTC,2026-03-24 00:08:51 UTC,casual,"",0,0,true,"University of Auckland - City Campus, 奥克兰, 奥克兰, NZ",-36.8498538248,174.7708067635,4,,,4,,false,,,"",Citrus,citrus,Plantae,54297
344790895,f2db6c33-798f-489a-8d22-ac18b6d18a2b,2026-03-24 11:49:18,2026-03-24,2026-03-23 22:49:18 UTC,Wellington,2026-03-23 23:34:24 UTC,2026-03-23 23:34:25 UTC,needs_id,"",0,0,false,"Princes St, Auckland, Auckland, NZ",-36.8497750589,174.7698779518,31,,,31,,false,,,,Pleroma,glory bushes and allies,Plantae,823397
344790916,39f50231-4338-4d70-aabc-13366afa22a0,2026-03-24 12:34:10+13:00,2026-03-24,2026-03-23 23:34:10 UTC,Wellington,2026-03-23 23:34:32 UTC,2026-03-23 23:34:52 UTC,casual,"",0,0,true,"University of Auckland - City Campus, 奥克兰, 奥克兰, NZ",-36.8500607928,174.7709109643,3,,,3,,false,,,"",Rosa,roses,Plantae,53438
344790919,d9778c09-c18f-4816-8c93-67e521e88cb3,2026-03-24 11:57:06,2026-03-24,2026-03-23 22:57:06 UTC,Wellington,2026-03-23 23:34:35 UTC,2026-03-23 23:34:36 UTC,needs_id,"",0,0,false,"Te Araroa Trail, Auckland, Auckland, NZ",-36.8497162797,174.7702211936,24,,,24,,false,,,,Fuchsia triphylla,honeysuckle fuchsia,Plantae,498028
344790968,78f8725a-1063-4735-9aef-375f86be73f5,2026-03-24 11:58:16,2026-03-24,2026-03-23 22:58:16 UTC,Wellington,2026-03-23 23:34:42 UTC,2026-03-23 23:34:43 UTC,casual,"",0,0,true,"Te Araroa Trail, Auckland, Auckland, NZ",-36.8495621031,174.7707857107,21,,,21,,false,,,,Dahlia pinnata,Garden Dahlia,Plantae,161582
344790981,a52d1948-357f-4ce2-9929-f49c7e0b1533,2026-03-24 11:59:12,2026-03-24,2026-03-23 22:59:12 UTC,Wellington,2026-03-23 23:34:50 UTC,2026-03-23 23:34:51 UTC,needs_id,"",0,0,false,"Auckland, Auckland, NZ",-36.8494445385,174.7709840091,13,,,13,,false,,,,Salvia guaranitica,Anise-scented sage,Plantae,346173
344790987,b53b680c-ba4b-4a39-b381-09bdb6104dfb,2026-03-24 12:34:42+13:00,2026-03-24,2026-03-23 23:34:42 UTC,Wellington,2026-03-23 23:34:53 UTC,2026-03-23 23:34:58 UTC,needs_id,"",0,0,false,"University of Auckland - City Campus, 奥克兰, 奥克兰, NZ",-36.849787573,174.770593471,11,,,11,,false,,,"",Platycladus orientalis,Chinese arborvitae,Plantae,135659
344791023,67d135aa-36fb-40ee-94d8-ae16a09ba2f0,2026-03-24 12:02:56,2026-03-24,2026-03-23 23:02:56 UTC,Wellington,2026-03-23 23:35:08 UTC,2026-03-23 23:44:09 UTC,research,"",1,0,false,"Te Araroa Trail, Auckland, Auckland, NZ",-36.8496605847,174.7707193244,15,,,15,open,false,,,月桂,Laurus nobilis,Bay laurel,Plantae,54759
344791025,0b9e1bde-1736-4950-9a53-aae063768557,2026-03-24 12:09:19,2026-03-24,2026-03-23 23:09:19 UTC,Wellington,2026-03-23 23:35:08 UTC,2026-03-23 23:35:14 UTC,casual,"",0,0,true,University Of Auckland Clock Tower,-36.8503035084,174.7694040835,189,,,189,open,false,gps,gps,Oriental Plane,Platanus orientalis,Oriental Plane,Plantae,181682
344791040,133d2c36-0608-44e3-a87c-83e25bd81e40,2026-03-24 12:03:11,2026-03-24,2026-03-23 23:03:11 UTC,Wellington,2026-03-23 23:35:18 UTC,2026-03-23 23:35:19 UTC,casual,"",0,0,true,"Te Araroa Trail, Auckland, Auckland, NZ",-36.8495268196,174.7707468335,15,,,15,,false,,,,Araucaria,araucarias,Plantae,53718
344791044,f09773fb-75c8-464a-a31e-86f3b50fd2cb,2026-03-24 12:35:05+13:00,2026-03-24,2026-03-23 23:35:05 UTC,Wellington,2026-03-23 23:35:19 UTC,2026-03-24 07:11:28 UTC,needs_id,"",1,0,false,"University of Auckland - City Campus, 奥克兰, 奥克兰, NZ",-36.8500008167,174.7701790183,3,,,3,,false,,,mophead hydrangea,Hydrangea macrophylla,mophead hydrangea,Plantae,122034
344791058,9bebb123-5cea-43d6-8fc7-14aae0338e17,2026-03-24 12:34:58+13:00,2026-03-24,2026-03-23 23:34:58 UTC,Wellington,2026-03-23 23:35:26 UTC,2026-03-23 23:35:31 UTC,casual,"",0,0,true,"University of Auckland - City Campus, 奥克兰, 奥克兰, NZ",-36.8500127848,174.7700776459,21,,,21,,false,,,"",Hydrangea macrophylla,mophead hydrangea,Plantae,122034
344791079,cb150e92-7a90-499e-ae0d-b322ffb12729,2026-03-24 12:31:54+13:00,2026-03-24,2026-03-23 23:31:54 UTC,Wellington,2026-03-23 23:35:33 UTC,2026-03-23 23:35:38 UTC,needs_id,"",0,0,false,"University of Auckland - City Campus, Auckland, Auckland, NZ",-36.8500549366,174.7706939646,19,,,19,,false,,,"",Pleroma,glory bushes and allies,Plantae,823397
344791250,5d658ac6-ee22-466f-96e8-87b7d00affd8,2026-03-24 12:36:23+13:00,2026-03-24,2026-03-23 23:36:23 UTC,Wellington,2026-03-23 23:36:32 UTC,2026-03-23 23:36:38 UTC,needs_id,"",0,0,false,"University of Auckland - City Campus, 奥克兰, 奥克兰, NZ",-36.8504043492,174.7705890877,29,,,29,,false,,,"",Philadelphus coronarius,Sweet Mock Orange,Plantae,52468
344791311,939a7f90-1b65-4f9e-a54d-30821fd3f187,2026-03-24 11:40:09,2026-03-24,2026-03-23 22:40:09 UTC,Wellington,2026-03-23 23:37:04 UTC,2026-03-23 23:37:05 UTC,needs_id,"",0,0,false,"Te Araroa Trail, Auckland, Auckland, NZ",-36.8499576532,174.7701635854,35,,,35,,false,,,,Hydrangea macrophylla,mophead hydrangea,Plantae,122034
344791331,f816fa68-73e8-4290-b61b-756a0c92efc3,2026-03-24 11:40:33,2026-03-24,2026-03-23 22:40:33 UTC,Wellington,2026-03-23 23:37:12 UTC,2026-03-23 23:37:13 UTC,casual,"",0,0,true,"Te Araroa Trail, Auckland, Auckland, NZ",-36.8498731596,174.7700542441,35,,,35,,false,,,,Zephyranthes candida,White rain-lily,Plantae,170415
344791360,8f6d4ac0-18ad-4f59-aa92-e9ee07418ccc,2026-03-24 12:37:22+13:00,2026-03-24,2026-03-23 23:37:22 UTC,Wellington,2026-03-23 23:37:25 UTC,2026-03-24 01:27:10 UTC,needs_id,"",0,0,false,"University of Auckland - City Campus, 奥克兰, 奥克兰, NZ",-36.8499235749,174.7700910506,4,,,4,,false,,,"",Salvia,Sages,Plantae,50644
344791388,aa4164c6-018e-4e62-bb3b-5d9f27b75227,2026-03-24 12:17:49,2026-03-24,2026-03-23 23:17:49 UTC,Wellington,2026-03-23 23:37:36 UTC,2026-03-23 23:37:37 UTC,casual,"",0,0,true,"Waterloo Quadrant, Auckland, Auckland, NZ",-36.8490379583,174.7710039375,9,,,9,,false,,,,Camellia,Camellias,Plantae,83058
344791425,0a421f5e-3c0d-463e-9655-606598392484,2026-03-24 12:37:10+13:00,2026-03-24,2026-03-23 23:37:10 UTC,Wellington,2026-03-23 23:37:52 UTC,2026-03-23 23:37:57 UTC,casual,"",0,0,true,"University of Auckland - City Campus, Auckland, Auckland, NZ",-36.8498677926,174.7708813174,4,,,4,,false,,,"",Citrus,citrus,Plantae,54297
344791427,b9a575f6-8711-4d63-b04f-fc7b574e1079,2026-03-24 12:37:35,2026-03-24,2026-03-23 23:37:35 UTC,Wellington,2026-03-23 23:37:52 UTC,2026-03-23 23:37:53 UTC,needs_id,"",0,0,false,"Princes St, Auckland, Auckland, NZ",-36.8496224007,174.7701193382,14,,,14,,false,,,,Rubiaceae,madder family,Plantae,47693
344791530,124c2ad6-137d-4441-981d-a612c72422d3,2026-03-24 12:18:06,2026-03-24,2026-03-23 23:18:06 UTC,Wellington,2026-03-23 23:38:29 UTC,2026-03-23 23:38:30 UTC,needs_id,"",0,0,false,"Auckland, Auckland, NZ",-36.8491231604,174.770991197,7,,,7,,false,,,,Canna,Canna Lilies,Plantae,127280
344791533,79724f8e-8660-4dde-aaa7-25b074aacf27,2026-03-24 12:36:43+13:00,2026-03-24,2026-03-23 23:36:43 UTC,Wellington,2026-03-23 23:38:32 UTC,2026-03-30 23:01:30 UTC,casual,"",2,1,true,"Auckland, NZ",-36.850075149,174.7708428853,20,,,20,,false,,,roses,Rosa,roses,Plantae,53438
344791552,ba52ff43-0c88-429b-a7ee-12130a5dff26,2026-03-24 12:36:41+13:00,2026-03-24,2026-03-23 23:36:41 UTC,Wellington,2026-03-23 23:38:38 UTC,2026-03-30 23:01:26 UTC,casual,"",2,1,true,"University of Auckland - City Campus, 奥克兰, 奥克兰, NZ",-36.850043888,174.770800182,14,,,14,,false,,,roses,Rosa,roses,Plantae,53438
344791556,bc4d8fbe-b6e5-4825-82c9-c9a820479f73,2026-03-24 12:37:54+13:00,2026-03-24,2026-03-23 23:37:54 UTC,Wellington,2026-03-23 23:38:39 UTC,2026-03-24 07:10:57 UTC,research,"",2,0,false,"University of Auckland - City Campus, 奥克兰, 奥克兰, NZ",-36.8499158531,174.7701116264,6,,,6,,false,,,Rosemary,Salvia rosmarinus,Rosemary,Plantae,636795
344791558,760e774a-15f7-45f2-954e-e9c60b3a41d2,2026-03-24 12:38:21+13:00,2026-03-24,2026-03-23 23:38:21 UTC,Wellington,2026-03-23 23:38:40 UTC,2026-03-23 23:38:46 UTC,casual,"",0,0,true,"University of Auckland - City Campus, 奥克兰, 奥克兰, NZ",-36.849905406,174.7701135737,12,,,12,,false,,,"",Zephyranthes candida,White rain-lily,Plantae,170415
344791592,bce078fc-287b-41d3-a558-4249e4a8c6a2,2026-03-24 12:21:25,2026-03-24,2026-03-23 23:21:25 UTC,Wellington,2026-03-23 23:38:51 UTC,2026-03-23 23:38:51 UTC,casual,"",0,0,true,"Auckland, Auckland, NZ",-36.8495734781,174.7710593419,4,,,4,,false,,,,Camellia,Camellias,Plantae,83058
344791616,afd3dcde-a7da-4430-8955-970365a41116,2026-03-24 12:03:42,2026-03-24,2026-03-23 23:03:42 UTC,Wellington,2026-03-23 23:38:58 UTC,2026-03-23 23:38:58 UTC,needs_id,"",0,0,false,"Te Araroa Trail, Auckland, Auckland, NZ",-36.849275,174.7707666667,4,,,4,,false,,,,Euryops,True-eye Daisies,Plantae,84986
344791623,84a0918d-bd4c-45f8-8c36-c0143f15ff12,2026-03-24 12:38:10+13:00,2026-03-24,2026-03-23 23:38:10 UTC,Wellington,2026-03-23 23:39:01 UTC,2026-04-06 04:12:57 UTC,needs_id,"",2,1,false,"University of Auckland - City Campus, 奥克兰, 奥克兰, NZ",-36.8499277455,174.7707604674,7,,,7,open,false,,,槟榔族,Areceae,,Plantae,1470417
344791633,c816802d-7e8d-4ba2-b59f-7abcfd6f2c5e,2026-03-24 11:49:00,2026-03-24,2026-03-23 22:49:00 UTC,Wellington,2026-03-23 23:39:03 UTC,2026-03-23 23:39:10 UTC,needs_id,"",0,0,false,University Of Auckland Clock Tower,-36.8503035084,174.7694040835,189,,,189,,false,gps,gps,Kawaka,Libocedrus plumosa,Kawaka,Plantae,135819
344791644,815d1067-9a55-4140-bd06-d4a4d86d91bb,2026-03-24 11:58:07,2026-03-24,2026-03-23 22:58:07 UTC,Wellington,2026-03-23 23:39:08 UTC,2026-03-23 23:39:09 UTC,needs_id,"",0,0,false,"Auckland, Auckland, NZ",-36.8493833333,174.7710883333,6,,,6,,false,,,,Salvia,Sages,Plantae,50644
344791677,13cb1aba-629d-4102-aaeb-7d01366cc7a6,2026-03-24 12:23:40,2026-03-24,2026-03-23 23:23:40 UTC,Wellington,2026-03-23 23:39:22 UTC,2026-03-23 23:43:38 UTC,research,"",1,0,false,"Te Araroa Trail, Auckland, Auckland, NZ",-36.8498261087,174.7709297577,5,,,5,,false,,,Asplenium gracillimum,Asplenium gracillimum,hen and chickens fern,Plantae,399757
344791722,7f1b9626-a0e4-4fbd-92cd-01cdff61886c,2026-03-24 12:07:10,2026-03-24,2026-03-23 23:07:10 UTC,Wellington,2026-03-23 23:39:40 UTC,2026-03-23 23:39:41 UTC,casual,"",0,0,true,"Te Araroa Trail, Auckland, Auckland, NZ",-36.849705,174.7705533333,14,,,14,open,false,,,,Stenocarpus sinuatus,Firewheel tree,Plantae,83360
344791737,ac0c7e9a-4ae1-4694-829c-2454b1b756c4,2026-03-24 11:49:08,2026-03-24,2026-03-23 22:49:08 UTC,Wellington,2026-03-23 23:39:49 UTC,2026-04-19 14:05:20 UTC,research,"",2,0,false,University Of Auckland Clock Tower,-36.8503035084,174.7694040835,189,,,189,,false,,,Fruit salad plant,Monstera deliciosa,Fruit salad plant,Plantae,122521
344791753,4dc4db2f-ba3e-4452-8fd0-186e08fbda9f,2026-03-24 11:49:37,2026-03-24,2026-03-23 22:49:37 UTC,Wellington,2026-03-23 23:40:00 UTC,2026-03-25 15:05:42 UTC,research,"",1,0,false,"Princes St, Auckland, Auckland, NZ",-36.8495633333,174.7699883333,12,,,12,,false,,,Falling Stars,Crocosmia aurea,Falling Stars,Plantae,361354
344791758,b910d6bb-0a93-4458-8b39-793509e6fd1e,2026-03-24 12:38:58,2026-03-24,2026-03-23 23:38:58 UTC,Wellington,2026-03-23 23:40:00 UTC,2026-03-23 23:40:01 UTC,needs_id,"",0,0,false,"Te Araroa Trail, Auckland, Auckland, NZ",-36.8497212511,174.7705513986,5,,,5,,false,,,,Cupressoideae,"Cypresses, Cedars, Junipers, and Allies",Plantae,1150915
344791772,95c76b05-61fc-47b5-bf23-aca4bf2722cd,Tue Mar 24 2026 12:40:01 GMT +1300 (GMT+13),2026-03-24,2026-03-23 23:40:01 UTC,Wellington,2026-03-23 23:40:05 UTC,2026-03-24 07:10:36 UTC,research,"",1,0,false,Auckland,-36.8499984741,174.7702178955,16,,,16,,false,,,mophead hydrangea,Hydrangea macrophylla,mophead hydrangea,Plantae,122034
344791779,ed92bfcb-baef-482f-8774-7dc7f1587d18,2026-03-24 12:39:11,2026-03-24,2026-03-23 23:39:11 UTC,Wellington,2026-03-23 23:40:08 UTC,2026-03-23 23:40:09 UTC,needs_id,"",0,0,false,"Te Araroa Trail, Auckland, Auckland, NZ",-36.8497220055,174.7705518177,3,,,3,,false,,,,Magnoliopsida,dicots [paraphyletic],Plantae,47124
344791802,b727c49e-dbbc-4acd-baa5-bd4c1748b31d,2026-03-24 11:59:21,2026-03-24,2026-03-23 22:59:21 UTC,Wellington,2026-03-23 23:40:15 UTC,2026-03-23 23:40:16 UTC,needs_id,"",0,0,false,"Auckland, Auckland, NZ",-36.8495916667,174.771225,14,,,14,,false,,,,Magnoliopsida,dicots [paraphyletic],Plantae,47124
344791815,3e4acaed-8669-44da-8256-fd7e4fbed159,2026-03-24 12:38:34,2026-03-24,2026-03-23 23:38:34 UTC,Wellington,2026-03-23 23:40:20 UTC,2026-03-23 23:40:21 UTC,needs_id,"",0,0,false,"Te Araroa Trail, Auckland, Auckland, NZ",-36.849605,174.7704,14,,,14,,false,,,,Chamaecyparis obtusa,Hinoki cypress,Plantae,133369
344791829,9e8aa952-faf9-4944-a2dc-a6bd24296fe6,2026-03-24 12:38:44,2026-03-24,2026-03-23 23:38:44 UTC,Wellington,2026-03-23 23:40:27 UTC,2026-03-23 23:40:28 UTC,needs_id,"",0,0,false,"Te Araroa Trail, Auckland, Auckland, NZ",-36.849575,174.770355,4,,,4,,false,,,,Magnoliopsida,dicots [paraphyletic],Plantae,47124
344791840,816fbd46-2fda-4e45-8db4-62cd5c99ca19,2026-03-24 12:33:25+13:00,2026-03-24,2026-03-23 23:33:25 UTC,Wellington,2026-03-23 23:40:31 UTC,2026-03-23 23:40:36 UTC,casual,"",0,0,true,"University of Auckland - City Campus, 奥克兰, 奥克兰, NZ",-36.84983,174.7708283333,5,,,5,open,false,,,"",Rotheca myricoides,Rough-leaved Cats-whiskers,Plantae,340357
344791912,6cbf045e-c65e-437d-b960-a1bf75ac0752,2026-03-24 12:33:31+13:00,2026-03-24,2026-03-23 23:33:31 UTC,Wellington,2026-03-23 23:40:59 UTC,2026-03-23 23:41:11 UTC,casual,"",0,0,true,"University of Auckland - City Campus, 奥克兰, 奥克兰, NZ",-36.8498466667,174.7708133333,5,,,5,,false,,,"",Citrus,citrus,Plantae,54297
344791946,06771330-538c-4052-90f6-5f088bf95cbb,2026-03-24 12:40:46,2026-03-24,2026-03-23 23:40:46 UTC,Wellington,2026-03-23 23:41:06 UTC,2026-03-24 13:13:14 UTC,needs_id,"",1,0,false,"Te Araroa Trail, Auckland, Auckland, NZ",-36.8496631399,174.7705370601,8,,,8,,false,,,Glory bush,Pleroma urvilleanum,Glory bush,Plantae,1263850
344791958,9121b760-fbc2-4870-8a99-8ea24872b27a,2026-03-24 11:34:17,2026-03-24,2026-03-23 22:34:17 UTC,Wellington,2026-03-23 23:41:11 UTC,2026-03-23 23:56:59 UTC,needs_id,"",0,0,false,University of Auckland City Campus,-36.8517509734,174.7704405845,,,,,,false,,,,Aloe,Aloes,Plantae,71956
344791999,a43a8ca9-f057-4464-8493-8be4b75b6acb,2026-03-24 11:54:12,2026-03-24,2026-03-23 22:54:12 UTC,Wellington,2026-03-23 23:41:31 UTC,2026-03-23 23:41:37 UTC,needs_id,"",0,0,false,University Of Auckland Clock Tower,-36.8503035084,174.7694040835,189,,,189,,false,gps,gps,Mountain pawpaw,Vasconcellea pubescens,Mountain pawpaw,Plantae,508242
344792030,32609a69-54ce-4d92-8019-f14565db63d8,2026-03-24 12:29:40+13:00,2026-03-24,2026-03-23 23:29:40 UTC,Wellington,2026-03-23 23:41:42 UTC,2026-03-23 23:41:49 UTC,needs_id,"",0,0,false,"University of Auckland - City Campus, 奥克兰, 奥克兰, NZ",-36.849725,174.7711333333,9,,,9,open,false,,,"",Camellia sasanqua,sasanqua camellia,Plantae,126549
344792109,a097f255-8cee-474c-8515-9e77d20f9e8a,2026-03-24 11:47:57,2026-03-24,2026-03-23 22:47:57 UTC,Wellington,2026-03-23 23:42:07 UTC,2026-03-23 23:42:53 UTC,casual,"",0,0,true,University Of Auckland Clock Tower,-36.8503035084,174.7694040835,189,,,189,,false,gps,gps,Silk floss tree,Ceiba speciosa,Silk floss tree,Plantae,154290
344792115,a0fb06a8-a8ad-432c-9dba-f4595a5e8668,2026-03-24 12:41:50,2026-03-24,2026-03-23 23:41:50 UTC,Wellington,2026-03-23 23:42:09 UTC,2026-03-23 23:42:10 UTC,needs_id,"",0,0,false,"Te Araroa Trail, Auckland, Auckland, NZ",-36.8497432165,174.770612248,3,,,3,,false,,,,Cupressoideae,"Cypresses, Cedars, Junipers, and Allies",Plantae,1150915
344792118,3fb40094-18cb-4684-97af-4fbe80ec44e3,2026-03-24 12:30:35+13:00,2026-03-24,2026-03-23 23:30:35 UTC,Wellington,2026-03-23 23:42:10 UTC,2026-03-23 23:42:17 UTC,needs_id,"",0,0,false,"University of Auckland - City Campus, Auckland, Auckland, NZ",-36.8498378463,174.7706568849,16,,,16,,false,,,"",Campsis,trumpet vines,Plantae,72030
344792172,4c11c8c4-dcb8-40bc-89e4-e7592bb0dc42,2026-03-24 11:37:52,2026-03-24,2026-03-23 22:37:52 UTC,Wellington,2026-03-23 23:42:38 UTC,2026-03-23 23:42:39 UTC,needs_id,"",0,0,false,"Te Araroa Trail, Auckland, Auckland, NZ",-36.8513343518,174.7697980442,8,,,8,,false,,,,Cyperoideae,,Plantae,873509
344792190,548e6a6e-cb9e-4a5a-bf4e-83c1d00523ed,2026-03-24 11:39:53,2026-03-24,2026-03-23 22:39:53 UTC,Wellington,2026-03-23 23:42:46 UTC,2026-03-24 07:10:09 UTC,research,"",1,0,false,"Princes St, Auckland, Auckland, NZ",-36.8500948192,174.7701327207,16,,,16,,false,,,mophead hydrangea,Hydrangea macrophylla,mophead hydrangea,Plantae,122034
344792203,1b1be282-6a3d-4d9a-98ff-4e5fe8c59dbc,2026-03-24 11:40:15,2026-03-24,2026-03-23 22:40:15 UTC,Wellington,2026-03-23 23:42:54 UTC,2026-03-23 23:42:55 UTC,needs_id,"",0,0,false,"Princes St, Auckland, Auckland, NZ",-36.8500037366,174.7700669569,15,,,15,,false,,,,Miscanthus sinensis,Zebra grass,Plantae,165474
344792209,d4cf0a5a-323a-4bf8-864c-4834bbebaa67,2026-03-24 11:34:39,2026-03-24,2026-03-23 22:34:39 UTC,Wellington,2026-03-23 23:42:56 UTC,2026-03-28 23:37:49 UTC,casual,"",0,0,true,University of Auckland City Campus,-36.8517509734,174.7704405845,,,,,,false,,,,Euphorbia trigona,African Milk Weed,Plantae,322318
344792222,dc0720ea-a9b4-4963-bf39-3773e302a17c,2026-03-24 12:02:08,2026-03-24,2026-03-23 23:02:08 UTC,Wellington,2026-03-23 23:43:02 UTC,2026-03-23 23:58:12 UTC,needs_id,"",0,0,false,"Princes St, Auckland, Auckland, NZ",-36.8499551135,174.7699738374,19,,,19,,false,,,,Libocedrus plumosa,Kawaka,Plantae,135819
344792258,43c99373-1492-49da-8cae-f460a2b71400,2026-03-24 12:02:40,2026-03-24,2026-03-23 23:02:40 UTC,Wellington,2026-03-23 23:43:17 UTC,2026-03-23 23:43:18 UTC,casual,"",0,0,true,"Te Araroa Trail, Auckland, Auckland, NZ",-36.8498643975,174.7701136275,18,,,18,,false,,,,Dichorisandra thyrsiflora,Blue ginger,Plantae,427503
344792297,bf108975-1192-4db4-8c91-13dd2ce5bf3e,2026-03-24 12:41:56,2026-03-24,2026-03-23 23:41:56 UTC,Wellington,2026-03-23 23:43:36 UTC,2026-03-24 00:20:00 UTC,research,"",2,0,false,"Auckland CBD, Auckland 1010新西兰",-36.8498573056,174.7705383056,,,,,open,false,gps,gps,Kawakawa,Piper excelsum,Kawakawa,Plantae,404899
344792341,bf51b531-8fb2-4ef6-a9a3-d875f7942a32,2026-03-24 12:34:44+13:00,2026-03-24,2026-03-23 23:34:44 UTC,Wellington,2026-03-23 23:43:55 UTC,2026-03-23 23:45:59 UTC,casual,"",0,0,true,"University of Auckland - City Campus, 奥克兰, 奥克兰, NZ",-36.8499966146,174.7708004058,4,,,4,,false,,,"",Cryptomeria,Sugis,Plantae,71148
344792343,273ae517-72be-4f82-9eff-281917c5e33e,2026-03-24 11:48:28,2026-03-24,2026-03-23 22:48:28 UTC,Wellington,2026-03-23 23:43:57 UTC,2026-03-23 23:45:35 UTC,casual,"",0,0,true,University Of Auckland Clock Tower,-36.8503035084,174.7694040835,189,,,189,,false,gps,gps,Montbretias,Crocosmia,Montbretias,Plantae,61186
344792402,a77cfef2-db7c-4c4e-b389-58708c6cf602,2026-03-24 12:42:28,2026-03-24,2026-03-23 23:42:28 UTC,Wellington,2026-03-23 23:44:17 UTC,2026-03-23 23:44:33 UTC,needs_id,"",0,0,false,"Auckland CBD, Auckland 1010新西兰",-36.8498573056,174.7705383056,,,,,,false,gps,gps,扁柏属,Chamaecyparis,False Cypress,Plantae,69757
344792426,f3ca88f5-61e0-404b-9564-89ae0964886c,2026-03-24 12:06:54,2026-03-24,2026-03-23 23:06:54 UTC,Wellington,2026-03-23 23:44:27 UTC,2026-03-23 23:44:28 UTC,casual,"",0,0,true,"Auckland, Auckland, NZ",-36.8493051679,174.7708600212,19,,,19,,false,,,,Araucaria,araucarias,Plantae,53718
344792476,8c70e39a-4bd3-42f4-8a2d-06bba83dafd9,2026-03-24 12:14:06,2026-03-24,2026-03-23 23:14:06 UTC,Wellington,2026-03-23 23:44:42 UTC,2026-03-24 07:09:59 UTC,research,"",1,0,false,"Te Araroa Trail, Auckland, Auckland, NZ",-36.8495854544,174.7707184905,18,,,18,,false,,,Red Hot Poker,Kniphofia uvaria,Red Hot Poker,Plantae,56035
344792506,d90b0b6b-3775-49e4-b39d-5a2f08ae343b,2026-03-24 12:44:38,2026-03-24,2026-03-23 23:44:38 UTC,Wellington,2026-03-23 23:44:55 UTC,2026-03-28 12:30:47 UTC,research,"",1,0,false,"Te Araroa Trail, Auckland, Auckland, NZ",-36.8496746211,174.7706361231,13,,,13,,false,,,Heavenly bamboo,Nandina domestica,Heavenly bamboo,Plantae,127010
344792517,f3eeae82-7c8c-4357-8be4-5fc52a50fefc,2026-03-24 11:35:59,2026-03-24,2026-03-23 22:35:59 UTC,Wellington,2026-03-23 23:44:59 UTC,2026-03-23 23:57:02 UTC,casual,"",0,0,true,University of Auckland City Campus,-36.8517509734,174.7704405845,,,,,,false,,,,Hibiscus × rosa-sinensis,Tricolor Hibiscus,Plantae,1628098
344792532,e2263408-3036-47c9-8b7f-647a190c9ca9,2026-03-24 12:16:03,2026-03-24,2026-03-23 23:16:03 UTC,Wellington,2026-03-23 23:45:09 UTC,2026-03-23 23:45:10 UTC,needs_id,"",0,0,false,"Te Araroa Trail, Auckland, Auckland, NZ",-36.8490778263,174.7705730334,17,,,17,,false,,,,Agapanthus praecox,agapanthus,Plantae,199324
344792604,df26f13e-074a-44a1-a9d5-be68820511e8,2026-03-24 12:18:27,2026-03-24,2026-03-23 23:18:27 UTC,Wellington,2026-03-23 23:45:44 UTC,2026-03-23 23:45:45 UTC,needs_id,"",0,0,false,"Princes St, Auckland, Auckland, NZ",-36.8495695344,174.7702093865,15,,,15,open,false,,,,Ceodes brunoniana,Parapara,Plantae,400629
344792622,3bab68ce-4044-4e90-b25c-074ab7936b34,2026-03-24 12:18:38,2026-03-24,2026-03-23 23:18:38 UTC,Wellington,2026-03-23 23:45:54 UTC,2026-03-24 19:44:21 UTC,research,"",1,0,false,"Princes St, Auckland, Auckland, NZ",-36.8495778801,174.7702049627,11,,,11,,false,,,silver fern,Cyathea dealbata,silver fern,Plantae,131669
344792651,a679c314-f23a-4fe6-ab27-91950eee9351,2026-03-24 12:07:49,2026-03-24,2026-03-23 23:07:49 UTC,Wellington,2026-03-23 23:46:01 UTC,2026-03-24 07:09:44 UTC,research,"",1,0,false,"Te Araroa Trail, Auckland, Auckland, NZ",-36.8497916667,174.7701716667,25,,,25,,false,,,mophead hydrangea,Hydrangea macrophylla,mophead hydrangea,Plantae,122034
344792656,5cc66265-ec96-40df-85b7-d47163a77b70,2026-03-24 12:08:10,2026-03-24,2026-03-23 23:08:10 UTC,Wellington,2026-03-23 23:46:03 UTC,2026-03-23 23:46:08 UTC,needs_id,"",0,0,false,"Princes St, Auckland, Auckland, NZ",-36.8497283333,174.7700666667,19,,,19,,false,,,,Odontonema,,Plantae,156695
344792662,4bfdffdf-57e0-4d90-86c7-7ec664900183,2026-03-24 12:45:12,2026-03-24,2026-03-23 23:45:12 UTC,Wellington,2026-03-23 23:46:05 UTC,2026-03-24 00:27:44 UTC,needs_id,"",0,0,false,"Princes St, Auckland, Auckland, NZ",-36.8491218315,174.7697666941,3,,,3,,false,,,,Magnoliopsida,dicots [paraphyletic],Plantae,47124
344792697,ce122ec7-dd2b-4617-918e-cc28e4d784cd,2026-03-24 11:45:54,2026-03-24,2026-03-23 22:45:54 UTC,Wellington,2026-03-23 23:46:17 UTC,2026-03-23 23:57:07 UTC,needs_id,"",0,0,false,University of Auckland City Campus,-36.8517509734,174.7704405845,,,,,,false,,,,Cyatheaceae,scaly tree ferns,Plantae,64675
344792699,a8166f01-0d2d-4530-88db-9197316650ac,2026-03-24 12:46:03+13:00,2026-03-24,2026-03-23 23:46:03 UTC,Wellington,2026-03-23 23:46:17 UTC,2026-03-23 23:46:24 UTC,needs_id,"",0,0,false,"University of Auckland - City Campus, Auckland, Auckland, NZ",-36.8497636185,174.770743443,28,,,28,open,false,,,"",Archontophoenix cunninghamiana,Bangalow palm,Plantae,83634
344792719,a396097c-7a8e-4c51-9528-dacae6f76da9,2026-03-24 12:41:45,2026-03-24,2026-03-23 23:41:45 UTC,Wellington,2026-03-23 23:46:22 UTC,2026-03-23 23:46:29 UTC,casual,"",0,0,true,"Auckland CBD, Auckland 1010新西兰",-36.8498573056,174.7705383056,,,,,,false,gps,gps,刺柏属,Juniperus,junipers,Plantae,47574
344792723,40598ecb-4100-471c-8bd3-f4e31eb089c4,2026-03-24 12:19:10,2026-03-24,2026-03-23 23:19:10 UTC,Wellington,2026-03-23 23:46:24 UTC,2026-03-23 23:46:25 UTC,needs_id,"",0,0,false,"Princes St, Auckland, Auckland, NZ",-36.8495874642,174.7702001291,16,,,16,,false,,,,Liliopsida,Monocots,Plantae,47163
344792742,5d407778-f1f7-495b-9a01-d2ee2252b3a9,2026-03-24 12:19:32,2026-03-24,2026-03-23 23:19:32 UTC,Wellington,2026-03-23 23:46:33 UTC,2026-03-31 21:35:33 UTC,needs_id,"",2,0,false,"Princes St, Auckland, Auckland, NZ",-36.8495873781,174.7702004291,15,,,15,,false,,,Hypopterygiaceae,Hypopterygiaceae,,Plantae,244956
344792746,c7dbac96-5c96-4bf1-80a5-19cc0e862a31,2026-03-24 11:57:09,2026-03-24,2026-03-23 22:57:09 UTC,Wellington,2026-03-23 23:46:34 UTC,2026-03-23 23:47:03 UTC,casual,"",0,0,true,"Te Araroa Trail, Auckland, Auckland, NZ",-36.8492466667,174.7706616667,7,,,7,,false,,,,Dahlia pinnata,Garden Dahlia,Plantae,161582
344792787,43be1537-b519-49e7-a468-bda8e7ec71de,2026-03-24 12:20:29,2026-03-24,2026-03-23 23:20:29 UTC,Wellington,2026-03-23 23:46:48 UTC,2026-04-06 04:13:37 UTC,needs_id,"",1,0,false,"Princes St, Auckland, Auckland, NZ",-36.8496322217,174.7701745046,30,,,30,,false,,,Chusan Palm,Trachycarpus fortunei,Chusan Palm,Plantae,64323
344792801,aaddff97-1dc2-4da0-9fb6-29fe0ff328e8,2026-03-24 11:51:41,2026-03-24,2026-03-23 22:51:41 UTC,Wellington,2026-03-23 23:46:56 UTC,2026-03-23 23:46:57 UTC,casual,"",0,0,true,"Auckland, Auckland, NZ",-36.8497129208,174.7698121296,5,,,5,,false,,,,Camellia,Camellias,Plantae,83058
344792811,43086348-3c6d-48c0-894d-2e73ff6d425b,2026-03-24 12:20:39,2026-03-24,2026-03-23 23:20:39 UTC,Wellington,2026-03-23 23:47:01 UTC,2026-03-24 07:09:11 UTC,research,"",2,0,false,"Te Araroa Trail, Auckland, Auckland, NZ",-36.8497136862,174.770181461,25,,,25,open,false,,,Kawakawa,Piper excelsum,Kawakawa,Plantae,404899
344792859,4e23cad8-74ea-4d39-b58e-2cbaf52aca90,2026-03-24 11:56:09,2026-03-24,2026-03-23 22:56:09 UTC,Wellington,2026-03-23 23:47:11 UTC,2026-03-24 00:15:05 UTC,needs_id,"",0,0,false,"Te Araroa Trail, Auckland, Auckland, NZ",-36.8496397012,174.7702087804,14,,,14,,false,,,,Fuchsia triphylla,honeysuckle fuchsia,Plantae,498028
344792860,ed321689-f334-4404-888e-4652f663c164,2026-03-24 12:20:54,2026-03-24,2026-03-23 23:20:54 UTC,Wellington,2026-03-23 23:47:11 UTC,2026-03-23 23:47:12 UTC,casual,"",0,0,true,"Te Araroa Trail, Auckland, Auckland, NZ",-36.8497939832,174.7701327496,21,,,21,,false,,,,Magnolia,magnolias,Plantae,82096
344792865,a0557861-20c8-4c3c-8dff-d97e7d177436,2026-03-24 11:54:59,2026-03-24,2026-03-23 22:54:59 UTC,Wellington,2026-03-23 23:47:11 UTC,2026-03-23 23:57:11 UTC,casual,"",0,0,true,University of Auckland City Campus,-36.8517509734,174.7704405845,,,,,,false,,,,Justicia brandegeeana,Shrimp plant,Plantae,84531
344792894,f73c8860-b3e2-4229-bf02-da5930a51eb7,2026-03-24 12:21:04,2026-03-24,2026-03-23 23:21:04 UTC,Wellington,2026-03-23 23:47:19 UTC,2026-03-28 12:30:37 UTC,research,"",1,0,false,"Princes St, Auckland, Auckland, NZ",-36.8497454146,174.7700526708,17,,,17,,false,,,Heavenly bamboo,Nandina domestica,Heavenly bamboo,Plantae,127010
344792898,958271a3-e742-422a-9140-bf12e5566698,2026-03-24 11:55:44,2026-03-24,2026-03-23 22:55:44 UTC,Wellington,2026-03-23 23:47:22 UTC,2026-03-23 23:57:12 UTC,needs_id,"",0,0,false,University of Auckland City Campus,-36.8517509734,174.7704405845,,,,,,false,,,,Magnoliopsida,dicots [paraphyletic],Plantae,47124
344792902,4d237b0f-9e19-49ca-a044-b4c56a82cd23,2026-03-24 11:56:04,2026-03-24,2026-03-23 22:56:04 UTC,Wellington,2026-03-23 23:47:25 UTC,2026-03-23 23:57:14 UTC,needs_id,"",0,0,false,University of Auckland City Campus,-36.8517509734,174.7704405845,,,,,,false,,,honeysuckle fuchsia,Fuchsia triphylla,honeysuckle fuchsia,Plantae,498028
344792909,af083805-8f15-45ad-ac68-d50b55a3c54a,2026-03-24 12:21:37,2026-03-24,2026-03-23 23:21:37 UTC,Wellington,2026-03-23 23:47:28 UTC,2026-03-24 00:33:20 UTC,research,"",2,0,false,"Princes St, Auckland, Auckland, NZ",-36.8497479123,174.7699474767,22,,,22,,false,,,Japanese aralia,Fatsia japonica,Japanese aralia,Plantae,126735
344792917,0210773b-9140-4ef7-8ac0-0877dc3259ff,2026-03-24 12:47:21+13:00,2026-03-24,2026-03-23 23:47:21 UTC,Wellington,2026-03-23 23:47:32 UTC,2026-03-23 23:47:37 UTC,needs_id,"",0,0,false,"University of Auckland - City Campus, Auckland, Auckland, NZ",-36.8498036536,174.7707504767,21,,,21,open,false,,,"",Cenchrus clandestinus,Kikuyu Grass,Plantae,60298
344792964,003a85c6-c1e7-4a20-a608-09837150e6ce,2026-03-24 12:23:00,2026-03-24,2026-03-23 23:23:00 UTC,Wellington,2026-03-23 23:47:55 UTC,2026-03-24 00:24:44 UTC,research,"",1,0,false,"Princes St, Auckland, Auckland, NZ",-36.8497750379,174.7700246001,25,,,25,,false,,,Hairy Pennywort,Hydrocotyle moschata,Hairy Pennywort,Plantae,163873
344793190,6b20fb7f-3bdf-4978-8041-c95d3f57b6eb,2026-03-24 11:19:47,2026-03-24,2026-03-23 22:19:47 UTC,Wellington,2026-03-23 23:49:31 UTC,2026-03-23 23:49:39 UTC,needs_id,"",0,0,false,"Auckland Universities, Grafton, Auckland 1010新西兰",-36.8553733611,174.7678680278,,,,,,false,gps,gps,鼠尾草属,Salvia,Sages,Plantae,50644
344793247,56e81061-4123-4e85-bd73-e33d7427dfe9,2026-03-24 12:48:31+13:00,2026-03-24,2026-03-23 23:48:31 UTC,Wellington,2026-03-23 23:49:56 UTC,2026-03-23 23:50:02 UTC,needs_id,"",0,0,false,"University of Auckland - City Campus, Auckland, Auckland, NZ",-36.8498215062,174.7707943828,36,,,36,,false,,,"",Justicia,,Plantae,50152
344793339,83773c07-617c-424d-9589-399ef9e5e5df,2026-03-24 12:50:17,2026-03-24,2026-03-23 23:50:17 UTC,Wellington,2026-03-23 23:50:38 UTC,2026-03-23 23:50:39 UTC,needs_id,"",0,0,false,"Te Araroa Trail, Auckland, Auckland, NZ",-36.8497294796,174.770201294,4,,,4,,false,,,,Heliantheae,Sunflowers and Allies,Plantae,605446
344793406,f2f7e168-3638-48b2-a86f-ac95f96fd0d5,2026-03-24 12:50:07,2026-03-24,2026-03-23 23:50:07 UTC,Wellington,2026-03-23 23:50:58 UTC,2026-03-23 23:50:59 UTC,needs_id,"",0,0,false,"Te Araroa Trail, Auckland, Auckland, NZ",-36.8497176292,174.770220798,13,,,13,,false,,,,Gomphrenoideae,,Plantae,929250
344793431,04f94c7a-ee9c-4985-9ff0-d9a3616025d4,2026-03-24 12:50:10+13:00,2026-03-24,2026-03-23 23:50:10 UTC,Wellington,2026-03-23 23:51:12 UTC,2026-03-23 23:51:18 UTC,casual,"",0,0,true,"University of Auckland - City Campus, 奥克兰, 奥克兰, NZ",-36.8501057944,174.7701015007,7,,,7,open,false,,,"",Psidium guajava,Common guava,Plantae,62859
344793482,39dce6f9-6d10-4921-9c37-3ed87429d27d,2026-03-24 11:37:39,2026-03-24,2026-03-23 22:37:39 UTC,Wellington,2026-03-23 23:51:38 UTC,2026-03-24 00:17:58 UTC,needs_id,"",0,0,false,"Auckland, NZ",-36.850175,174.76999,3,,,3,,false,,,Dicots [paraphyletic],Magnoliopsida,dicots [paraphyletic],Plantae,47124
344793515,46036497-ee2a-4dfa-be60-5e28b572ca51,2026-03-24 12:51:35,2026-03-24,2026-03-23 23:51:35 UTC,Wellington,2026-03-23 23:51:59 UTC,2026-03-23 23:51:59 UTC,needs_id,"",0,0,false,"Te Araroa Trail, Auckland, Auckland, NZ",-36.8503664655,174.7700104807,20,,,20,,false,,,,Asphodeloideae,Aloes and allies,Plantae,465618
344793540,2c9bed1c-5d9b-4aab-9818-89edd594e3c6,2026-03-24 11:52:41,2026-03-24,2026-03-23 22:52:41 UTC,Wellington,2026-03-23 23:52:12 UTC,2026-04-19 14:05:19 UTC,research,"",2,0,false,"Auckland, NZ",-36.8497716667,174.7697616667,3,,,3,,false,,,Fruit salad plant,Monstera deliciosa,Fruit salad plant,Plantae,122521
344793543,85afd959-1561-4d7d-b4e1-230b411b2f2b,2026-03-24T12:00,2026-03-24,2026-03-23 23:00:00 UTC,Wellington,2026-03-23 23:52:13 UTC,2026-03-23 23:52:16 UTC,casual,"",0,0,true,"Princes St, Auckland, Auckland, NZ",-36.8507533333,174.7704916667,14,,,14,,false,,,,Euphorbia trigona,African Milk Weed,Plantae,322318
344793551,59f79273-c145-4ab9-a4a6-256e35f51dd3,2026-03-24 12:51:40+13:00,2026-03-24,2026-03-23 23:51:40 UTC,Wellington,2026-03-23 23:52:18 UTC,2026-03-23 23:53:53 UTC,casual,"",1,0,true,"University of Auckland - City Campus, 奥克兰, 奥克兰, NZ",-36.8503583333,174.770705,21,,,21,,false,,,菠萝,Ananas comosus,pineapple,Plantae,122965
344793559,3b6a93cb-72a8-40a9-ab3e-2734a9c84243,2026-03-24 11:56:25,2026-03-24,2026-03-23 22:56:25 UTC,Wellington,2026-03-23 23:52:21 UTC,2026-03-23 23:52:22 UTC,needs_id,"",0,0,false,"Te Araroa Trail, Auckland, Auckland, NZ",-36.8495333333,174.770355,14,,,14,open,false,,,,Juniperus rigida,temple juniper,Plantae,135879
344793612,930e9228-5b09-4fad-9c82-d2a4ec361560,2026-03-24 11:59:17,2026-03-24,2026-03-23 22:59:17 UTC,Wellington,2026-03-23 23:52:44 UTC,2026-03-23 23:52:45 UTC,needs_id,"",0,0,false,"Auckland, Auckland, NZ",-36.8495466667,174.7710116667,16,,,16,,false,,,,Magnoliopsida,dicots [paraphyletic],Plantae,47124
344793643,799964c2-9319-4fc5-b313-35a1b6e3760a,2026-03-24 12:29:55,2026-03-24,2026-03-23 23:29:55 UTC,Wellington,2026-03-23 23:53:02 UTC,2026-03-24 07:07:59 UTC,research,"",1,0,false,"Te Araroa Trail, Auckland, Auckland, NZ",-36.849655,174.7705533333,27,,,27,,false,,,Mikimiki,Coprosma crassifolia,Mikimiki,Plantae,401012
344793733,6eb438aa-66ac-442e-bcf3-713ba46249e5,2026-03-24 11:39:14,2026-03-24,2026-03-23 22:39:14 UTC,Wellington,2026-03-23 23:53:31 UTC,2026-03-23 23:53:32 UTC,needs_id,"",0,0,false,"Te Araroa Trail, Auckland, Auckland, NZ",-36.8494,174.7704466667,13,,,13,,false,,,,Fuchsia triphylla,honeysuckle fuchsia,Plantae,498028
344793754,3a7b9aff-61af-492f-8d21-bfc292a449d4,2026-03-24 12:48:41,2026-03-24,2026-03-23 23:48:41 UTC,Wellington,2026-03-23 23:53:40 UTC,2026-03-23 23:53:41 UTC,casual,"",0,0,true,"Auckland, Auckland, NZ",-36.8494833333,174.770875,14,,,14,open,false,,,,Stenocarpus sinuatus,Firewheel tree,Plantae,83360
344793943,a9230d24-1496-42d6-a882-522a4992ea84,2026-03-24T12:31,2026-03-24,2026-03-23 23:31:00 UTC,Wellington,2026-03-23 23:55:07 UTC,2026-03-23 23:55:16 UTC,needs_id,"",0,0,false,"Princes St, Auckland, Auckland, NZ",-36.85077,174.7704916667,14,,,14,open,false,,,,Aloe arborescens,Candelabra Aloe,Plantae,81518
344794534,defd2035-286f-44ae-9418-9040eb0f6f31,2026-03-24 12:02:57,2026-03-24,2026-03-23 23:02:57 UTC,Wellington,2026-03-23 23:58:18 UTC,2026-03-23 23:58:19 UTC,needs_id,"",0,0,false,"Te Araroa Trail, Auckland, Auckland, NZ",-36.8497768879,174.7702013691,26,,,26,,false,,,,Pleroma urvilleanum,Glory bush,Plantae,1263850
344794628,2741412f-af79-4038-9d78-795b45d711ae,2026-03-24 12:46:14,2026-03-24,2026-03-23 23:46:14 UTC,Wellington,2026-03-23 23:58:58 UTC,2026-04-19 14:05:18 UTC,research,"",2,0,false,"Princes St, Auckland, Auckland, NZ",-36.85017,174.7698533333,3,,,3,,false,,,Fruit salad plant,Monstera deliciosa,Fruit salad plant,Plantae,122521
344794671,d1dc760f-7c05-430d-8089-cd3b8261d827,2026-03-24 12:21:41,2026-03-24,2026-03-23 23:21:41 UTC,Wellington,2026-03-23 23:59:10 UTC,2026-03-23 23:59:11 UTC,casual,"",0,0,true,"Auckland, Auckland, NZ",-36.849575,174.7710716667,3,,,3,,false,,,,Camellia,Camellias,Plantae,83058
344794800,4e1e2b36-1ca1-424f-82b0-593f55c041a3,2026-03-24 12:23:33,2026-03-24,2026-03-23 23:23:33 UTC,Wellington,2026-03-23 23:59:48 UTC,2026-03-26 05:52:22 UTC,casual,"",1,0,true,"Te Araroa Trail, Auckland, Auckland, NZ",-36.8498168753,174.7701831513,16,,,16,,false,,,Ruby Leaf,Alternanthera brasiliana,Ruby Leaf,Plantae,158226
344794808,86b2869e-eb1a-4085-8634-719bab0bce93,2026-03-24 12:24:21,2026-03-24,2026-03-23 23:24:21 UTC,Wellington,2026-03-23 23:59:56 UTC,2026-03-23 23:59:57 UTC,casual,"",0,0,true,"Te Araroa Trail, Auckland, Auckland, NZ",-36.8497965331,174.7701693891,18,,,18,,false,,,,Stachys byzantina,woolly hedgenettle,Plantae,127480
344794825,4d8ed06f-15b9-4dd8-bfb8-45cf72ff3266,2026-03-24 12:24:32,2026-03-24,2026-03-23 23:24:32 UTC,Wellington,2026-03-24 00:00:04 UTC,2026-03-24 00:00:05 UTC,needs_id,"",0,0,false,"Te Araroa Trail, Auckland, Auckland, NZ",-36.849803606,174.7701773939,10,,,10,,false,,,,Asteroideae,,Plantae,632790
344794842,57e996fd-4328-4597-af1a-8e2d34c7a6c9,2026-03-24 12:24:43,2026-03-24,2026-03-23 23:24:43 UTC,Wellington,2026-03-24 00:00:11 UTC,2026-03-24 00:00:12 UTC,casual,"",0,0,true,"Te Araroa Trail, Auckland, Auckland, NZ",-36.8497988883,174.7701951859,18,,,18,,false,,,,Dianthus,carnations,Plantae,60001
344794862,47d1f55d-daf5-4728-b114-b5535d31e71c,2026-03-24 12:49:57,2026-03-24,2026-03-23 23:49:57 UTC,Wellington,2026-03-24 00:00:15 UTC,2026-03-24 00:00:16 UTC,casual,"",0,0,true,"Te Araroa Trail, Auckland, Auckland, NZ",-36.8496001745,174.7702689284,6,,,6,,false,,,,Stachys byzantina,woolly hedgenettle,Plantae,127480
344794881,02bc12cf-c0d1-4849-b29e-0cebc2ea0e5c,2026-03-24 12:25:12,2026-03-24,2026-03-23 23:25:12 UTC,Wellington,2026-03-24 00:00:19 UTC,2026-03-24 00:00:20 UTC,needs_id,"",0,0,false,"Te Araroa Trail, Auckland, Auckland, NZ",-36.8497963415,174.770170721,19,,,19,,false,,,,Chamaecyparis obtusa,Hinoki cypress,Plantae,133369
344794889,530fd544-5df1-4e1d-9750-1c74d3d52d52,2026-03-24 12:51:33,2026-03-24,2026-03-23 23:51:33 UTC,Wellington,2026-03-24 00:00:23 UTC,2026-03-24 00:00:23 UTC,needs_id,"",0,0,false,"Te Araroa Trail, Auckland, Auckland, NZ",-36.8503508577,174.7698891444,8,,,8,,false,,,,Aloe,Aloes,Plantae,71956
344795029,d5c418d6-cf7e-48a9-b2a1-0608c7490142,2026-03-24 11:39:22,2026-03-24,2026-03-23 22:39:22 UTC,Wellington,2026-03-24 00:01:11 UTC,2026-03-24 00:01:23 UTC,needs_id,"",0,0,false,"Te Araroa Trail, Auckland, Auckland, NZ",-36.8496661995,174.770683216,18,,,18,,false,,,,Plantae,Plants,Plantae,47126
344795108,46366442-a736-4f04-bde0-e89cffe25871,2026-03-24 11:38:57,2026-03-24,2026-03-23 22:38:57 UTC,Wellington,2026-03-24 00:01:40 UTC,2026-03-24 00:01:53 UTC,needs_id,"",0,0,false,"Te Araroa Trail, Auckland, Auckland, NZ",-36.8493446785,174.7705343384,50,,,50,,false,,,,Magnoliopsida,dicots [paraphyletic],Plantae,47124
344795147,8d99b46a-1561-4c3f-8c45-75ce2beda0f7,2026-03-24 12:23:16,2026-03-24,2026-03-23 23:23:16 UTC,Wellington,2026-03-24 00:01:54 UTC,2026-03-24 00:01:55 UTC,casual,"",0,0,true,"Te Araroa Trail, Auckland, Auckland, NZ",-36.8498413219,174.7701935238,19,,,19,,false,,,,Dichorisandra thyrsiflora,Blue ginger,Plantae,427503
344795438,83321aaa-07cb-4818-8d0c-67bd008f89b0,2026-03-24 11:38:08,2026-03-24,2026-03-23 22:38:08 UTC,Wellington,2026-03-24 00:03:25 UTC,2026-03-30 22:09:44 UTC,casual,"",2,0,true,"Te Araroa Trail, Auckland, Auckland, NZ",-36.8495909889,174.7706584804,21,,,21,,false,,,roses,Rosa,roses,Plantae,53438
344795579,af0fbe76-8b1a-4d66-95f5-d27cbfab0f6e,2026-03-24 11:58:51,2026-03-24,2026-03-23 22:58:51 UTC,Wellington,2026-03-24 00:04:31 UTC,2026-03-24 00:20:05 UTC,research,"",2,0,false,"Princes St, Auckland, Auckland, NZ",-36.849555,174.7699883333,3,,,3,,false,,,Japanese aralia,Fatsia japonica,Japanese aralia,Plantae,126735
344795606,db39095e-e4a7-4876-a4c1-50e6c511afed,2026-03-24 11:56:28,2026-03-24,2026-03-23 22:56:28 UTC,Wellington,2026-03-24 00:04:42 UTC,2026-03-24 00:04:42 UTC,needs_id,"",0,0,false,"Auckland, Auckland, NZ",-36.849645,174.76953,5,,,5,,false,,,,Jacobaea maritima,Dusty miller,Plantae,357682
344795634,3aef2e90-06c4-4514-ad23-b14ef85de3f4,2026-03-24 11:50:50,2026-03-24,2026-03-23 22:50:50 UTC,Wellington,2026-03-24 00:04:56 UTC,2026-03-24 00:19:17 UTC,research,"",1,0,false,"Princes St, Auckland, Auckland, NZ",-36.849625,174.7697133333,4,,,4,open,false,,,Paper mulberry,Broussonetia papyrifera,Paper mulberry,Plantae,128032
344795657,95e28e50-c502-4d21-bfcb-90bfdc9d3893,2026-03-24 11:51:26,2026-03-24,2026-03-23 22:51:26 UTC,Wellington,2026-03-24 00:05:08 UTC,2026-03-24 00:05:09 UTC,needs_id,"",0,0,false,"Princes St, Auckland, Auckland, NZ",-36.8497116667,174.7700666667,3,,,3,,false,,,,Odontonema,,Plantae,156695
344795717,43a32644-42a3-44a4-9c0e-b8ba6bf196e8,2026-03-24 12:00:12,2026-03-24,2026-03-23 23:00:12 UTC,Wellington,2026-03-24 00:05:30 UTC,2026-03-24 00:05:31 UTC,casual,"",0,0,true,"Te Araroa Trail, Auckland, Auckland, NZ",-36.8497116667,174.770125,6,,,6,,false,,,,Dichorisandra thyrsiflora,Blue ginger,Plantae,427503
344795740,964d5585-a3a9-4456-9976-e84d4509a7c9,2026-03-24 12:28:16,2026-03-24,2026-03-23 23:28:16 UTC,Wellington,2026-03-24 00:05:45 UTC,2026-03-24 00:05:46 UTC,needs_id,"",0,0,false,"Princes St, Auckland, Auckland, NZ",-36.849575,174.7695783333,14,,,14,,false,,,,Brugmansia,angel's trumpets,Plantae,62900
344796704,f31f5044-264b-4dc6-9290-fc7870118c6e,2026-03-24 11:41:11,2026-03-24,2026-03-23 22:41:11 UTC,Wellington,2026-03-24 00:10:19 UTC,2026-03-24 00:10:20 UTC,needs_id,"",0,0,false,"Te Araroa Trail, Auckland, Auckland, NZ",-36.849843655,174.7700718484,10,,,10,open,false,,,,Camellia sasanqua,sasanqua camellia,Plantae,126549
344797129,f86dffd8-25ac-4a47-9705-a0cf9d2b6297,2026-03-24 12:07:50,2026-03-24,2026-03-23 23:07:50 UTC,Wellington,2026-03-24 00:12:46 UTC,2026-03-24 00:12:51 UTC,needs_id,"",0,0,false,"Te Araroa Trail, Auckland, Auckland, NZ",-36.8494988433,174.7705498002,18,,,18,,false,,,,Salvia leucantha,Mexican Bush Sage,Plantae,120488
344797481,7372c661-22bd-410f-8bb5-e67fab9bd239,2026-03-24 11:57:09,2026-03-24,2026-03-23 22:57:09 UTC,Wellington,2026-03-24 00:14:55 UTC,2026-03-24 00:15:01 UTC,casual,"",0,0,true,"Te Araroa Trail, Auckland, Auckland, NZ",-36.8493118216,174.7707444562,14,,,14,,false,,,,Dahlia pinnata,Garden Dahlia,Plantae,161582
344797652,46ce4b85-5f72-4388-b907-b0e36374be02,2026-03-24 12:02:50,2026-03-24,2026-03-23 23:02:50 UTC,Wellington,2026-03-24 00:16:08 UTC,2026-03-24 00:16:20 UTC,needs_id,"",0,0,false,"Princes St, Auckland, Auckland, NZ",-36.849655,174.7700666667,4,,,4,,false,,,,Odontonema,,Plantae,156695
344797717,68918481-35cc-4f62-abf0-69a7fd4eda63,2026-03-24 12:38:14,2026-03-24,2026-03-23 23:38:14 UTC,Wellington,2026-03-24 00:16:28 UTC,2026-03-24 00:16:45 UTC,needs_id,"",0,0,false,"Princes St, Auckland, Auckland, NZ",-36.84933,174.77008,3,,,3,open,false,,,,Cordyline rubra,,Plantae,425878
344798759,68bd5caa-4ab3-4d7d-9fc0-66b72744992f,2026-03-24 11:37:17,2026-03-24,2026-03-23 22:37:17 UTC,Wellington,2026-03-24 00:22:41 UTC,2026-03-24 04:53:19 UTC,research,"",2,0,false,"Te Araroa Trail, Auckland, Auckland, NZ",-36.8498362573,174.7701075912,6,,,6,,false,,,Rosemary,Salvia rosmarinus,Rosemary,Plantae,636795
344798942,57ae0297-28ed-40b1-9653-9b0831a67c41,2026-03-24 11:38:02,2026-03-24,2026-03-23 22:38:02 UTC,Wellington,2026-03-24 00:23:38 UTC,2026-03-24 00:23:39 UTC,needs_id,"",0,0,false,"Te Araroa Trail, Auckland, Auckland, NZ",-36.8497939069,174.770268942,12,,,12,,false,,,,Pleroma urvilleanum,Glory bush,Plantae,1263850
344799201,85cc58ec-db8b-4fbb-a8ca-d7ef38f22474,2026-03-24 11:38:41,2026-03-24,2026-03-23 22:38:41 UTC,Wellington,2026-03-24 00:25:12 UTC,2026-03-24 00:25:14 UTC,needs_id,"",0,0,false,"Te Araroa Trail, Auckland, Auckland, NZ",-36.8496035113,174.7705622465,5,,,5,,false,,,,Chamaecyparis,False Cypress,Plantae,69757
344799275,937f5b52-9130-44ed-bc1a-764483595e03,2026-03-24 11:39:46,2026-03-24,2026-03-23 22:39:46 UTC,Wellington,2026-03-24 00:25:57 UTC,2026-03-24 19:43:09 UTC,research,"",1,0,false,"Princes St, Auckland, Auckland, NZ",-36.8494057418,174.7701823912,13,,,13,,false,,,Fishbone Fern,Nephrolepis cordifolia,ladder fern,Plantae,48233
344799554,eedbd0f3-3944-4904-b43c-98ddeebd299e,2026-03-24 12:01:24,2026-03-24,2026-03-23 23:01:24 UTC,Wellington,2026-03-24 00:27:43 UTC,2026-03-24 00:27:44 UTC,needs_id,"",0,0,false,"Auckland, Auckland, NZ",-36.8494053923,174.7711912463,13,,,13,,false,,,,Salvia,Sages,Plantae,50644
344799938,20b3b536-e22d-4d1b-bc78-e1da33ceb25d,2026-03-24 12:40:02,2026-03-24,2026-03-23 23:40:02 UTC,Wellington,2026-03-24 00:29:35 UTC,2026-03-24 00:29:37 UTC,needs_id,"",0,0,false,"Princes St, Auckland, Auckland, NZ",-36.8495205574,174.7700336568,3,,,3,,false,,,,Pleroma urvilleanum,Glory bush,Plantae,1263850
344799951,54b987da-abca-472a-bc99-893be10b0080,2026-03-24 12:08:24,2026-03-24,2026-03-23 23:08:24 UTC,Wellington,2026-03-24 00:29:36 UTC,2026-03-24 00:32:56 UTC,research,"",1,0,false,"Te Araroa Trail, Auckland, Auckland, NZ",-36.84975,174.770095,14,,,14,,false,,,Hydrocotyle moschata,Hydrocotyle moschata,Hairy Pennywort,Plantae,163873
344799988,2b97266e-cb7a-4532-9800-ca2b0aac711c,2026-03-24 12:03:36,2026-03-24,2026-03-23 23:03:36 UTC,Wellington,2026-03-24 00:29:43 UTC,2026-03-24 00:29:44 UTC,needs_id,"",0,0,false,"Auckland, Auckland, NZ",-36.8492283333,174.770875,3,,,3,,false,,,,Coprosma,Coprosma,Plantae,70254
344800028,83e68956-3b4c-4dcf-9f15-fe7203bd6dea,2026-03-24 11:36:33,2026-03-24,2026-03-23 22:36:33 UTC,Wellington,2026-03-24 00:29:49 UTC,2026-03-24 00:29:50 UTC,casual,"",0,0,true,"Te Araroa Trail, Auckland, Auckland, NZ",-36.8498333333,174.7700666667,13,,,13,,false,,,,Zephyranthes candida,White rain-lily,Plantae,170415
344800040,f8919de9-f2a0-44ef-b367-da62f759b55f,2026-03-24 11:35:41,2026-03-24,2026-03-23 22:35:41 UTC,Wellington,2026-03-24 00:29:55 UTC,2026-03-24 04:52:42 UTC,research,"",1,0,false,"Te Araroa Trail, Auckland, Auckland, NZ",-36.850055,174.7702333333,7,,,7,,false,,,mophead hydrangea,Hydrangea macrophylla,mophead hydrangea,Plantae,122034
344800069,487f0bca-4a4c-4e15-b650-0a8af39b827a,2026-03-24 11:36:22,2026-03-24,2026-03-23 22:36:22 UTC,Wellington,2026-03-24 00:30:01 UTC,2026-03-24 04:52:38 UTC,research,"",1,0,false,"Te Araroa Trail, Auckland, Auckland, NZ",-36.8498583333,174.770095,12,,,12,,false,,,Rosemary,Salvia rosmarinus,Rosemary,Plantae,636795
344800086,548a1334-3a35-49a5-babb-a7bf768a2976,2026-03-24 11:37:09,2026-03-24,2026-03-23 22:37:09 UTC,Wellington,2026-03-24 00:30:08 UTC,2026-03-24 00:30:09 UTC,casual,"",0,0,true,"Princes St, Auckland, Auckland, NZ",-36.849705,174.770095,9,,,9,,false,,,,Dichorisandra thyrsiflora,Blue ginger,Plantae,427503
344800094,8ea34d24-c2a9-4f4d-9468-e15e94676561,2026-03-24 12:04:24,2026-03-24,2026-03-23 23:04:24 UTC,Wellington,2026-03-24 00:30:10 UTC,2026-03-24 00:30:11 UTC,needs_id,"",0,0,false,"Auckland, Auckland, NZ",-36.8493916667,174.7711633333,12,,,12,,false,,,,Magnoliopsida,dicots [paraphyletic],Plantae,47124
344800101,b0893aee-6da7-484f-9d9f-e7a08c2206ec,2026-03-24 12:06:49,2026-03-24,2026-03-23 23:06:49 UTC,Wellington,2026-03-24 00:30:14 UTC,2026-03-24 00:30:15 UTC,needs_id,"",0,0,false,"Te Araroa Trail, Auckland, Auckland, NZ",-36.849695,174.7705383333,14,,,14,,false,,,,Tecomeae,,Plantae,604091
344800116,f0007cd1-5222-4df8-9327-2d4d6cf19006,2026-03-24 12:08:34,2026-03-24,2026-03-23 23:08:34 UTC,Wellington,2026-03-24 00:30:20 UTC,2026-03-24 00:30:21 UTC,needs_id,"",0,0,false,"Princes St, Auckland, Auckland, NZ",-36.8496783333,174.7700366667,3,,,3,,false,,,,Brachyglottis,,Plantae,184566
344800127,e744e9d6-fdbd-4611-9f63-e3c856cb082d,2026-03-24 13:29:12,2026-03-24,2026-03-24 00:29:12 UTC,Wellington,2026-03-24 00:30:25 UTC,2026-03-24 00:30:26 UTC,casual,"",0,0,true,"Princes St, Auckland, Auckland, NZ",-36.8506707926,174.7699038977,38,,,38,,false,,,,Angiospermae,Flowering Plants,Plantae,47125
344800133,53c4ae22-5ee2-4870-8607-a3deec22c962,2026-03-24 12:06:43,2026-03-24,2026-03-23 23:06:43 UTC,Wellington,2026-03-24 00:30:26 UTC,2026-03-24 00:30:27 UTC,needs_id,"",0,0,false,"Te Araroa Trail, Auckland, Auckland, NZ",-36.84968,174.7705083333,6,,,6,,false,,,,Tecomeae,,Plantae,604091
344800181,40e10f14-ad37-4311-9429-78754480c195,2026-03-24 11:35:59,2026-03-24,2026-03-23 22:35:59 UTC,Wellington,2026-03-24 00:30:40 UTC,2026-03-24 00:30:40 UTC,needs_id,"",0,0,false,"Te Araroa Trail, Auckland, Auckland, NZ",-36.8499666667,174.770155,7,,,7,,false,,,,Miscanthus sinensis,Zebra grass,Plantae,165474
344800194,1aab9a21-c5e3-4cc5-98e9-dff38c7673bd,2026-03-24 11:31:49,2026-03-24,2026-03-23 22:31:49 UTC,Wellington,2026-03-24 00:30:45 UTC,2026-03-24 00:30:46 UTC,needs_id,"",0,0,false,"Alfred St, Auckland, Auckland, NZ",-36.8509533333,174.7697,21,,,21,,false,,,,Salviinae,Melissas and sages,Plantae,919182
344800206,8000e01b-52f8-401c-96ee-97c220eca09e,2026-03-24 11:36:53,2026-03-24,2026-03-23 22:36:53 UTC,Wellington,2026-03-24 00:30:51 UTC,2026-03-24 00:30:52 UTC,needs_id,"",0,0,false,"Te Araroa Trail, Auckland, Auckland, NZ",-36.8497383333,174.770155,13,,,13,,false,,,,Salvia leucantha,Mexican Bush Sage,Plantae,120488
344800226,b8f50746-57b8-4b27-b214-c632ba18fea9,2026-03-24 11:37:20,2026-03-24,2026-03-23 22:37:20 UTC,Wellington,2026-03-24 00:30:57 UTC,2026-03-24 00:30:58 UTC,needs_id,"",0,0,false,"Princes St, Auckland, Auckland, NZ",-36.84972,174.770095,8,,,8,,false,,,,Fuchsia triphylla,honeysuckle fuchsia,Plantae,498028
344800255,f1dee15b-1937-4563-b247-715b1d089164,2026-03-24 11:34:08,2026-03-24,2026-03-23 22:34:08 UTC,Wellington,2026-03-24 00:31:03 UTC,2026-03-24 04:52:19 UTC,research,"",1,0,false,"Te Araroa Trail, Auckland, Auckland, NZ",-36.8506783333,174.7700666667,14,,,14,,false,,,Leather-leaf fern,Pyrrosia eleagnifolia,Leather-leaf fern,Plantae,210959
344800273,b54b477f-1b50-4aa4-9905-00ebf02de389,2026-03-24 11:31:57,2026-03-24,2026-03-23 22:31:57 UTC,Wellington,2026-03-24 00:31:09 UTC,2026-03-24 00:31:10 UTC,needs_id,"",0,0,false,"Alfred St, Auckland, Auckland, NZ",-36.8509533333,174.7697,14,,,14,,false,,,,Poaceae,Grasses,Plantae,47434
344800285,432be3e8-5272-4799-8ea5-a7a41e5baaa4,2026-03-24 11:39:48,2026-03-24,2026-03-23 22:39:48 UTC,Wellington,2026-03-24 00:31:15 UTC,2026-03-24 01:34:58 UTC,research,"",1,0,false,"Princes St, Auckland, Auckland, NZ",-36.84937,174.770155,14,,,14,,false,,,Heavenly bamboo,Nandina domestica,Heavenly bamboo,Plantae,127010
344800304,3449e924-6ccc-4eac-92a7-1d110ed215b4,2026-03-24 11:40:44,2026-03-24,2026-03-23 22:40:44 UTC,Wellington,2026-03-24 00:31:22 UTC,2026-03-24 00:31:22 UTC,casual,"",0,0,true,"Princes St, Auckland, Auckland, NZ",-36.8495716667,174.769975,8,,,8,,false,,,,Camellia,Camellias,Plantae,83058
344800325,ca6975f1-0e05-47d8-8788-42e0f8f27b97,2026-03-24 11:39:59,2026-03-24,2026-03-23 22:39:59 UTC,Wellington,2026-03-24 00:31:28 UTC,2026-03-24 00:31:29 UTC,needs_id,"",0,0,false,"Princes St, Auckland, Auckland, NZ",-36.8495166667,174.7701416667,4,,,4,,false,,,,Salvia guaranitica,Anise-scented sage,Plantae,346173
344800359,0c433037-de3d-4a29-b48b-993d76fc590f,2026-03-24 11:47:41,2026-03-24,2026-03-23 22:47:41 UTC,Wellington,2026-03-24 00:31:34 UTC,2026-03-24 00:31:35 UTC,needs_id,"",0,0,false,"Princes St, Auckland, Auckland, NZ",-36.8495366667,174.7699583333,4,,,4,,false,,,,Toxicodendron,poison ivies and oaks,Plantae,51079
344800392,2c90c6ac-c322-4610-a1ad-bbb62fa7c69d,2026-03-24 12:01:33,2026-03-24,2026-03-23 23:01:33 UTC,Wellington,2026-03-24 00:31:40 UTC,2026-03-24 00:31:41 UTC,needs_id,"",0,0,false,"Auckland, Auckland, NZ",-36.849505,174.7711033333,4,,,4,open,false,,,,Camellia sasanqua,sasanqua camellia,Plantae,126549
344800565,e7bfe227-415f-4be2-b04d-d73f8bba14af,2026-03-24 13:32:16,2026-03-24,2026-03-24 00:32:16 UTC,Wellington,2026-03-24 00:32:41 UTC,2026-03-25 00:16:43 UTC,research,"",1,0,false,"Princes St, Auckland, Auckland, NZ",-36.8501624775,174.7699721679,17,,,17,open,false,,,pomegranate,Punica granatum,pomegranate,Plantae,58300
344800694,bcbb742f-234d-4ac6-978f-aa20aaed2215,2026-03-24 13:31:04,2026-03-24,2026-03-24 00:31:04 UTC,Wellington,2026-03-24 00:33:35 UTC,2026-03-24 00:33:35 UTC,needs_id,"",0,0,false,"Te Araroa Trail, Auckland, Auckland, NZ",-36.8502543694,174.7700995566,2,,,2,,false,,,,Asphodelaceae,Aloe family,Plantae,71400
344800882,dce78382-e6b0-48ee-b118-7b3f37ec29fa,2026-03-24 13:34:14,2026-03-24,2026-03-24 00:34:14 UTC,Wellington,2026-03-24 00:34:33 UTC,2026-03-24 00:34:34 UTC,needs_id,"",0,0,false,"Princes St, Auckland, Auckland, NZ",-36.8506908177,174.7693922866,18,,,18,,false,,,,Jacobaea maritima,Dusty miller,Plantae,357682
344801032,6faf1d69-d66b-418a-8a00-34ca0c25d5bc,2026-03-24 13:31:53,2026-03-24,2026-03-24 00:31:53 UTC,Wellington,2026-03-24 00:35:04 UTC,2026-03-25 00:16:39 UTC,research,"",1,0,false,"Te Araroa Trail, Auckland, Auckland, NZ",-36.8503529016,174.7700731835,28,,,28,open,false,,,pomegranate,Punica granatum,pomegranate,Plantae,58300
344801070,a2e11bc2-3730-4217-b5d0-0a0bc39496ba,2026-03-24 13:32:17,2026-03-24,2026-03-24 00:32:17 UTC,Wellington,2026-03-24 00:35:12 UTC,2026-03-24 00:35:13 UTC,needs_id,"",0,0,false,"Te Araroa Trail, Auckland, Auckland, NZ",-36.8501908464,174.7701758194,4,,,4,,false,,,,Magnoliopsida,dicots [paraphyletic],Plantae,47124
344801109,82cd122d-01ac-405f-abd8-23a4d7865d5f,2026-03-24 13:32:31,2026-03-24,2026-03-24 00:32:31 UTC,Wellington,2026-03-24 00:35:21 UTC,2026-03-24 00:35:21 UTC,casual,"",0,0,true,"Princes St, Auckland, Auckland, NZ",-36.850040801,174.7701448622,17,,,17,,false,,,,Hydrangea,hydrangeas,Plantae,83157
344801144,e60ebaf9-8619-48c2-be32-ebabb1cc4a44,2026-03-24 13:32:54,2026-03-24,2026-03-24 00:32:54 UTC,Wellington,2026-03-24 00:35:33 UTC,2026-03-24 00:35:34 UTC,needs_id,"",0,0,false,"Te Araroa Trail, Auckland, Auckland, NZ",-36.8499342111,174.7701370802,14,,,14,,false,,,,Miscanthus sinensis,Zebra grass,Plantae,165474
344801191,e11edba5-bf87-4375-b8c3-2e2d9bcd5a7e,2026-03-24 13:35:34,2026-03-24,2026-03-24 00:35:34 UTC,Wellington,2026-03-24 00:35:54 UTC,2026-03-24 00:35:55 UTC,needs_id,"",0,0,false,"Princes St, Auckland, Auckland, NZ",-36.8502037424,174.7690810772,12,,,12,,false,,,,Magnoliopsida,dicots [paraphyletic],Plantae,47124
344801362,619d0e59-c4f0-4fe3-8e30-8b5f44badff6,2026-03-24 11:49:03,2026-03-24,2026-03-23 22:49:03 UTC,Wellington,2026-03-24 00:37:16 UTC,2026-03-24 00:37:17 UTC,casual,"",0,0,true,"Princes St, Auckland, Auckland, NZ",-36.8494033333,174.770125,5,,,5,,false,,,,Camellia,Camellias,Plantae,83058
344802187,8bdaf6ec-af8e-4d34-9d87-cc3e01fbd3ec,2026-03-24 12:31:15,2026-03-24,2026-03-23 23:31:15 UTC,Wellington,2026-03-24 00:42:15 UTC,2026-03-24 00:42:16 UTC,casual,"",0,0,true,"Te Araroa Trail, Auckland, Auckland, NZ",-36.8492600148,174.7706596867,5,,,5,,false,,,,Dahlia pinnata,Garden Dahlia,Plantae,161582
344802243,1077aaa0-d3e2-405f-8252-3bcf80f16c81,2026-03-24 11:35:21,2026-03-24,2026-03-23 22:35:21 UTC,Wellington,2026-03-24 00:42:34 UTC,2026-03-24 00:42:35 UTC,needs_id,"",0,0,false,"Te Araroa Trail, Auckland, Auckland, NZ",-36.8497964357,174.7707493042,8,,,8,,false,,,,Cenchrinae,,Plantae,1138117
344802263,c1c7cbe1-b655-4c48-ae25-b27e2ec3415d,2026-03-24 11:35:47,2026-03-24,2026-03-23 22:35:47 UTC,Wellington,2026-03-24 00:42:42 UTC,2026-03-26 19:07:31 UTC,casual,"",1,0,true,"Te Araroa Trail, Auckland, Auckland, NZ",-36.8498448836,174.7707562987,11,,,11,,false,,,Norfolk Island Pine,Araucaria heterophylla,Norfolk Island Pine,Plantae,127890
344802283,a5dee625-dbdc-4fef-9f27-5c1d6f8a151b,2026-03-24 11:36:02,2026-03-24,2026-03-23 22:36:02 UTC,Wellington,2026-03-24 00:42:49 UTC,2026-03-24 00:42:50 UTC,needs_id,"",0,0,false,"Te Araroa Trail, Auckland, Auckland, NZ",-36.8498456415,174.7707563091,11,,,11,,false,,,,Magnoliopsida,dicots [paraphyletic],Plantae,47124
344802296,12ed7447-5e97-4450-ba2b-a816654d64a2,2026-03-24 11:36:23,2026-03-24,2026-03-23 22:36:23 UTC,Wellington,2026-03-24 00:42:57 UTC,2026-03-24 00:42:58 UTC,needs_id,"",0,0,false,"Te Araroa Trail, Auckland, Auckland, NZ",-36.8497366832,174.7708043059,22,,,22,,false,,,,Tracheophyta,Vascular Plants,Plantae,211194
344802378,7ab4233c-e16c-4a19-80a7-05c5eb38bcb3,2026-03-24 11:41:16,2026-03-24,2026-03-23 22:41:16 UTC,Wellington,2026-03-24 00:43:20 UTC,2026-03-24 00:43:20 UTC,needs_id,"",0,0,false,"Auckland, NZ",-36.8497246054,174.7706935847,19,,,19,,false,,,,Magnoliopsida,dicots [paraphyletic],Plantae,47124
344802398,ba7c7c87-60a3-4a01-9751-f572c01049bc,2026-03-24 11:43:16,2026-03-24,2026-03-23 22:43:16 UTC,Wellington,2026-03-24 00:43:26 UTC,2026-03-24 00:43:27 UTC,needs_id,"",0,0,false,"Auckland, NZ",-36.8491941182,174.7701552405,16,,,16,,false,,,,Magnoliopsida,dicots [paraphyletic],Plantae,47124
344802418,139390eb-74f6-4c98-aab2-b6a167ea0aa0,2026-03-24 11:46:37,2026-03-24,2026-03-23 22:46:37 UTC,Wellington,2026-03-24 00:43:32 UTC,2026-03-24 00:43:33 UTC,needs_id,"",0,0,false,"Auckland, Auckland, NZ",-36.8496288132,174.7695389844,27,,,27,,false,,,,Panicoideae,"Panicums, Bluestems, Paspalums, and Allies",Plantae,326013
344802439,551b8e71-be90-45ac-bc38-6a49260c237f,2026-03-24 11:47:13,2026-03-24,2026-03-23 22:47:13 UTC,Wellington,2026-03-24 00:43:38 UTC,2026-03-24 00:43:39 UTC,needs_id,"",0,0,false,"Auckland, Auckland, NZ",-36.8495964423,174.7694641834,33,,,33,,false,,,,Stenotaphrum,,Plantae,72375
344802516,2b76b5f9-0a23-438a-90f6-6c6f89aa72a6,2026-03-24 12:03:10,2026-03-24,2026-03-23 23:03:10 UTC,Wellington,2026-03-24 00:44:03 UTC,2026-04-05 13:36:17 UTC,research,"",3,0,false,"Te Araroa Trail, Auckland, Auckland, NZ",-36.8497765757,174.7700934331,20,,,20,,false,,,Hairy Pennywort,Hydrocotyle moschata,Hairy Pennywort,Plantae,163873
344802551,397d74e9-5ead-43ba-a77e-cfea258b61f2,2026-03-24 12:03:22,2026-03-24,2026-03-23 23:03:22 UTC,Wellington,2026-03-24 00:44:10 UTC,2026-03-24 00:44:11 UTC,needs_id,"",0,0,false,"Te Araroa Trail, Auckland, Auckland, NZ",-36.8497969571,174.7701605633,31,,,31,,false,,,,Asparagales,"Agaves, Orchids, Irises, and Allies",Plantae,47218
344802576,70159afb-9f91-4e77-80e3-1bace66faee5,2026-03-24 12:03:32,2026-03-24,2026-03-23 23:03:32 UTC,Wellington,2026-03-24 00:44:17 UTC,2026-03-24 00:44:18 UTC,needs_id,"",0,0,false,"Te Araroa Trail, Auckland, Auckland, NZ",-36.8498425636,174.7701576716,21,,,21,,false,,,,Fuchsia triphylla,honeysuckle fuchsia,Plantae,498028
344802612,90d74fdb-d5d1-4664-bd56-ea79242b0431,2026-03-24 12:03:43,2026-03-24,2026-03-23 23:03:43 UTC,Wellington,2026-03-24 00:44:23 UTC,2026-03-24 00:44:24 UTC,casual,"",0,0,true,"Te Araroa Trail, Auckland, Auckland, NZ",-36.8498182735,174.7701480094,15,,,15,,false,,,,Dichorisandra thyrsiflora,Blue ginger,Plantae,427503
344802626,9c2f1ccb-92c9-47da-ab22-7d06bf4515cb,2026-03-24 12:03:58,2026-03-24,2026-03-23 23:03:58 UTC,Wellington,2026-03-24 00:44:29 UTC,2026-03-24 00:44:30 UTC,needs_id,"",0,0,false,"Te Araroa Trail, Auckland, Auckland, NZ",-36.8497958309,174.7701549593,11,,,11,,false,,,,Iridaceae,iris family,Plantae,47781
344802644,d1c098e6-8082-4ea9-9046-f1f717cbd35a,2026-03-24 12:04:33,2026-03-24,2026-03-23 23:04:33 UTC,Wellington,2026-03-24 00:44:35 UTC,2026-03-24 00:44:36 UTC,needs_id,"",0,0,false,"Te Araroa Trail, Auckland, Auckland, NZ",-36.8497353889,174.7701963733,19,,,19,,false,,,,Salvia guaranitica,Anise-scented sage,Plantae,346173
344802665,a4932995-5559-426e-95b6-7b3562f7b641,2026-03-24 12:37:25,2026-03-24,2026-03-23 23:37:25 UTC,Wellington,2026-03-24 00:44:40 UTC,2026-03-24 00:44:41 UTC,casual,"",0,0,true,"Te Araroa Trail, Auckland, Auckland, NZ",-36.8494581209,174.770364409,3,,,3,,false,,,,Cyatheaceae,scaly tree ferns,Plantae,64675
344802667,283a4396-e7f6-4f5f-9a2f-cbbd7a3263ac,2026-03-24 12:04:44,2026-03-24,2026-03-23 23:04:44 UTC,Wellington,2026-03-24 00:44:41 UTC,2026-03-24 00:44:42 UTC,needs_id,"",0,0,false,"Te Araroa Trail, Auckland, Auckland, NZ",-36.8497802953,174.7702339936,22,,,22,,false,,,,Eriocapitella,Fall-blooming anemones,Plantae,883677
344802686,03118e74-fe44-412b-8a9c-eccf85d773c3,2026-03-24 12:04:55,2026-03-24,2026-03-23 23:04:55 UTC,Wellington,2026-03-24 00:44:47 UTC,2026-03-24 00:44:48 UTC,needs_id,"",0,0,false,"Te Araroa Trail, Auckland, Auckland, NZ",-36.8497841133,174.7702184463,18,,,18,,false,,,,Eriocapitella,Fall-blooming anemones,Plantae,883677
344802696,513802fc-f9ca-4c32-94d4-acf9afcdf19b,2026-03-24 12:05:07,2026-03-24,2026-03-23 23:05:07 UTC,Wellington,2026-03-24 00:44:52 UTC,2026-03-24 05:30:56 UTC,research,"",1,0,false,"Te Araroa Trail, Auckland, Auckland, NZ",-36.849787256,174.7702053387,18,,,18,,false,,,Glory bush,Pleroma urvilleanum,Glory bush,Plantae,1263850
344802747,a1bfdf93-e495-44a9-9b35-784d8eadb83d,2026-03-24 12:07:02,2026-03-24,2026-03-23 23:07:02 UTC,Wellington,2026-03-24 00:45:06 UTC,2026-03-24 00:45:07 UTC,casual,"",0,0,true,"Auckland, Auckland, NZ",-36.8492601522,174.7710070622,9,,,9,,false,,,,Camellia,Camellias,Plantae,83058
344802786,73e66114-fbe5-4fb4-b8ba-9eb64ab60e3e,2026-03-24 12:51:11,2026-03-24,2026-03-23 23:51:11 UTC,Wellington,2026-03-24 00:45:14 UTC,2026-03-25 19:02:54 UTC,research,"",2,0,false,"Princes St, Auckland, Auckland, NZ",-36.8507088069,174.7695325782,21,,,21,open,false,,,rimu,Dacrydium cupressinum,rimu,Plantae,52382
344802801,c95d0a6c-3860-4814-aeb7-aca94747c33b,2026-03-24 12:15:46,2026-03-24,2026-03-23 23:15:46 UTC,Wellington,2026-03-24 00:45:17 UTC,2026-03-24 00:45:18 UTC,needs_id,"",0,0,false,"Te Araroa Trail, Auckland, Auckland, NZ",-36.8488376918,174.7705512711,28,,,28,,false,,,,Indigofera decora,Chinese Indigo,Plantae,402784
344802836,746bf397-539b-4379-95a6-24ace3b8f176,2026-03-24 12:15:57,2026-03-24,2026-03-23 23:15:57 UTC,Wellington,2026-03-24 00:45:24 UTC,2026-03-24 04:51:17 UTC,research,"",1,0,false,"Auckland, Auckland, NZ",-36.8488487326,174.7705691274,32,,,32,,false,,,New Zealand flax,Phormium tenax,Harakeke,Plantae,51754
344802931,ac05efdb-ba7c-428f-bad5-fefe3df2d740,2026-03-24 13:44:27,2026-03-24,2026-03-24 00:44:27 UTC,Wellington,2026-03-24 00:45:41 UTC,2026-03-24 00:45:42 UTC,needs_id,"",0,0,false,"Te Araroa Trail, Auckland, Auckland, NZ",-36.8493310249,174.7704487766,3,,,3,,false,,,,Fuchsia triphylla,honeysuckle fuchsia,Plantae,498028
344802948,2e19bfd1-d862-4dcf-a401-d7860e988aed,2026-03-24 12:17:47,2026-03-24,2026-03-23 23:17:47 UTC,Wellington,2026-03-24 00:45:43 UTC,2026-03-24 02:22:11 UTC,needs_id,"",1,0,false,"Te Araroa Trail, Auckland, Auckland, NZ",-36.84937213,174.7707828947,16,,,16,,false,,,True-eye Daisies,Euryops,True-eye Daisies,Plantae,84986
344802984,1da72d0e-1788-4c4d-bae1-8e328bb974b9,2026-03-24 12:19:21,2026-03-24,2026-03-23 23:19:21 UTC,Wellington,2026-03-24 00:45:49 UTC,2026-03-24 00:45:50 UTC,needs_id,"",0,0,false,"Auckland, Auckland, NZ",-36.8491740708,174.7708555985,5,,,5,,false,,,,Magnoliopsida,dicots [paraphyletic],Plantae,47124
344803010,0f718734-c72a-4875-af75-8128ebc48ba6,2026-03-24 12:20:13,2026-03-24,2026-03-23 23:20:13 UTC,Wellington,2026-03-24 00:45:55 UTC,2026-03-24 04:51:04 UTC,research,"",1,0,false,"Auckland, Auckland, NZ",-36.8492763185,174.7711614235,46,,,46,,false,,,Karamū,Coprosma robusta,Karamū,Plantae,366661
344803023,2dab2868-df09-478f-a2ed-ee42aa975a72,2026-03-24 13:33:16,2026-03-24,2026-03-24 00:33:16 UTC,Wellington,2026-03-24 00:45:57 UTC,2026-03-24 00:45:57 UTC,needs_id,"",0,0,false,"Te Araroa Trail, Auckland, Auckland, NZ",-36.8499518818,174.7700813287,6,,,6,,false,,,,Magnoliopsida,dicots [paraphyletic],Plantae,47124
344803065,c6b04149-395d-4bfe-b4ca-4ffae17b62d0,2026-03-24 13:34:16,2026-03-24,2026-03-24 00:34:16 UTC,Wellington,2026-03-24 00:46:04 UTC,2026-04-19 14:05:17 UTC,research,"",2,0,false,"Princes St, Auckland, Auckland, NZ",-36.8500150059,174.7700957675,19,,,19,,false,,,Swiss Cheese Plant,Monstera deliciosa,Fruit salad plant,Plantae,122521
344803090,24a08ef5-42b2-4590-a913-0fddb3ce4601,2026-03-24 12:20:51,2026-03-24,2026-03-23 23:20:51 UTC,Wellington,2026-03-24 00:46:07 UTC,2026-03-25 19:02:49 UTC,research,"",2,0,false,"Auckland, Auckland, NZ",-36.8491212204,174.7709257952,4,,,4,open,false,,,Tōtara,Podocarpus totara,Tōtara,Plantae,85275
344803119,9df2dfc9-6808-47f5-b9be-b26967e53a01,2026-03-24 13:35:01,2026-03-24,2026-03-24 00:35:01 UTC,Wellington,2026-03-24 00:46:13 UTC,2026-03-24 01:03:01 UTC,casual,"",0,0,true,"Te Araroa Trail, Auckland, Auckland, NZ",-36.8498089138,174.7700913076,23,,,23,,false,,,,Camellia,Camellias,Plantae,83058
344803126,d398bcb3-850c-46b3-b73d-dc054c3575d4,2026-03-24 12:21:21,2026-03-24,2026-03-23 23:21:21 UTC,Wellington,2026-03-24 00:46:14 UTC,2026-03-24 02:21:32 UTC,research,"",1,0,false,"Auckland, Auckland, NZ",-36.8491149993,174.770887721,9,,,9,,false,,,Chusan Palm,Trachycarpus fortunei,Chusan Palm,Plantae,64323
344803172,28b1999f-1c48-45f2-bd73-72cdac1bbab9,2026-03-24 12:38:43,2026-03-24,2026-03-23 23:38:43 UTC,Wellington,2026-03-24 00:46:20 UTC,2026-03-24 05:30:23 UTC,needs_id,"",1,0,false,"Te Araroa Trail, Auckland, Auckland, NZ",-36.8515022401,174.7697158857,197,,,197,,false,,,southern incense-cedars,Libocedrus,southern incense-cedars,Plantae,129795
344803179,2936e373-d45f-48c2-8fa8-a49eeedef967,2026-03-24 12:21:35,2026-03-24,2026-03-23 23:21:35 UTC,Wellington,2026-03-24 00:46:21 UTC,2026-03-24 00:46:22 UTC,casual,"",0,0,true,"Auckland, Auckland, NZ",-36.8490920006,174.7709054671,11,,,11,,false,,,,Pieris,,Plantae,49706
344803210,d24f0f9e-22f0-41c3-81aa-3413ead68d08,2026-03-24 12:21:43,2026-03-24,2026-03-23 23:21:43 UTC,Wellington,2026-03-24 00:46:27 UTC,2026-03-24 00:46:28 UTC,casual,"",0,0,true,"Auckland, Auckland, NZ",-36.8491262854,174.7709163397,12,,,12,,false,,,,Pieris,,Plantae,49706
344803503,1a7a0e91-ed3c-4e9c-bd51-686e824aaf90,2026-03-24 12:29:11,2026-03-24,2026-03-23 23:29:11 UTC,Wellington,2026-03-24 00:47:22 UTC,2026-04-01 01:38:29 UTC,needs_id,"",0,0,false,"Te Araroa Trail, Auckland, Auckland, NZ",-36.8493550522,174.770628353,3,,,3,,false,,,,Magnoliopsida,dicots [paraphyletic],Plantae,47124
344804107,8fbc23a3-6bbd-49e8-92eb-4f2b1345fde9,2026-03-24 12:01:15,2026-03-24,2026-03-23 23:01:15 UTC,Wellington,2026-03-24 00:51:01 UTC,2026-03-24 01:03:17 UTC,research,"",1,0,false,"Princes St, Auckland, Auckland, NZ",-36.849505,174.7701866667,14,,,14,,false,,,Cigar plant,Cuphea ignea,Cigar plant,Plantae,153021
344804115,134af823-e48d-4c8e-aea2-494460e3c72e,2026-03-24 11:59:23,2026-03-24,2026-03-23 22:59:23 UTC,Wellington,2026-03-24 00:51:03 UTC,2026-03-24 00:51:12 UTC,needs_id,"",0,0,false,"Princes St, Auckland, Auckland, NZ",-36.849575,174.770095,20,,,20,,false,,,,Magnoliopsida,dicots [paraphyletic],Plantae,47124
344804151,8204b045-0768-4fac-91b2-741c57a979c8,2026-03-24 11:55:20,2026-03-24,2026-03-23 22:55:20 UTC,Wellington,2026-03-24 00:51:14 UTC,2026-03-24 05:29:12 UTC,casual,"",1,0,true,"Princes St, Auckland, Auckland, NZ",-36.8495916667,174.769975,9,,,9,open,false,,,Japanese camellia,Camellia japonica,Japanese camellia,Plantae,83056
344804187,8992a9cb-468b-40bc-a184-be0eea6d5170,2026-03-24 12:01:55,2026-03-24,2026-03-23 23:01:55 UTC,Wellington,2026-03-24 00:51:26 UTC,2026-03-24 00:51:36 UTC,casual,"",0,0,true,"Princes St, Auckland, Auckland, NZ",-36.849455,174.7702783333,17,,,17,,false,,,,Neoregelia,,Plantae,141291
344804216,2bf9a6c0-b1c5-4bc6-bf7f-fb605e45994c,2026-03-24 12:29:15,2026-03-24,2026-03-23 23:29:15 UTC,Wellington,2026-03-24 00:51:37 UTC,2026-03-24 05:29:16 UTC,research,"",1,0,false,"Princes St, Auckland, Auckland, NZ",-36.8496166667,174.7697616667,4,,,4,,false,,,trailing African daisy,Dimorphotheca fruticosa,trailing African daisy,Plantae,76661
344804390,da88f860-431f-4a1b-891f-5ece59f01669,2026-03-24 13:51:29+13:00,2026-03-24,2026-03-24 00:51:29 UTC,Wellington,2026-03-24 00:52:30 UTC,2026-03-24 02:16:12 UTC,research,"",1,0,false,"University of Auckland - City Campus, 奥克兰, 奥克兰, NZ",-36.8500116667,174.7701716667,19,,,19,,false,,,绣球花,Hydrangea macrophylla,mophead hydrangea,Plantae,122034
344806652,bb2c2e2c-33d2-4767-a2b3-cd28bb91c90d,2026-03-24 13:49:24,2026-03-24,2026-03-24 00:49:24 UTC,Wellington,2026-03-24 01:04:58 UTC,2026-03-24 02:15:48 UTC,research,"",1,0,false,"Alfred St, Auckland, Auckland, NZ",-36.8518966667,174.7697883333,24,,,24,,false,,,Snapdragon,Antirrhinum majus,Snapdragon,Plantae,48969
344807591,273aaa97-0636-4de2-9e3c-963f4e07accd,2026-03-24 11:33:18,2026-03-24,2026-03-23 22:33:18 UTC,Wellington,2026-03-24 01:10:19 UTC,2026-03-24 01:10:20 UTC,casual,"",0,0,true,"Princes St, Auckland, Auckland, NZ",-36.8508116667,174.7704466667,23,,,23,open,false,,,,Oncoba spinosa,Fried-egg flower,Plantae,340332
344807639,5aff63d0-fb63-4641-bcb0-427d8536a3af,2026-03-24 12:20:21,2026-03-24,2026-03-23 23:20:21 UTC,Wellington,2026-03-24 01:10:40 UTC,2026-03-24 01:10:41 UTC,casual,"",0,0,true,"Auckland, Auckland, NZ",-36.8494833333,174.7710283333,12,,,12,,false,,,,Sequoiadendron giganteum,Sierra redwood,Plantae,59567
344807654,bf0b4c6e-fdfb-4ccb-8161-4cd29f654842,2026-03-24 12:21:35,2026-03-24,2026-03-23 23:21:35 UTC,Wellington,2026-03-24 01:10:47 UTC,2026-03-24 05:28:34 UTC,casual,"",1,0,true,"Te Araroa Trail, Auckland, Auckland, NZ",-36.8498716667,174.7705833333,19,,,19,,false,,,Camellias,Camellia,Camellias,Plantae,83058
344807736,a43fabbc-f1df-48c4-8b93-6148def638e9,2026-03-24 12:37:41,2026-03-24,2026-03-23 23:37:41 UTC,Wellington,2026-03-24 01:11:17 UTC,2026-03-24 18:45:38 UTC,research,"",2,0,false,"Te Araroa Trail, Auckland, Auckland, NZ",-36.8494866667,174.77037,12,,,12,,false,,,Cigar plant,Cuphea ignea,Cigar plant,Plantae,153021
344807755,f703dddd-0468-46d8-b52a-4b6416ad136f,2026-03-24 12:39:49,2026-03-24,2026-03-23 23:39:49 UTC,Wellington,2026-03-24 01:11:25 UTC,2026-03-24 01:11:26 UTC,needs_id,"",0,0,false,"Princes St, Auckland, Auckland, NZ",-36.849655,174.7700366667,4,,,4,open,false,,,,Camellia sasanqua,sasanqua camellia,Plantae,126549
344816592,e7e8a1f3-cf87-4231-b3d4-adf725bda00f,2026-03-24 11:59:18,2026-03-24,2026-03-23 22:59:18 UTC,Wellington,2026-03-24 02:07:08 UTC,2026-03-30 14:13:24 UTC,needs_id,"",1,0,false,"Auckland, Auckland, NZ",-36.8495257129,174.771171089,5,,,5,open,false,,,Sacred fig,Ficus religiosa,Sacred fig,Plantae,127514
344817260,76678f6f-89fe-462b-ac32-19a14986b57b,2026-03-24T15:11,2026-03-24,2026-03-24 02:11:00 UTC,Wellington,2026-03-24 02:11:41 UTC,2026-03-24 03:58:57 UTC,needs_id,"",0,0,false,"Te Araroa Trail, Auckland, Auckland, NZ",-36.849725,174.7706,12,,,12,,false,,,,Plantae,Plants,Plantae,47126
344817931,7c509750-fd23-4cad-ac01-59f8929a036f,2026-03-24 12:25:00,2026-03-24,2026-03-23 23:25:00 UTC,Wellington,2026-03-24 02:16:22 UTC,2026-03-24 18:44:32 UTC,research,"",3,0,false,"Auckland, NZ",-36.85086358,174.76986482,6,,,6,,false,,,Arthropodium cirratum,Arthropodium cirratum,Rengarenga,Plantae,409520
344818319,1b068819-5191-464c-96a0-6120bd097bef,2026-03-24 12:22:00,2026-03-24,2026-03-23 23:22:00 UTC,Wellington,2026-03-24 02:19:01 UTC,2026-03-24 02:35:45 UTC,needs_id,"",0,0,false,"Auckland High Court, Auckland CBD, Auckland 1010新西兰",-36.84989325,174.76993153,7,,,7,,false,,,,Magnoliopsida,dicots [paraphyletic],Plantae,47124
344818508,e76574df-0850-439d-ac6a-a4d9158888fe,2026-03-24 12:20:00,2026-03-24,2026-03-23 23:20:00 UTC,Wellington,2026-03-24 02:20:25 UTC,2026-03-24 02:33:46 UTC,needs_id,"",0,0,false,"Auckland High Court, Auckland CBD, Auckland 1010新西兰",-36.84973167,174.76953894,6,,,6,,false,,,,Magnoliopsida,dicots [paraphyletic],Plantae,47124
344818677,6baa6591-f082-4186-ab62-88fc7032a22e,2026-03-24 12:21:00,2026-03-24,2026-03-23 23:21:00 UTC,Wellington,2026-03-24 02:21:42 UTC,2026-04-23 12:53:41 UTC,research,"",2,0,false,"Auckland High Court, Auckland CBD, Auckland 1010新西兰",-36.849468,174.76947429,5,,,5,,false,,,雄黄兰,Crocosmia × crocosmiiflora,Garden Montbretia,Plantae,181465
344819014,f3a7ae54-567f-4621-a39c-1b7acb25a8a3,2026-03-24 12:18:00,2026-03-24,2026-03-23 23:18:00 UTC,Wellington,2026-03-24 02:24:14 UTC,2026-03-26 18:34:53 UTC,casual,"",2,0,true,"Auckland High Court, Auckland CBD, Auckland 1010新西兰",-36.84940144,174.76950977,4,,,4,,false,,,红豆杉属,Taxus,yews,Plantae,47555
344819296,9137e72b-ef8f-4445-9083-4a7c2163ff7a,2026-03-24 12:25:00,2026-03-24,2026-03-23 23:25:00 UTC,Wellington,2026-03-24 02:26:06 UTC,2026-03-24 07:48:35 UTC,needs_id,"",1,0,false,"Auckland High Court, Auckland CBD, Auckland 1010新西兰",-36.84934914,174.76959498,6,,,6,,false,,,婆婆纳属,Veronica,Speedwells and Hebes,Plantae,51611
344819514,d348e394-5987-4b02-9c13-fabbda1a0212,2026-03-24 12:26:00,2026-03-24,2026-03-23 23:26:00 UTC,Wellington,2026-03-24 02:27:09 UTC,2026-03-26 21:49:16 UTC,research,"",3,0,false,"Auckland High Court, Auckland CBD, Auckland 1010新西兰",-36.84933747,174.76963217,3,,,3,,false,,,三裂天胡荽,Hydrocotyle tripartita,Slender pennywort,Plantae,402603
344822149,f0b8c3e3-1fdc-420c-906a-4b5c63f79117,2026-03-24 11:56:32,2026-03-24,2026-03-23 22:56:32 UTC,Wellington,2026-03-24 02:42:49 UTC,2026-03-24 03:43:25 UTC,research,"",1,0,false,"Princes St, Auckland, Auckland, NZ",-36.8497104291,174.7694721953,50,,,50,,false,,,blue lily,Agapanthus praecox,agapanthus,Plantae,199324
344822198,b50befa2-4d79-47d3-acd4-6b5950df43e7,2026-03-24 12:00:48,2026-03-24,2026-03-23 23:00:48 UTC,Wellington,2026-03-24 02:43:04 UTC,2026-03-24 02:43:05 UTC,needs_id,"",0,0,false,"Te Araroa Trail, Auckland, Auckland, NZ",-36.8495229635,174.7705607811,26,,,26,,false,,,,Neoregelia carolinae,Blushing Bromeliad,Plantae,327355
344822216,ee46bfe5-56a6-4bc2-8398-7e3129b4139f,2026-03-24 12:02:05,2026-03-24,2026-03-23 23:02:05 UTC,Wellington,2026-03-24 02:43:12 UTC,2026-03-24 03:43:21 UTC,research,"",1,0,false,"Princes St, Auckland, Auckland, NZ",-36.8495764923,174.7701209458,3,,,3,,false,,,Glory bush,Pleroma urvilleanum,Glory bush,Plantae,1263850
344822256,53b424e1-47f1-4706-a665-71eb71e6dc9f,2026-03-24 12:05:45,2026-03-24,2026-03-23 23:05:45 UTC,Wellington,2026-03-24 02:43:27 UTC,2026-03-24 02:43:28 UTC,needs_id,"",0,0,false,"Te Araroa Trail, Auckland, Auckland, NZ",-36.8497865322,174.7701520918,25,,,25,,false,,,,Eriocapitella,Fall-blooming anemones,Plantae,883677
344828149,a003b9f4-716d-4c42-8f75-d01309cee595,2026-03-24 16:10:25,2026-03-24,2026-03-24 03:10:25 UTC,Wellington,2026-03-24 03:24:24 UTC,2026-03-24 03:24:25 UTC,needs_id,"",0,0,false,"Grafton Rd, Auckland, Auckland, NZ",-36.8525278692,174.7709655637,14,,,14,,false,,,,Nerine bowdenii,Cornish Lily,Plantae,461606
344828162,cba6e38d-7ddf-4d38-882b-59824c758185,2026-03-24 16:05:22,2026-03-24,2026-03-24 03:05:22 UTC,Wellington,2026-03-24 03:24:34 UTC,2026-03-27 18:10:02 UTC,research,"",2,0,false,"Grafton Rd, Auckland, Auckland, NZ",-36.853517761,174.7701281209,14,,,14,,false,,,Wharariki,Phormium cookianum,Wharariki,Plantae,129178
344828203,1212ca35-0112-4386-aeb9-8cbdadbc3abb,2026-03-24 15:41:10,2026-03-24,2026-03-24 02:41:10 UTC,Wellington,2026-03-24 03:24:50 UTC,2026-03-24 04:39:10 UTC,research,"",1,0,false,"Whitaker Pl, Auckland, Auckland, NZ",-36.8559883333,174.768145,22,,,22,,false,,,tropical horseweed,Erigeron sumatrensis,tropical horseweed,Plantae,76943
344830657,e694c950-f9e0-4529-99c4-e9ecb20d59d6,2026-03-24 12:16:20,2026-03-24,2026-03-23 23:16:20 UTC,Wellington,2026-03-24 03:42:59 UTC,2026-03-24 04:04:19 UTC,needs_id,"",1,0,false,"Auckland, Auckland, NZ",-36.8494425099,174.7710527238,3,,,3,,false,,,Anise-scented sage,Salvia guaranitica,Anise-scented sage,Plantae,346173
344830914,6d96f657-6af1-4c32-8b10-cfe254dd4393,2026-03-24 12:47:26,2026-03-24,2026-03-23 23:47:26 UTC,Wellington,2026-03-24 03:44:23 UTC,2026-03-24 22:48:17 UTC,research,"",1,0,false,"Princes St, Auckland, Auckland, NZ",-36.8505330856,174.7698166658,3,,,3,,false,,,hen and chickens fern,Asplenium gracillimum,hen and chickens fern,Plantae,399757
344830945,8d586d6f-40a7-42a9-9bd1-c7f23036e4a2,2026-03-24 15:34:24,2026-03-24,2026-03-24 02:34:24 UTC,Wellington,2026-03-24 03:44:44 UTC,2026-03-24 04:03:06 UTC,research,"",2,0,false,"Symonds St, Auckland, Auckland, NZ",-36.8535969806,174.7687093825,11,,,11,,false,,,Loquat,Eriobotrya japonica,Loquat,Plantae,76949
344830992,e833fd08-8305-44a5-90b0-e099f956f50f,2026-03-24 15:58:46,2026-03-24,2026-03-24 02:58:46 UTC,Wellington,2026-03-24 03:45:06 UTC,2026-03-24 03:45:06 UTC,casual,"",0,0,true,"Symonds St, Auckland, Auckland, NZ",-36.85412,174.7691033333,14,,,14,,false,,,,Aechmea gamosepala,Matchstick Bromeliad,Plantae,410766
344835343,233dbc78-0610-42eb-a059-a88800317148,2026-03-24 11:58:23,2026-03-24,2026-03-23 22:58:23 UTC,Wellington,2026-03-24 04:22:00 UTC,2026-03-24 04:22:01 UTC,needs_id,"",0,0,false,"Princes St, Auckland, Auckland, NZ",-36.84962,174.77008,15,,,15,,false,,,,Magnoliopsida,dicots [paraphyletic],Plantae,47124
344835370,f9a3b293-126f-49b7-8dc1-59ca8a97f441,2026-03-24 12:29:14,2026-03-24,2026-03-23 23:29:14 UTC,Wellington,2026-03-24 04:22:08 UTC,2026-03-24 04:22:09 UTC,needs_id,"",0,0,false,"Princes St, Auckland, Auckland, NZ",-36.8500966667,174.77008,18,,,18,,false,,,,Dimorphotheca,Afro-Australian daisies,Plantae,72095
344835417,1fd8b7ea-369d-49a4-8f16-6f85a18939df,2026-03-24 11:48:50,2026-03-24,2026-03-23 22:48:50 UTC,Wellington,2026-03-24 04:22:24 UTC,2026-03-24 04:22:25 UTC,needs_id,"",0,0,false,"Princes St, Auckland, Auckland, NZ",-36.8493283333,174.76967,4,,,4,,false,,,,Veronica stricta,Koromiko,Plantae,738800
344835480,53250f74-12e6-445b-b8a1-9d2acc951bd8,2026-03-24 12:01:58,2026-03-24,2026-03-23 23:01:58 UTC,Wellington,2026-03-24 04:22:41 UTC,2026-03-24 04:22:42 UTC,needs_id,"",0,0,false,"Princes St, Auckland, Auckland, NZ",-36.8494533333,174.7702783333,12,,,12,,false,,,,Neoregelia carolinae,Blushing Bromeliad,Plantae,327355
344837443,ae500d88-617d-4803-8e2e-30f45d5b44f8,2026/03/24 12:30 PM,2026-03-24,2026-03-23 23:30:00 UTC,Wellington,2026-03-24 04:40:42 UTC,2026-03-25 16:51:29 UTC,needs_id,"",1,0,false,"Auckland CBD, Auckland 1010, New Zealand",-36.8495638889,174.7700055556,18,,,18,,false,,,Falling Stars,Crocosmia aurea,Falling Stars,Plantae,361354
344837445,f0368dde-bb49-4622-8305-7c3db6e48cc5,2026/03/24 12:29 PM,2026-03-24,2026-03-23 23:29:00 UTC,Wellington,2026-03-24 04:40:43 UTC,2026-03-24 04:40:43 UTC,casual,"",0,0,true,"Auckland CBD, Auckland 1010, New Zealand",-36.8495722222,174.7700194444,5,,,5,,false,,,Camellias,Camellia,Camellias,Plantae,83058
344837446,286a4f6e-2d6b-437c-87b7-85905c494490,2026/03/24 12:29 PM,2026-03-24,2026-03-23 23:29:00 UTC,Wellington,2026-03-24 04:40:43 UTC,2026-03-24 04:40:43 UTC,needs_id,"",0,0,false,"Auckland CBD, Auckland 1010, New Zealand",-36.8495611111,174.7699888889,4,,,4,,false,,,Poison Ivies and Oaks,Toxicodendron,poison ivies and oaks,Plantae,51079
344837447,99aad668-c951-4ae1-8099-9b5fbe9f4d1f,2026/03/24 12:09 PM,2026-03-24,2026-03-23 23:09:00 UTC,Wellington,2026-03-24 04:40:43 UTC,2026-03-24 08:42:16 UTC,research,"",2,0,false,"Auckland CBD, Auckland 1010, New Zealand",-36.849475,174.7696388889,12,,,12,,false,,,Whau,Entelea arborescens,Whau,Plantae,343580
344837453,f971927a-fd94-4916-86ab-70951a937bed,2026/03/24 12:07 PM,2026-03-24,2026-03-23 23:07:00 UTC,Wellington,2026-03-24 04:40:44 UTC,2026-03-24 04:40:44 UTC,needs_id,"",0,0,false,"Auckland CBD, Auckland 1010, New Zealand",-36.8497,174.7701416667,5,,,5,,false,,,Fuchsias,Fuchsia,fuchsias,Plantae,54713
344837454,6459b5bd-8a11-474d-9e47-b4dc9d396bd2,2026/03/24 11:36 AM,2026-03-24,2026-03-23 22:36:00 UTC,Wellington,2026-03-24 04:40:44 UTC,2026-03-24 04:40:44 UTC,needs_id,"",0,0,false,"Auckland CBD, Auckland 1010, New Zealand",-36.8500861111,174.7702472222,5,,,5,,false,,,Hydrangeas,Hydrangea,hydrangeas,Plantae,83157
344838542,e67ca0af-90be-42b9-902b-a227afb89e79,2026-03-24 13:31:28,2026-03-24,2026-03-24 00:31:28 UTC,Wellington,2026-03-24 04:51:53 UTC,2026-03-25 03:16:18 UTC,needs_id,"",1,0,false,"Alfred St, Auckland, Auckland, NZ",-36.8519466667,174.7697916667,12,,,12,,false,,,Marguerite daisy,Argyranthemum frutescens,Marguerite daisy,Plantae,181635
344838567,976b3142-2237-40c9-8a1a-a2cca1d8a6e2,2026-03-24 13:08:41,2026-03-24,2026-03-24 00:08:41 UTC,Wellington,2026-03-24 04:52:07 UTC,2026-03-24 08:41:57 UTC,needs_id,"",2,0,false,"Symonds St, Auckland, Auckland, NZ",-36.852045,174.77002,13,,,13,,false,,,fuchsias,Fuchsia,fuchsias,Plantae,54713
344838572,7cc8e2cd-9558-4391-956c-843f6fdb2803,2026-03-24 12:57:23,2026-03-24,2026-03-23 23:57:23 UTC,Wellington,2026-03-24 04:52:14 UTC,2026-03-24 08:08:13 UTC,research,"",1,0,false,"Te Araroa Trail, Auckland, Auckland, NZ",-36.84998,174.7702033333,14,,,14,,false,,,mophead hydrangea,Hydrangea macrophylla,mophead hydrangea,Plantae,122034
344838653,527bd800-4164-432f-a869-a998fb9d90b0,2026-03-24 12:41:39,2026-03-24,2026-03-23 23:41:39 UTC,Wellington,2026-03-24 04:52:54 UTC,2026-03-24 04:52:55 UTC,needs_id,"",0,0,false,"Te Araroa Trail, Auckland, Auckland, NZ",-36.8500283333,174.7708133333,3,,,3,open,false,,,,Camellia sasanqua,sasanqua camellia,Plantae,126549
344838709,68a8a235-a248-4be0-ae82-85d1b649b8c4,2026-03-24 12:55:08,2026-03-24,2026-03-23 23:55:08 UTC,Wellington,2026-03-24 04:53:16 UTC,2026-03-24 04:53:18 UTC,casual,"",0,0,true,"Te Araroa Trail, Auckland, Auckland, NZ",-36.849555,174.7703383333,3,,,3,open,false,,,,Stenocarpus sinuatus,Firewheel tree,Plantae,83360
344838758,a6458a78-58ff-4080-963e-5e62168b2e7c,2026-03-24 12:14:19,2026-03-24,2026-03-23 23:14:19 UTC,Wellington,2026-03-24 04:53:48 UTC,2026-03-30 22:58:54 UTC,casual,"",0,0,true,"Te Araroa Trail, Auckland, Auckland, NZ",-36.8496383333,174.770825,19,,,19,,false,,,,Sequoia,Redwood,Plantae,47373
344838766,82b1f2f5-6289-4949-adaf-26f077a0299c,2026-03-24 12:15:27,2026-03-24,2026-03-23 23:15:27 UTC,Wellington,2026-03-24 04:53:53 UTC,2026-04-11 22:41:55 UTC,needs_id,"",2,0,false,"Auckland, NZ",-36.849455,174.77083,26,,,26,,false,,,Red Hot Pokers,Kniphofia uvaria,Red Hot Poker,Plantae,56035
344838777,f39fa7c4-cb80-4f30-a95d-25cbea164d30,2026-03-24 12:14:56,2026-03-24,2026-03-23 23:14:56 UTC,Wellington,2026-03-24 04:54:00 UTC,2026-03-24 07:15:50 UTC,casual,"",0,0,true,"Te Araroa Trail, Auckland, Auckland, NZ",-36.8493466667,174.77075,21,,,21,open,false,,,,Magnolia figo,banana-shrub,Plantae,208814
344838788,a8b5f979-33d4-4973-adfd-16a466146e97,2026-03-24 12:16:23,2026-03-24,2026-03-23 23:16:23 UTC,Wellington,2026-03-24 04:54:06 UTC,2026-03-24 18:40:33 UTC,research,"",1,0,false,"Te Araroa Trail, Auckland, Auckland, NZ",-36.8495883333,174.7708383333,27,,,27,,false,,,Taraire,Beilschmiedia tarairi,Taraire,Plantae,399962
344838805,e19b0332-90e6-49b4-a085-a2967f0e5198,2026/03/24 12:29,2026-03-24,2026-03-23 23:29:00 UTC,Wellington,2026-03-24 04:54:20 UTC,2026-03-24 04:54:20 UTC,needs_id,"",0,0,false,"Auckland CBD, Auckland 1010 뉴질랜드",-36.8495472222,174.7699444444,4,,,4,,false,,,Fuchsia triphylla,Fuchsia triphylla,honeysuckle fuchsia,Plantae,498028
344838820,e61fe388-3354-4060-b7cb-5b44241247be,2026-03-24 12:19:50,2026-03-24,2026-03-23 23:19:50 UTC,Wellington,2026-03-24 04:54:26 UTC,2026-03-24 18:41:05 UTC,research,"",3,0,false,"Te Araroa Trail, Auckland, Auckland, NZ",-36.8495466667,174.7707966667,26,,,26,,false,,,Rewarewa,Knightia excelsa,Rewarewa,Plantae,366632
344838861,c93a51c6-cbbd-4795-afde-f8df0f6be38b,2026-03-24 12:21:54,2026-03-24,2026-03-23 23:21:54 UTC,Wellington,2026-03-24 04:54:52 UTC,2026-03-24 04:54:53 UTC,needs_id,"",0,0,false,"Auckland, Auckland, NZ",-36.84918,174.7709466667,31,,,31,,false,,,,Licuala spinosa,Mangrove fan palm,Plantae,345559
344838876,8a5e4d32-5750-49d1-89e7-1f6cdaa7d5a3,2026-03-24 12:24:55,2026-03-24,2026-03-23 23:24:55 UTC,Wellington,2026-03-24 04:55:03 UTC,2026-03-24 04:55:04 UTC,needs_id,"",0,0,false,"Auckland, Auckland, NZ",-36.849045,174.770855,28,,,28,,false,,,,Cephaleuros lagerheimii,Mahoe Leafspot,Plantae,381513
344838887,76026d6c-6ecb-415f-92b5-04fe4069744a,2026/03/24 12:09,2026-03-24,2026-03-23 23:09:00 UTC,Wellington,2026-03-24 04:55:12 UTC,2026-03-24 04:55:12 UTC,needs_id,"",0,0,false,"Auckland CBD, Auckland 1010 뉴질랜드",-36.8494805556,174.7696388889,5,,,5,,false,,,Eriocapitella,Eriocapitella,Fall-blooming anemones,Plantae,883677
344838920,3bdb3d03-2798-412e-a8ec-1beff0c2e3ac,2026-03-24 12:27:36,2026-03-24,2026-03-23 23:27:36 UTC,Wellington,2026-03-24 04:55:31 UTC,2026-03-24 18:40:10 UTC,research,"",2,0,false,"Auckland, Auckland, NZ",-36.8491333333,174.770955,13,,,13,,false,,,Petty Spurge,Euphorbia peplus,Petty Spurge,Plantae,57036
344839195,6b59e300-53e7-45ca-9376-6e1ba1e08146,2026/03/24 12:02,2026-03-24,2026-03-23 23:02:00 UTC,Wellington,2026-03-24 04:57:59 UTC,2026-03-24 04:57:59 UTC,needs_id,"",0,0,false,"Auckland CBD, Auckland 1010 뉴질랜드",-36.8494194444,174.7711805556,5,,,5,,false,,,Salvia guaranitica,Salvia guaranitica,Anise-scented sage,Plantae,346173
344839449,7e3d1b14-1363-402a-80d9-7240b3721dba,2026-03-24 12:27:13,2026-03-24,2026-03-23 23:27:13 UTC,Wellington,2026-03-24 05:00:22 UTC,2026-03-24 05:00:23 UTC,needs_id,"",0,0,false,"Auckland, Auckland, NZ",-36.8492633333,174.771225,37,,,37,,false,,,,Coprosma repens,Taupata,Plantae,76435
344839642,150c72c8-b756-4591-9171-be71a61d21ac,2026-03-24 12:27:56,2026-03-24,2026-03-23 23:27:56 UTC,Wellington,2026-03-24 05:02:12 UTC,2026-03-24 07:14:06 UTC,needs_id,"",0,0,false,"Auckland, Auckland, NZ",-36.8491866667,174.7709666667,3,,,3,,false,,,,Plantae,Plants,Plantae,47126
344839672,37081c3c-9b88-4c59-a561-2f7da39fbfab,2026-03-24 12:28:28,2026-03-24,2026-03-23 23:28:28 UTC,Wellington,2026-03-24 05:02:19 UTC,2026-03-24 05:02:20 UTC,casual,"",0,0,true,"Auckland, Auckland, NZ",-36.8491783333,174.77095,8,,,8,open,false,,,,Camellia japonica,Japanese camellia,Plantae,83056
344839758,c86f7a13-4812-4b9b-a2d2-f9482b085fd0,2026-03-24 12:28:42,2026-03-24,2026-03-23 23:28:42 UTC,Wellington,2026-03-24 05:02:34 UTC,2026-03-24 08:40:09 UTC,research,"",1,0,false,"Auckland, Auckland, NZ",-36.8491833333,174.77095,7,,,7,,false,,,Indian shot,Canna indica,Indian shot,Plantae,146643
344839769,44da6ea8-898f-49f4-bef3-47ab1c9288af,2026-03-24 12:29:14,2026-03-24,2026-03-23 23:29:14 UTC,Wellington,2026-03-24 05:02:40 UTC,2026-03-24 05:02:41 UTC,needs_id,"",0,0,false,"Te Araroa Trail, Auckland, Auckland, NZ",-36.84927,174.7707366667,4,,,4,,false,,,,Euryops,True-eye Daisies,Plantae,84986
344840013,55d5529d-ad78-445d-8537-2b892075d2aa,2026-03-24 12:29:19,2026-03-24,2026-03-23 23:29:19 UTC,Wellington,2026-03-24 05:04:47 UTC,2026-03-24 08:40:17 UTC,research,"",2,0,false,"Te Araroa Trail, Auckland, Auckland, NZ",-36.849255,174.7707366667,4,,,4,,false,,,Garden Montbretia,Crocosmia × crocosmiiflora,Garden Montbretia,Plantae,181465
344840021,5924888b-5204-40da-87f3-ca0c70957e5d,2026-03-24 12:29:25,2026-03-24,2026-03-23 23:29:25 UTC,Wellington,2026-03-24 05:04:54 UTC,2026-03-24 05:04:55 UTC,casual,"",0,0,true,"Te Araroa Trail, Auckland, Auckland, NZ",-36.849275,174.7707216667,3,,,3,open,false,,,,Polyspora axillaris,Fried egg plant,Plantae,627207
344840028,10040c98-d57b-484d-8da4-242397aec7a2,2026-03-24 12:32:55,2026-03-24,2026-03-23 23:32:55 UTC,Wellington,2026-03-24 05:05:00 UTC,2026-03-24 08:03:52 UTC,research,"",1,0,false,"Te Araroa Trail, Auckland, Auckland, NZ",-36.8497666667,174.7705833333,6,,,6,,false,,,Scotch Thistle,Cirsium vulgare,Scotch Thistle,Plantae,52989
344840119,85446c37-3ed2-4feb-b142-6cdd556f8048,2026-03-24 12:34:27,2026-03-24,2026-03-23 23:34:27 UTC,Wellington,2026-03-24 05:05:42 UTC,2026-03-24 05:05:43 UTC,casual,"",0,0,true,"Te Araroa Trail, Auckland, Auckland, NZ",-36.8498333333,174.770845,6,,,6,open,false,,,,Rotheca myricoides,Rough-leaved Cats-whiskers,Plantae,340357
344840873,58c7d351-9418-4195-b2ba-a01a76611459,2026-03-24 12:34:43,2026-03-24,2026-03-23 23:34:43 UTC,Wellington,2026-03-24 05:13:50 UTC,2026-03-24 07:13:45 UTC,casual,"",0,0,true,"Te Araroa Trail, Auckland, Auckland, NZ",-36.84982,174.77092,4,,,4,,false,,,,Plantae,Plants,Plantae,47126
344840893,482cba37-5a35-4673-83be-c7f720fcfb03,2026-03-24 12:36:09,2026-03-24,2026-03-23 23:36:09 UTC,Wellington,2026-03-24 05:14:01 UTC,2026-03-24 05:14:02 UTC,needs_id,"",0,0,false,"Auckland, Auckland, NZ",-36.8498883333,174.7710283333,15,,,15,,false,,,,Plantae,Plants,Plantae,47126
344840932,b0a4964c-bb57-42a3-ad3b-f36293b9a549,2026-03-24 12:39:46,2026-03-24,2026-03-23 23:39:46 UTC,Wellington,2026-03-24 05:14:19 UTC,2026-03-24 07:12:01 UTC,casual,"",0,0,true,"Symonds St, Auckland, Auckland, NZ",-36.8500883333,174.7710116667,13,,,13,,false,,,,Araucaria heterophylla,Norfolk Island Pine,Plantae,127890
344840940,d2a201a7-e041-4150-b5ff-dd46247a6d80,2026-03-24 12:40:38,2026-03-24,2026-03-23 23:40:38 UTC,Wellington,2026-03-24 05:14:23 UTC,2026-03-24 18:39:28 UTC,research,"",3,0,false,"Te Araroa Trail, Auckland, Auckland, NZ",-36.84998,174.7708583333,5,,,5,,false,,,Pūriri,Vitex lucens,Pūriri,Plantae,338187
344857303,b3303fb1-8e21-4b99-8fbf-813eb576330d,2021-06-03 16:44:44,2021-06-03,2021-06-03 04:44:44 UTC,Wellington,2026-03-24 08:36:18 UTC,2026-03-24 08:36:19 UTC,needs_id,"",0,0,false,"Symonds St, Auckland, Auckland, NZ",-36.85115,174.7700666667,65,,,65,,false,,,,Reinwardtia indica,Yellow flax,Plantae,410705
344869986,7c94784a-e027-4133-831a-77269e905381,2026-03-16 09:51:21,2026-03-16,2026-03-15 20:51:21 UTC,Wellington,2026-03-24 10:45:30 UTC,2026-04-01 01:54:09 UTC,casual,"",0,0,false,"Princes St, Auckland, Auckland, NZ",-36.8506557355,174.7705797949,21,,,21,,false,,,,Fuchsia triphylla,honeysuckle fuchsia,Plantae,498028
345177774,c8c0ab08-659e-4fc8-9533-adfbdef03d04,2026-03-16 09:04:45,2026-03-16,2026-03-15 20:04:45 UTC,Wellington,2026-03-25 22:35:52 UTC,2026-03-25 22:35:53 UTC,casual,"",0,0,true,"Alfred St, Auckland, Auckland, NZ",-36.8508386979,174.7696465943,191,,,191,,false,,,,Magnoliopsida,dicots [paraphyletic],Plantae,47124
345568503,3d80e687-96e6-47fb-84cc-f9ca54081e54,2026-03-28 12:27:59,2026-03-28,2026-03-27 23:27:59 UTC,Wellington,2026-03-27 23:28:25 UTC,2026-03-28 01:41:25 UTC,casual,"",1,0,true,"Whitaker Pl, Auckland, Auckland, NZ",-36.8551290874,174.7685292644,7,,,7,,false,,,Henkel's yellowwood,Podocarpus henkelii,Henkel's yellowwood,Plantae,135626
345569388,68700f11-c1a0-49a4-b397-9b496d6fc496,2026-03-24 12:03:29,2026-03-24,2026-03-23 23:03:29 UTC,Wellington,2026-03-27 23:34:52 UTC,2026-03-28 12:10:01 UTC,needs_id,"",1,0,false,"Princes St, Auckland, Auckland, NZ",-36.8497004549,174.7700351865,12,,,12,,false,,,Brachyglottis repanda × greyii,Brachyglottis repanda × greyi,,Plantae,1467055
345569401,8b2a8758-b079-4e38-b442-bf6c113e12f9,2026-03-24 12:03:17,2026-03-24,2026-03-23 23:03:17 UTC,Wellington,2026-03-27 23:34:59 UTC,2026-03-27 23:34:59 UTC,casual,"",0,0,true,"Te Araroa Trail, Auckland, Auckland, NZ",-36.84982,174.7701383333,39,,,39,,false,,,,Brachyglottis greyi,,Plantae,400069
345569424,6a7e0ee9-d9bb-4b8e-ac93-f51e078daf14,2026-03-24 12:14:19,2026-03-24,2026-03-23 23:14:19 UTC,Wellington,2026-03-27 23:35:05 UTC,2026-03-27 23:35:06 UTC,casual,"",0,0,true,"Te Araroa Trail, Auckland, Auckland, NZ",-36.8496381532,174.7708244346,19,,,19,,false,,,,Sequoia sempervirens,coast redwood,Plantae,47372
345569435,f0b4a201-d9ba-4104-8c78-5b87e19faa8a,2026-03-24 12:14:56,2026-03-24,2026-03-23 23:14:56 UTC,Wellington,2026-03-27 23:35:12 UTC,2026-03-28 03:00:06 UTC,casual,"",0,0,true,"Te Araroa Trail, Auckland, Auckland, NZ",-36.8493459209,174.7707507235,21,,,21,open,false,,,,Magnolia figo,banana-shrub,Plantae,208814
345569447,85432e3e-caae-4835-990d-0536ef871544,2026-03-24 12:15:28,2026-03-24,2026-03-23 23:15:28 UTC,Wellington,2026-03-27 23:35:19 UTC,2026-03-28 01:40:43 UTC,casual,"",1,0,true,"Te Araroa Trail, Auckland, Auckland, NZ",-36.8494568017,174.770832461,26,,,26,,false,,,Red Hot Poker,Kniphofia uvaria,Red Hot Poker,Plantae,56035
345569462,4db1ec65-5f4f-4ac3-b99f-85225ccec876,2026-03-24 12:15:53,2026-03-24,2026-03-23 23:15:53 UTC,Wellington,2026-03-27 23:35:27 UTC,2026-03-27 23:35:28 UTC,needs_id,"",0,0,false,"Auckland, Auckland, NZ",-36.8493455355,174.7708243268,12,,,12,,false,,,,Cephaleuros virescens,Algal Leaf Spot,Plantae,381516
345569475,c997e3d1-d19f-4628-b06c-700642661be3,2026-03-24 12:16:23,2026-03-24,2026-03-23 23:16:23 UTC,Wellington,2026-03-27 23:35:33 UTC,2026-03-28 10:35:28 UTC,research,"",2,0,false,"Te Araroa Trail, Auckland, Auckland, NZ",-36.8495897008,174.7708385541,27,,,27,,false,,,Taraire,Beilschmiedia tarairi,Taraire,Plantae,399962
345569517,459db7e0-1691-4b64-8226-685ee5b54892,2026-03-24 12:18:30,2026-03-24,2026-03-23 23:18:30 UTC,Wellington,2026-03-27 23:35:55 UTC,2026-03-28 10:35:23 UTC,research,"",2,0,false,"Auckland, Auckland, NZ",-36.8494056766,174.7709173997,38,,,38,,false,,,Taraire,Beilschmiedia tarairi,Taraire,Plantae,399962
345569575,4d8e7bdc-d768-48b8-99ff-5f2b2cc46c10,2026-03-24 12:19:51,2026-03-24,2026-03-23 23:19:51 UTC,Wellington,2026-03-27 23:36:08 UTC,2026-03-28 01:40:41 UTC,research,"",1,0,false,"Te Araroa Trail, Auckland, Auckland, NZ",-36.8495479629,174.7707986869,26,,,26,,false,,,Rewarewa,Knightia excelsa,Rewarewa,Plantae,366632
345569650,9f9dbb62-13ca-428a-b555-7134243aa331,2026-03-24 12:21:55,2026-03-24,2026-03-23 23:21:55 UTC,Wellington,2026-03-27 23:36:43 UTC,2026-03-28 01:40:34 UTC,research,"",1,0,false,"Auckland, Auckland, NZ",-36.849180828,174.7709461868,31,,,31,,false,,,Chusan Palm,Trachycarpus fortunei,Chusan Palm,Plantae,64323
345569713,f4841038-a964-4f15-a9cb-ba7153f015fb,2026-03-24 12:24:55,2026-03-24,2026-03-23 23:24:55 UTC,Wellington,2026-03-27 23:37:10 UTC,2026-03-27 23:37:11 UTC,needs_id,"",0,0,false,"Auckland, Auckland, NZ",-36.8490446177,174.7708558307,28,,,28,,false,,,,Cephaleuros lagerheimii,Mahoe Leafspot,Plantae,381513
345569753,78f65ea9-9788-4991-9ad3-6c61fdcb377e,2026-03-24 12:27:13,2026-03-24,2026-03-23 23:27:13 UTC,Wellington,2026-03-27 23:37:30 UTC,2026-03-27 23:37:31 UTC,needs_id,"",0,0,false,"Auckland, Auckland, NZ",-36.8492646878,174.7712241836,37,,,37,,false,,,,Angiospermae,Flowering Plants,Plantae,47125
345569790,6542bad9-341d-4f0e-a14b-d0b3ab6999fe,2026-03-24 12:27:36,2026-03-24,2026-03-23 23:27:36 UTC,Wellington,2026-03-27 23:37:37 UTC,2026-03-28 12:09:37 UTC,needs_id,"",1,0,false,"Auckland, Auckland, NZ",-36.8491336692,174.7709547328,13,,,13,,false,,,Petty Spurge,Euphorbia peplus,Petty Spurge,Plantae,57036
345569811,02433cbd-bf91-4f4d-b15b-db6e8f3cc0bb,2026-03-24 13:03:53,2026-03-24,2026-03-24 00:03:53 UTC,Wellington,2026-03-27 23:37:44 UTC,2026-03-28 01:40:28 UTC,casual,"",1,0,true,"Alfred St, Auckland, Auckland, NZ",-36.8517383333,174.769455,11,,,11,,false,,,Climbing fig,Ficus pumila,Climbing fig,Plantae,162972
346055739,79f604a9-5c9a-4d4d-99ad-7404c164ea3c,2026-03-30 13:54:53,2026-03-30,2026-03-30 00:54:53 UTC,Wellington,2026-03-30 01:11:40 UTC,2026-03-30 10:14:28 UTC,research,"",2,0,false,"Waterloo Quadrant, Auckland CBD, Auckland 1010, New Zealand",-36.8515469,174.7710284997,,,,,,false,gps,gps,Tawa,Beilschmiedia tawa,Tawa,Plantae,366613
346249879,e24e4bef-fad1-4883-ab83-50c54bd25fb4,2026-03-31 11:29:17,2026-03-31,2026-03-30 22:29:17 UTC,Wellington,2026-03-30 22:29:54 UTC,2026-03-31 01:06:53 UTC,research,"",2,0,false,"Symonds St, Auckland, Auckland, NZ",-36.8552884479,174.7680391993,6,,,6,open,false,,,yarrow,Achillea millefolium,yarrow,Plantae,52821
346441264,b1494ae9-3584-4803-b0a1-23a64f1ea801,2026-03-31 17:24:24,2026-03-31,2026-03-31 04:24:24 UTC,Wellington,2026-03-31 20:15:35 UTC,2026-04-01 00:37:43 UTC,research,"",1,0,false,"Waterloo Quadrant, Auckland CBD, Auckland 1010, New Zealand",-36.8506603329,174.7722133622,4,,,4,open,false,gps,gps,tree privet,Ligustrum lucidum,tree privet,Plantae,77740
346441307,e0f12aab-d210-4fd8-8efc-a01983274e2b,2026-03-31 17:24:23,2026-03-31,2026-03-31 04:24:23 UTC,Wellington,2026-03-31 20:15:42 UTC,2026-03-31 20:15:55 UTC,needs_id,"",0,0,false,"Waterloo Quadrant, Auckland CBD, Auckland 1010, New Zealand",-36.8506603329,174.7722133622,4,,,4,,false,gps,gps,Chusan Palm,Trachycarpus fortunei,Chusan Palm,Plantae,64323
346514980,47be10db-c592-4f79-b0ca-06ee3b3b1edf,2026-03-24 09:56:35,2026-03-24,2026-03-23 20:56:35 UTC,Wellington,2026-04-01 03:35:22 UTC,2026-04-01 03:35:38 UTC,casual,"",0,0,true,"Auckland Universities, Grafton, Auckland 1010, New Zealand",-36.854796,174.7684959722,,,,,,false,gps,gps,Blackbean,Castanospermum australe,Black bean,Plantae,202155
346515202,5f110388-4dab-4ca9-9321-0b170f66cad5,2026-04-01 16:12:58,2026-04-01,2026-04-01 03:12:58 UTC,Wellington,2026-04-01 03:36:46 UTC,2026-04-01 03:37:02 UTC,needs_id,"",0,0,false,"Auckland High Court, Auckland CBD, Auckland 1010, New Zealand",-36.8489482,174.7701691997,,,,,,false,gps,gps,Black Maire,Nestegis cunninghamii,Black Maire,Plantae,366622
346515425,72a20a7d-7ee5-49df-a149-50653d74be3d,2026-03-24 12:25:17,2026-03-24,2026-03-23 23:25:17 UTC,Wellington,2026-04-01 03:37:57 UTC,2026-04-01 03:56:28 UTC,research,"",1,0,false,"Auckland CBD, Auckland 1010, New Zealand",-36.849249,174.771058,,,,,,false,gps,gps,Mexican orange,Choisya ternata,Mexican orange,Plantae,287309
346684731,fc6068df-2ba5-4844-8045-bd3a36846632,2026-04-02 12:41:02+13:00,2026-04-02,2026-04-01 23:41:02 UTC,Wellington,2026-04-01 23:41:38 UTC,2026-04-01 23:41:47 UTC,needs_id,"",0,0,false,"University of Auckland - City Campus, 奥克兰, 奥克兰, NZ",-36.8495533333,174.7702033333,14,,,14,,false,,,"",Strobilanthes,Coneflowers,Plantae,243721
346684916,722e16a3-120e-425b-9d75-4473fddb2c23,2026-04-02 12:42:21+13:00,2026-04-02,2026-04-01 23:42:21 UTC,Wellington,2026-04-01 23:42:52 UTC,2026-04-01 23:42:58 UTC,needs_id,"",0,0,false,"University of Auckland - City Campus, 奥克兰, 奥克兰, NZ",-36.8495686002,174.7702539793,12,,,12,,false,,,"",Salvia involucrata,roseleaf sage,Plantae,286972
346685031,cf2acabc-78a4-4304-884b-6a85370d3ffe,2026-04-02 12:43:09+13:00,2026-04-02,2026-04-01 23:43:09 UTC,Wellington,2026-04-01 23:43:42 UTC,2026-04-13 00:10:33 UTC,needs_id,"",1,0,false,"University of Auckland - City Campus, 奥克兰, 奥克兰, NZ",-36.8497146595,174.7701765863,9,,,9,,false,,,菊科,Asteraceae,daisy family,Plantae,47604
349384078,c2eb4074-c2af-4a38-99f5-b5f9ca9dc9ee,2026-04-13 10:52:27,2026-04-13,2026-04-12 22:52:27 UTC,Wellington,2026-04-12 22:54:00 UTC,2026-04-13 22:26:39 UTC,needs_id,"",0,0,false,"Auckland CBD, Auckland 1010, New Zealand",-36.84970776,174.77134261,8,,,8,,false,,,black nightshade,Solanum nigrum,black nightshade,Plantae,79141
349384640,c6acd5e2-1b82-4594-85bc-e67a0d0629ee,2026-04-13 10:55:17,2026-04-13,2026-04-12 22:55:17 UTC,Wellington,2026-04-12 22:56:32 UTC,2026-04-13 08:18:56 UTC,research,"",1,0,false,"Auckland CBD, Auckland 1010, New Zealand",-36.84975803,174.77130167,6,,,6,,false,,,Onehunga weed,Soliva sessilis,Onehunga weed,Plantae,60150
349400606,e060700c-4b0c-4697-9e25-1034ad4f7063,2026-04-13 12:09:01+12:00,2026-04-13,2026-04-13 00:09:01 UTC,Wellington,2026-04-13 00:10:06 UTC,2026-04-15 05:11:33 UTC,needs_id,"",1,0,false,"University of Auckland - City Campus, 奥克兰, 奥克兰, NZ",-36.8495833333,174.7703383333,3,,,3,,false,,,木兰属,Magnolia,magnolias,Plantae,82096
349645014,1a14a2ba-232e-489a-b888-1dd79898fcf2,,,,Wellington,2026-04-13 23:22:52 UTC,2026-04-19 05:05:00 UTC,casual,"",3,0,false,"Auckland CBD, Auckland 1010, New Zealand",-36.8499013411,174.7710764408,44,,,44,,false,gps,gps,Stinking iris,Iris foetidissima,Stinking iris,Plantae,64331
351836916,f4229958-562f-4875-a01d-18736d937ed0,2026-04-22 10:12:29,2026-04-22,2026-04-21 22:12:29 UTC,Wellington,2026-04-21 22:20:02 UTC,2026-04-21 23:09:31 UTC,research,"",1,0,false,"Symonds St, Auckland, Auckland, NZ",-36.850229411,174.7717017537,9,,,9,,false,,,mock strawberry,Potentilla indica,mock strawberry,Plantae,243824
352134093,f5a441af-9b8d-4eaf-9852-8a0a90321e54,2026-04-23 12:30:05+12:00,2026-04-23,2026-04-23 00:30:05 UTC,Wellington,2026-04-23 00:31:24 UTC,2026-04-23 00:31:31 UTC,needs_id,"",0,0,false,"University of Auckland - City Campus, 奥克兰, 奥克兰, NZ",-36.84948,174.770325,3,,,3,,false,,,"",Strobilanthes,Coneflowers,Plantae,243721
